time_bin,customer_id,product_id
1,558,52
1,781,27
1,788,46
1,683,23
2,99,34
2,664,32
1,316,49
0,38,60
2,370,51
1,180,49
1,35,35
0,595,47
1,500,25
1,128,23
1,599,48
1,152,53
1,65,40
1,90,37
2,82,60
1,174,53
1,116,41
0,189,38
1,131,40
0,264,40
1,722,38
1,302,50
1,174,59
1,604,28
1,32,34
1,32,77
2,470,55
1,127,54
2,553,47
1,518,45
1,112,41
1,112,79
1,437,37
1,552,50
1,194,43
1,788,38
1,533,40
1,521,28
1,512,41
2,178,23
1,416,32
0,22,52
2,642,61
0,189,58
1,223,42
2,40,53
0,344,49
1,401,42
0,189,31
1,517,43
1,328,39
1,328,79
1,331,48
2,414,55
2,567,48
2,526,22
1,659,52
2,492,25
2,655,39
1,500,41
1,530,41
1,530,76
1,114,38
2,301,51
1,602,54
0,565,31
1,335,29
1,52,25
2,216,33
2,216,79
1,550,47
2,481,26
1,516,22
1,508,31
1,508,76
2,717,34
1,641,26
1,525,46
2,384,22
1,784,47
1,383,26
1,659,50
1,235,30
1,319,49
1,647,34
2,320,35
1,326,56
2,122,41
2,453,59
1,185,26
2,393,55
1,392,47
1,392,74
2,241,35
2,777,24
1,407,52
1,659,39
1,288,35
1,288,79
2,15,26
0,486,59
1,206,43
1,206,71
1,315,25
1,197,55
2,329,36
2,184,55
2,474,22
1,706,38
1,384,29
2,537,52
2,128,27
0,349,22
1,245,25
2,244,32
1,65,56
1,616,43
0,284,51
1,384,60
1,269,55
1,269,71
0,736,54
1,385,52
1,25,26
1,200,28
1,450,36
1,644,51
2,482,59
1,83,41
0,199,23
0,199,69
1,425,22
1,222,43
0,776,51
0,190,30
2,729,25
2,729,77
1,749,59
2,281,54
2,362,55
1,271,57
1,271,70
0,289,59
1,124,36
0,693,37
1,602,25
1,602,77
2,376,60
1,251,60
1,459,38
1,120,44
2,136,60
1,596,58
2,393,55
1,126,51
1,162,34
1,230,56
2,290,25
1,119,22
1,332,58
1,138,35
1,361,55
1,488,42
1,222,60
2,141,53
2,505,41
1,139,53
1,473,26
2,329,44
0,600,49
1,796,26
1,52,37
2,702,28
2,466,51
2,466,74
2,24,47
0,456,52
2,406,55
1,637,24
1,209,27
1,209,74
1,438,35
1,536,36
2,550,46
2,550,78
1,548,45
1,548,70
1,662,34
1,662,71
1,341,29
1,341,71
1,685,58
2,631,27
2,675,54
0,773,56
1,740,57
1,743,57
1,296,44
2,63,50
2,63,69
1,563,47
1,424,61
1,382,23
1,608,54
2,497,53
1,313,43
1,81,53
1,384,37
1,398,43
1,44,39
1,732,23
1,430,29
1,601,23
0,7,52
0,318,54
2,467,47
1,434,58
1,781,43
2,316,41
2,399,33
2,403,29
1,685,48
1,409,44
1,409,78
1,557,38
1,231,29
0,571,40
1,235,41
1,226,50
1,745,34
1,355,27
1,177,54
1,379,59
0,654,55
1,428,59
1,402,37
2,179,58
1,536,38
1,299,26
1,184,32
1,328,42
1,574,36
1,337,42
1,5,53
1,669,56
1,669,70
2,80,53
1,490,37
1,490,69
1,567,38
0,222,36
1,408,38
1,85,28
1,540,29
1,55,40
1,55,71
1,2,46
1,2,75
2,135,51
1,227,56
1,305,40
1,453,29
0,146,45
0,146,74
1,646,30
1,770,49
1,97,34
1,434,33
1,434,75
1,181,35
1,247,61
1,3,31
1,606,41
1,603,59
1,603,70
1,428,44
1,428,77
0,447,31
1,730,32
1,672,57
1,189,28
2,169,32
2,169,79
2,18,22
1,646,31
1,477,44
1,377,36
2,258,61
1,8,33
1,404,56
1,369,34
0,580,38
0,580,75
1,429,33
1,11,48
1,365,29
1,365,73
1,51,58
1,373,50
1,725,39
2,656,60
1,677,47
1,441,52
1,441,79
1,101,26
0,212,52
1,199,24
1,230,54
1,230,76
0,534,61
1,231,59
2,448,35
0,391,52
2,168,51
1,447,52
1,447,75
1,25,61
1,25,77
2,90,59
1,677,58
2,70,61
1,581,30
1,398,41
1,459,27
1,744,44
2,795,57
2,265,35
1,72,22
2,133,48
2,133,70
1,710,45
2,448,51
2,448,70
2,414,40
2,414,78
1,65,39
2,396,24
1,252,23
1,573,42
1,573,79
1,558,29
2,601,36
0,599,60
1,259,48
0,686,57
1,574,37
1,44,27
1,44,70
1,117,54
1,117,69
1,230,61
1,230,72
1,364,43
1,364,78
1,218,24
2,578,34
2,210,28
2,210,78
1,576,23
1,252,36
0,335,46
2,541,27
1,536,44
1,569,42
1,418,47
1,418,69
0,111,52
1,659,61
2,47,35
2,47,78
1,744,24
1,744,71
1,536,33
1,247,28
1,707,38
1,167,35
1,119,49
1,98,47
1,785,55
1,181,42
1,779,39
1,779,73
2,329,39
0,607,43
1,692,49
1,246,23
1,541,35
2,60,60
2,60,69
2,697,52
2,678,22
1,753,58
1,753,69
0,42,40
2,117,46
1,323,37
1,645,28
0,441,32
0,507,26
1,174,55
1,174,76
1,651,33
2,305,44
0,53,32
1,711,46
1,320,42
1,161,58
1,352,28
2,651,56
0,480,22
1,554,34
1,108,35
1,473,43
1,790,38
2,548,56
1,737,50
1,737,75
2,631,59
1,121,32
2,195,33
1,632,27
2,40,56
1,280,42
1,240,26
1,240,74
0,248,33
1,767,24
2,696,30
2,781,35
1,48,55
1,652,59
1,687,58
2,760,38
1,69,28
1,69,71
2,347,42
1,226,57
1,226,77
1,674,35
1,778,33
2,104,28
1,213,36
1,213,71
2,444,30
2,444,79
1,602,55
1,430,30
1,430,76
2,430,49
1,531,22
1,364,32
1,117,59
2,94,40
0,526,24
1,12,37
1,12,75
0,257,50
0,257,79
2,414,38
2,753,61
2,753,78
1,647,57
2,399,54
1,73,38
2,547,60
2,76,43
1,729,31
2,524,40
1,453,51
1,650,31
1,43,36
1,387,52
1,689,37
0,188,49
0,393,42
0,393,78
1,150,44
2,676,52
1,586,46
1,564,36
1,564,53
1,674,43
1,484,29
2,373,24
1,778,50
1,725,48
1,794,44
2,300,32
1,391,49
1,763,48
2,373,26
1,197,37
1,531,52
0,794,57
1,377,60
1,558,48
1,613,51
2,7,40
1,783,54
1,774,58
0,186,54
0,172,47
0,172,79
1,378,31
1,378,73
1,384,24
1,338,54
2,634,24
1,64,61
1,378,46
0,694,25
2,476,26
1,727,36
1,240,47
1,240,69
1,187,35
1,187,70
1,446,54
1,574,52
1,340,31
1,382,33
2,626,29
1,346,29
2,448,37
1,2,39
2,201,22
1,643,22
0,688,58
0,783,56
1,261,28
1,261,70
1,162,36
1,157,57
1,549,35
1,549,72
2,323,60
1,715,37
0,369,55
1,335,23
1,395,42
1,122,44
2,133,37
2,133,69
1,637,43
2,251,54
1,135,32
0,402,22
1,246,41
1,89,46
1,667,56
1,392,46
2,751,39
0,639,30
1,622,46
1,731,53
1,8,35
1,8,75
2,500,25
2,75,22
1,186,35
1,340,34
1,340,74
1,95,54
1,68,29
1,539,57
1,539,77
1,247,55
0,549,26
2,626,51
1,446,35
1,446,73
1,663,50
1,617,43
1,774,52
1,774,69
1,90,60
0,244,45
1,745,32
1,383,31
2,475,33
1,5288,50
0,5910,50
1,5154,45
0,5924,26
0,5528,60
1,5432,30
1,5796,37
0,5581,40
0,5066,23
2,5904,22
2,5904,77
0,5930,39
0,5782,24
0,5597,48
1,5342,38
0,5391,55
0,5598,38
0,5598,75
0,5020,34
0,5806,56
1,5087,35
1,5576,42
0,5789,51
0,5789,72
0,5712,59
1,5421,40
1,5055,28
1,5333,34
1,5388,42
0,5020,26
0,5020,72
0,5401,45
0,5401,71
1,5695,45
1,5815,40
1,5815,75
1,5923,41
1,5923,69
1,5294,39
1,5413,44
2,5284,23
1,5873,37
1,5873,70
2,5153,54
0,5577,32
0,5479,57
0,5479,77
1,5502,44
1,5502,72
1,5021,59
0,5803,22
0,5418,56
0,5418,77
1,5685,25
1,5790,60
0,5131,57
0,5317,26
0,5044,36
0,5044,76
1,5234,50
0,5291,24
0,5291,72
1,5060,25
0,5543,22
1,5673,37
1,5860,46
0,5259,38
1,5103,43
1,5847,38
0,5710,48
0,5136,36
0,5136,77
1,5198,35
0,5658,22
0,5932,61
0,5895,57
1,5830,25
1,5830,69
1,5493,27
0,5888,45
0,5180,87
0,5078,31
1,5111,57
0,5412,59
0,5055,50
0,5510,32
1,5287,52
1,5512,33
1,5836,33
0,5134,40
0,5891,59
1,5727,30
1,5743,33
0,5663,53
1,5292,54
0,5230,38
1,5492,25
1,5904,46
1,5590,56
1,5624,28
1,5624,74
0,5656,41
0,5373,56
1,5421,33
0,5272,61
2,5821,52
2,5821,76
1,5464,54
0,5531,36
1,5209,34
1,5854,45
1,5564,23
0,5614,45
0,5921,54
1,5295,33
0,5233,38
0,5233,76
1,5033,27
1,5033,71
1,5111,35
1,5675,61
1,5503,46
1,5503,69
0,5142,53
1,5644,40
1,5500,47
0,5056,36
0,5385,25
0,5765,37
1,5636,38
1,5737,39
0,5384,35
0,5384,70
0,5680,87
0,5680,70
0,5806,22
0,5806,77
2,5179,39
0,5515,47
1,5805,25
1,5453,33
1,5685,27
1,5685,69
0,5716,46
1,5618,34
0,5923,46
0,5105,39
1,5325,29
1,5325,70
1,5656,32
1,5681,23
1,5806,49
0,5392,59
1,5649,42
0,5282,50
1,5130,44
1,5055,33
0,5593,50
1,5051,53
1,5651,41
1,5539,23
0,5164,47
1,5463,51
2,5077,37
2,5595,52
1,5453,24
1,5324,25
0,5746,47
1,5899,58
1,5221,31
1,5780,24
1,5777,53
1,5777,73
1,5581,43
1,5581,72
0,5750,47
0,5096,23
0,5376,34
0,5138,45
0,5138,79
0,5224,44
0,5806,61
0,5890,32
0,5890,73
0,5559,47
0,5559,75
2,5616,27
0,5227,34
0,5305,44
0,5333,37
1,5520,57
1,5142,31
1,5735,32
1,5735,78
0,5175,47
0,5035,49
0,5477,47
0,5477,79
1,5748,30
0,5181,37
0,5181,79
1,5499,26
0,5044,51
1,5664,30
1,5553,56
1,5553,75
1,5891,23
0,5013,41
0,5013,74
1,5137,49
2,5599,37
1,5597,60
1,5846,24
1,5846,75
1,5763,22
0,5063,59
0,5073,61
0,5720,54
0,5929,23
0,5439,39
0,5439,77
1,5018,52
1,5911,43
0,5676,22
1,5504,57
0,5878,54
0,5651,45
0,5566,60
0,5566,70
0,5792,44
0,5618,87
0,5073,58
0,5073,74
2,5021,53
1,5608,34
1,5608,75
1,5807,57
1,5807,75
1,5127,41
1,5127,77
0,5015,34
0,5197,22
0,5079,58
0,5480,51
1,5222,32
1,5272,55
0,5895,24
0,5895,77
0,5652,45
1,5497,33
1,5116,27
0,5583,49
1,5049,51
1,5208,41
1,5823,32
1,5612,22
0,5162,33
1,5844,41
1,5619,24
1,5140,51
0,5674,54
1,5399,44
1,5399,69
0,5465,32
1,5931,37
0,5511,34
0,5687,61
1,5107,44
0,5154,51
0,5252,26
0,5252,69
1,5176,31
1,5176,76
1,5456,49
1,5456,77
0,5608,42
1,5610,61
0,5863,36
1,5257,60
0,5705,52
0,5907,50
0,5647,25
2,5190,49
0,5538,47
1,5388,61
1,5243,52
1,5243,72
0,5491,57
0,5050,45
0,5140,44
0,5721,27
1,5430,87
1,5430,73
1,5463,61
1,5469,29
0,5582,54
0,5582,75
1,5876,45
0,5361,55
1,5038,24
0,5184,25
1,5047,25
0,5528,60
1,5355,39
0,5144,26
0,5825,26
0,5403,56
1,5607,34
1,5607,78
1,5703,52
1,5542,57
1,5542,73
0,5546,57
0,5546,71
2,5934,33
0,5602,44
1,5328,56
0,5732,26
0,5247,22
1,5355,30
1,5872,46
0,5303,55
0,5545,39
0,5285,50
1,5907,29
1,5907,76
0,5071,26
0,5071,71
1,5747,59
0,5394,61
0,5388,54
1,5509,39
1,5754,38
0,5630,61
0,5439,41
1,5938,25
1,5303,43
1,5712,61
1,5712,72
0,5237,48
0,5237,76
0,5619,25
0,5291,32
0,5226,60
0,5226,71
1,5283,46
0,5290,56
0,5290,69
1,5008,27
0,5694,33
1,5744,39
1,5744,72
1,5215,48
1,5457,54
1,5889,26
1,5889,72
0,5103,46
1,5907,59
0,5415,37
0,5415,69
1,5353,61
1,5353,78
1,5485,59
1,5457,34
1,5919,87
0,5419,23
0,5115,22
0,5266,27
0,5266,74
0,5231,39
0,5453,36
1,5158,60
0,5539,38
0,5178,27
1,5102,60
0,5822,40
2,5577,54
0,5926,34
1,5911,56
1,5245,36
1,5462,26
1,5798,39
1,5212,57
1,5335,29
0,5301,54
0,5735,51
0,5514,53
0,5343,38
0,5902,43
1,5695,47
1,5691,39
1,5691,69
1,5002,26
0,5543,25
1,5567,59
1,5630,45
1,5451,43
1,5940,38
1,5303,23
0,5630,61
1,5473,44
1,5473,79
2,5273,57
2,5273,75
1,5866,44
1,5900,54
1,5900,79
0,5561,43
2,5726,31
0,5193,35
0,5193,79
0,5158,24
0,5726,46
0,5398,47
1,5042,34
1,5042,69
1,5890,39
1,5558,40
1,5558,72
1,5208,46
1,5208,75
1,5262,57
0,5827,25
0,5601,54
1,5921,52
1,5321,36
1,5321,71
0,5915,55
1,5257,23
0,5195,28
1,5365,61
1,5386,25
1,5925,27
1,5925,71
0,5644,22
0,5644,70
0,5794,45
0,5794,72
1,5575,44
1,5006,42
0,5257,37
1,5246,87
0,5550,33
1,5402,30
1,5342,50
1,5817,54
1,5403,47
1,5403,78
0,5346,57
0,5340,59
0,5278,58
0,5627,22
0,5162,40
1,5808,49
1,5808,78
0,5610,23
0,5876,52
0,5881,43
0,5676,31
1,5880,23
0,5691,43
0,5691,76
0,5055,60
0,5055,77
1,5756,24
1,5447,44
1,5116,23
0,5445,60
0,5445,78
0,5061,48
0,5896,29
1,5509,34
1,5373,54
0,5672,32
0,5672,71
1,5106,46
1,5424,36
1,5748,29
1,5893,53
1,5893,71
0,5141,34
0,5144,34
1,5199,38
0,5743,56
0,5743,74
1,5236,39
0,5916,32
0,5489,58
1,5888,87
0,5029,43
0,5607,41
1,5427,28
1,5354,33
0,5508,47
0,5901,56
0,5047,40
0,5047,79
1,5617,37
1,5480,31
0,5384,25
0,5163,30
0,5515,37
1,5811,42
0,5394,51
2,5584,32
1,5864,59
1,5824,58
0,5221,33
0,5635,53
0,5873,43
1,5693,87
1,5693,77
0,5485,54
1,5786,33
0,5136,37
0,8434,42
0,8448,57
0,8448,69
0,8398,54
0,8489,54
0,8291,47
1,8176,42
1,8440,46
0,8373,30
0,8373,74
0,8293,61
2,8412,46
0,8445,56
0,8330,26
0,8471,22
1,8384,39
1,8455,26
1,8019,36
1,8459,58
1,8446,87
1,8446,78
0,8386,32
0,8065,39
2,8406,57
2,8172,43
1,8006,22
1,8006,73
1,8410,28
1,8296,28
0,8176,24
2,8463,40
2,8463,74
1,8017,30
2,8154,33
0,8126,87
0,8353,45
1,8341,58
0,8118,23
1,8358,37
1,8358,70
1,8037,50
2,8126,34
1,8378,25
0,8236,53
0,8289,33
2,8191,36
1,8255,36
1,8255,76
1,8254,34
2,8304,27
0,8050,40
1,8407,33
0,8267,36
0,8267,74
1,8202,40
2,8098,45
1,8131,48
1,8221,26
2,8197,45
1,8307,43
0,8042,58
1,8045,47
1,8045,74
1,8377,30
1,8088,22
1,8463,53
1,8047,22
1,8499,61
0,8366,41
1,8142,39
1,8188,41
1,8390,24
1,8390,75
0,8234,33
1,8017,42
2,8282,22
1,8263,24
0,8333,37
0,8333,69
1,8147,29
1,8210,60
1,8129,23
1,8333,44
2,8355,24
2,8033,43
1,8162,33
0,8381,31
2,8496,60
0,8266,36
1,8165,39
1,8361,43
0,8488,23
0,8488,73
2,8384,44
1,8187,42
0,8007,54
0,8086,61
2,8494,28
0,8267,57
1,8478,58
2,8112,54
1,8192,57
0,8057,44
0,8057,74
0,8458,57
1,8395,42
1,8280,60
0,8144,31
1,8303,53
1,8303,75
0,8436,45
2,8099,38
2,8099,73
1,8126,30
1,8042,87
0,8485,36
0,8189,33
0,8350,32
1,8324,29
0,8204,27
2,8167,57
1,8065,48
1,8117,23
0,8036,51
0,8490,23
0,8140,49
1,8467,40
0,8413,30
2,8133,40
2,8009,28
2,8009,71
1,8008,45
1,8480,31
1,8288,29
1,8423,37
0,8080,47
1,8040,22
1,8035,24
1,8035,71
1,8243,32
0,8278,40
0,8446,34
2,8306,23
1,8397,59
1,8397,71
0,8377,50
1,8021,56
0,8310,40
0,8310,72
1,8180,29
1,8180,76
2,8251,53
2,8449,26
0,8003,40
1,8467,40
1,8283,31
1,8034,50
0,8130,38
2,8338,45
1,8262,27
0,8355,54
2,8226,32
1,8072,38
1,8418,36
1,8371,24
0,8397,57
1,8426,48
1,8426,73
0,8410,40
0,8457,50
0,8209,51
1,8221,30
1,8142,40
1,8300,27
1,8176,36
2,8390,24
1,8094,28
0,8075,47
1,8410,52
1,8404,49
1,8297,29
1,8039,26
0,8247,35
1,8480,58
1,8285,24
0,8490,33
1,8369,38
1,8429,35
2,8335,36
2,8335,69
1,8298,52
1,8025,54
0,8424,25
0,8324,24
1,8008,58
1,8245,35
1,8144,47
1,8144,78
1,8445,24
1,8445,71
0,8383,58
1,8434,22
0,8267,35
0,8267,78
1,8346,58
2,8223,42
2,8049,55
1,8394,51
1,8022,48
1,8467,57
2,8103,22
1,8037,57
2,8179,32
2,8179,73
1,8118,39
1,8194,59
1,8042,27
0,8489,57
0,8227,47
1,8091,50
0,8411,26
0,8406,39
0,8190,59
0,8190,76
1,8013,38
0,8146,41
0,8024,45
1,8367,47
1,8078,32
1,8378,54
2,8426,56
2,8337,49
1,8270,49
1,8046,30
1,8254,46
1,8254,77
1,8395,29
1,8340,40
0,8458,47
0,8121,55
1,8471,55
1,8471,76
2,8271,87
1,8397,54
2,8346,36
1,8259,53
0,8399,52
2,8160,43
1,8169,33
1,8435,22
1,8435,69
2,8393,38
0,8480,42
1,8348,42
1,8252,59
1,8109,26
1,8020,32
2,8213,61
1,8484,60
2,8479,33
0,8481,34
2,8076,28
2,8076,71
2,8011,28
0,8073,61
1,8164,31
1,8412,47
1,8291,30
1,8023,44
1,8159,47
0,8480,50
0,8473,55
1,8109,56
1,8223,50
0,8197,59
0,8140,33
0,8443,36
2,8184,53
0,8168,22
1,8411,40
1,8119,87
0,8081,29
0,8081,77
0,8030,30
0,8291,27
0,8291,71
1,8422,32
1,8229,48
0,8001,54
0,8131,57
0,8131,74
1,8425,29
1,8425,71
0,8007,45
1,8490,58
0,8392,59
1,8066,49
1,8066,74
2,8062,49
1,8286,60
1,8286,73
0,8012,54
0,8376,61
1,8373,45
0,8409,58
0,8195,35
1,8118,60
2,8420,45
1,8279,55
1,8200,58
0,8225,49
2,8109,27
0,8159,35
1,8025,51
2,8140,59
1,8192,87
1,8218,46
1,8218,74
1,8343,25
2,8154,49
1,8444,39
1,8444,76
1,8109,34
1,8418,44
2,8486,34
1,8450,49
0,8443,61
0,8326,28
0,8347,42
2,8152,46
2,8152,77
2,8397,39
2,8397,73
0,8003,48
1,8343,54
0,8146,53
1,8301,33
1,8388,55
1,8388,71
0,8159,40
1,8359,61
2,8089,43
0,8314,46
1,8406,32
1,8406,78
0,8418,44
2,8061,40
1,8306,32
1,8437,31
1,8440,53
1,8440,76
0,8298,54
1,8316,35
1,8316,73
1,8005,60
1,8384,35
2,8228,44
0,8322,52
0,8322,72
1,8466,50
2,8018,56
1,8191,27
0,8170,24
0,8307,27
0,8282,56
0,8059,60
1,8486,46
0,8318,53
1,8404,54
0,8043,28
1,8118,35
1,8118,76
2,8038,45
2,8038,76
1,8412,54
2,8032,23
2,8317,37
1,8066,87
1,8147,24
1,8062,22
1,8447,35
1,8296,53
1,8112,26
1,8343,50
1,8446,42
2,8426,87
2,8426,74
1,8455,56
0,8219,32
0,8139,42
0,8074,38
1,8001,26
1,8260,27
2,8304,61
1,8358,52
1,8358,78
1,8097,55
1,8097,75
1,8108,38
0,8304,48
1,8188,42
2,8190,55
1,8166,45
0,8109,53
1,8428,49
1,8251,60
1,8202,39
1,8029,59
1,8154,87
0,8011,60
0,8011,73
0,8455,25
1,8079,33
1,8351,51
1,8108,24
0,8207,45
1,8052,33
2,8256,45
2,8489,23
2,8481,50
2,8020,38
2,8364,38
1,8098,42
1,8154,87
1,8482,43
1,8204,38
0,8398,23
0,8061,40
2,8461,26
1,8297,39
1,8177,61
0,8445,41
1,8465,56
1,8360,29
1,8180,25
0,8080,34
1,8121,47
1,8024,49
1,8257,57
1,8122,59
1,8188,35
1,8329,56
0,8023,56
1,8417,30
0,8036,60
0,8036,77
2,8416,47
1,8333,49
1,8295,53
1,8406,27
0,8382,50
0,8325,23
0,8446,24
2,8329,30
2,8329,76
2,8367,22
2,8260,41
0,8032,24
2,8026,43
1,8373,55
1,8279,34
1,8053,46
1,8053,71
2,8041,29
2,8041,75
1,8032,42
1,8279,61
0,8359,44
1,8208,61
1,8079,60
0,8400,38
1,8211,51
1,8211,78
0,8192,41
2,8272,23
0,8448,46
0,8397,39
0,8397,75
0,8242,52
0,8066,59
1,8202,34
1,8202,73
1,8356,37
0,8183,41
1,8460,60
1,8460,70
0,8028,30
2,8266,87
1,8166,31
0,8397,48
1,8257,32
1,8163,44
0,8164,40
2,8172,50
1,8451,60
1,8066,24
0,8029,56
1,8169,38
0,8150,49
1,8003,28
1,8140,34
1,8140,77
1,8262,25
1,8262,72
1,8152,30
0,8319,39
1,8285,57
1,8191,49
0,8264,23
1,8321,42
1,8321,71
1,8269,29
2,8408,41
1,8464,29
0,8219,54
0,8219,72
1,8272,49
1,8272,78
1,8365,36
1,8449,50
1,8246,54
2,8344,26
2,8393,35
1,8417,55
2,8402,49
2,8231,59
0,8173,33
0,8113,51
0,8257,60
0,8303,47
0,8180,61
1,8096,47
0,8131,54
2,8245,35
2,8255,37
1,8432,26
0,8348,45
1,8024,49
2,8357,35
2,8068,51
1,8419,32
1,8393,45
1,8204,51
1,8458,30
0,8181,29
1,8360,56
0,8467,40
2,8022,36
0,8501,47
1,8251,30
0,8483,33
2,8116,30
1,8056,22
1,8039,58
1,8183,25
2,209,24
1,239,45
1,668,37
2,352,51
1,603,43
1,237,46
2,28,39
1,463,26
1,463,70
1,756,48
0,787,52
1,273,42
2,715,61
1,19,61
1,19,74
1,322,40
1,558,60
1,676,56
1,183,27
0,206,49
0,206,79
1,152,51
1,152,79
2,112,46
1,788,51
1,692,32
1,791,56
1,166,23
1,16,29
1,16,73
1,692,23
1,436,61
1,2,56
1,534,29
1,615,32
1,675,60
1,603,61
1,603,75
2,684,25
1,118,53
1,171,40
1,125,39
1,796,45
2,96,34
2,96,79
2,696,38
1,300,37
1,224,59
0,772,26
1,735,61
0,544,45
1,622,23
2,737,60
1,461,47
1,437,56
1,292,46
1,309,50
2,652,54
2,686,36
0,794,61
2,589,45
1,685,39
2,631,36
2,287,22
2,287,74
1,480,50
1,480,74
2,437,49
1,75,48
1,47,47
2,3,44
2,3,71
1,109,53
1,109,76
1,613,53
1,349,38
1,679,25
1,26,43
1,26,78
1,481,50
1,418,24
1,596,53
2,151,37
2,722,22
2,338,41
0,618,22
1,155,23
1,456,23
2,57,40
1,41,44
2,730,28
1,612,61
1,612,69
1,257,46
2,94,45
0,156,22
1,128,26
1,26,51
1,275,55
2,43,46
1,504,50
2,554,52
2,554,72
1,86,51
1,777,52
1,341,38
1,157,49
1,539,37
2,712,33
1,552,32
1,134,40
1,134,73
1,179,45
1,446,32
1,258,40
1,24,32
1,543,53
1,68,27
2,598,38
1,66,61
1,300,43
1,253,36
1,253,77
2,238,56
1,663,60
1,663,75
1,672,57
1,331,59
1,316,55
2,286,34
2,655,30
2,155,22
2,655,22
2,90,47
1,301,60
1,320,43
2,196,26
1,300,35
1,534,58
1,534,72
1,315,52
1,753,40
1,753,77
1,146,30
1,610,35
2,263,37
0,546,53
1,133,45
1,311,29
0,603,36
1,16,37
2,311,50
2,311,75
1,687,55
1,743,61
1,673,51
1,46,29
1,617,44
1,697,51
2,115,51
1,778,50
2,536,59
2,371,30
2,371,70
1,122,29
2,733,29
0,84,40
1,48,23
0,167,59
1,758,30
2,149,47
1,137,51
1,137,73
1,703,39
1,141,26
2,106,52
2,106,78
2,261,45
2,261,70
1,548,43
1,548,73
1,793,25
1,24,23
1,465,47
1,465,69
1,705,30
1,525,52
1,99,40
2,730,38
2,371,22
1,209,29
1,517,22
0,407,28
1,420,49
0,321,26
0,321,77
1,6,51
0,324,29
1,613,52
1,403,33
0,125,28
1,81,57
1,373,37
1,263,47
1,706,59
1,784,47
1,678,24
1,276,46
2,464,47
2,640,29
1,458,52
1,299,51
1,399,61
1,420,29
2,241,51
1,331,24
2,594,51
2,594,79
0,321,57
2,184,58
1,464,24
1,319,47
1,319,74
1,137,24
1,137,74
1,209,36
1,270,38
2,376,50
2,376,71
1,728,27
1,728,74
2,58,25
2,58,71
1,573,55
1,27,23
2,474,57
0,684,26
1,150,28
1,144,38
2,795,46
2,795,69
2,330,46
2,330,78
1,316,57
1,241,39
1,446,55
1,277,58
1,101,24
0,325,31
0,325,75
1,145,28
1,221,53
1,702,41
1,580,39
2,402,37
2,223,55
1,218,61
1,218,77
1,192,34
2,675,44
0,169,32
2,372,42
1,659,42
1,669,53
1,669,77
1,772,31
2,13,22
2,708,48
2,94,37
1,398,30
1,398,69
1,138,43
1,243,28
1,329,59
2,168,60
1,99,42
2,745,51
0,441,33
0,441,70
2,158,24
1,438,58
2,417,59
2,71,59
1,175,59
1,133,36
1,400,28
0,761,27
0,726,48
2,652,50
2,652,74
1,53,56
1,773,41
1,695,33
1,695,74
1,339,23
1,410,54
1,410,79
1,38,25
1,211,30
1,517,22
2,695,46
2,695,76
2,410,49
1,324,25
1,324,73
1,413,45
1,452,30
1,46,23
1,267,46
2,142,45
2,142,77
1,605,46
2,361,33
1,456,52
1,456,76
2,599,46
2,694,44
1,713,27
1,713,71
1,687,52
1,517,48
1,730,22
1,730,71
1,449,47
1,449,76
1,63,36
2,160,44
1,374,38
2,205,36
2,205,75
1,189,58
1,339,27
1,219,46
1,528,22
1,641,51
0,328,30
1,335,51
1,335,78
1,503,39
1,503,71
1,605,33
1,800,44
1,800,72
1,382,43
1,382,71
1,556,43
1,350,58
0,360,56
0,360,71
1,570,24
1,735,31
1,439,54
2,608,53
2,608,79
1,142,26
1,734,40
0,16,41
1,712,37
1,712,71
2,305,33
2,614,43
1,493,51
0,426,25
0,426,69
1,144,59
0,736,53
1,503,53
2,203,40
2,203,74
1,740,61
1,633,29
1,728,52
1,763,41
1,638,31
1,113,54
1,113,69
1,568,53
1,630,25
2,719,43
1,767,23
1,327,36
1,88,30
0,73,32
0,73,69
1,716,24
2,209,58
2,209,77
0,576,42
1,500,36
1,589,40
1,647,37
0,608,42
2,168,27
1,9,28
1,692,55
1,185,26
1,288,52
1,661,50
1,661,75
1,734,25
2,170,23
1,320,47
1,320,74
1,262,41
2,162,58
1,444,25
1,444,79
0,189,40
1,204,55
1,74,28
1,74,75
2,249,44
2,249,77
1,264,23
0,581,30
0,629,56
2,31,49
0,417,50
1,308,34
1,74,44
1,1,32
2,69,31
1,495,30
1,422,50
1,299,53
1,8,42
1,469,54
1,469,79
1,666,60
1,700,38
1,647,53
0,367,46
1,535,46
1,515,34
1,515,72
1,594,32
1,264,60
1,264,70
1,687,52
1,658,44
2,53,43
1,656,38
0,516,52
1,447,54
2,589,40
1,623,46
0,66,24
0,605,27
0,605,70
1,740,50
1,166,54
1,176,32
1,573,58
1,202,55
2,26,53
2,670,32
2,670,77
1,683,58
1,304,26
1,304,73
1,242,53
1,242,79
1,625,51
2,490,46
1,367,39
1,107,23
0,627,32
2,655,22
1,652,22
1,515,22
2,157,28
2,157,71
1,338,51
0,620,42
1,598,47
1,764,35
2,719,35
1,548,51
1,229,43
1,434,53
2,35,49
1,711,53
1,711,70
0,620,53
1,146,36
2,4,23
1,264,23
2,312,46
1,482,23
1,114,58
0,645,26
1,162,53
2,269,56
2,526,39
1,615,40
2,648,25
1,709,60
1,275,49
1,61,36
1,2,51
2,550,33
1,630,39
1,173,49
1,476,38
1,662,40
1,781,39
1,28,54
1,28,72
2,463,55
1,481,48
1,280,32
1,665,61
1,231,50
1,245,38
1,556,27
1,556,79
1,589,36
0,763,61
0,763,79
2,307,55
1,498,29
1,320,53
2,725,35
1,442,40
2,401,26
1,757,47
1,753,47
1,753,72
1,782,24
1,461,24
1,313,59
1,327,46
1,664,57
1,259,60
0,343,45
0,343,73
1,396,42
2,133,22
1,269,27
1,148,54
1,727,26
1,781,27
1,283,50
1,371,36
1,180,29
1,180,78
1,43,50
1,726,44
1,429,49
1,120,40
2,65,45
1,28,23
1,126,50
1,215,37
1,440,22
1,6,48
2,217,33
1,592,61
1,173,24
1,259,52
0,745,46
1,660,37
1,294,44
1,319,54
0,306,38
2,458,31
2,458,71
2,195,22
2,195,72
1,129,58
1,129,76
1,435,25
1,435,72
1,397,25
1,232,58
1,681,57
0,607,42
1,697,43
1,775,43
1,775,73
1,770,58
1,625,49
2,547,24
1,38,24
1,252,47
2,732,26
1,338,59
1,338,77
1,590,27
1,590,76
2,624,30
0,147,33
1,361,58
1,282,47
1,727,50
2,769,33
1,565,44
1,565,72
2,114,36
0,238,41
2,530,23
1,166,60
1,166,73
2,400,37
0,5233,47
0,5233,69
1,5806,51
1,5806,75
0,5699,42
0,5088,31
0,5088,78
1,5072,32
0,5761,24
0,5017,56
1,5136,35
1,5013,28
0,5123,87
0,5089,48
1,5309,37
1,5853,27
1,5015,42
1,5152,38
1,5152,72
1,5507,22
1,5507,55
0,5257,61
1,5160,44
1,5160,69
0,5571,25
0,5465,43
0,5544,44
1,5011,87
0,5349,54
1,5141,29
1,5141,79
0,5264,24
0,5191,33
0,5415,28
0,5275,45
0,5454,60
0,5454,71
0,5858,61
1,5562,40
1,5562,70
1,5164,33
0,5216,37
1,5556,26
1,5792,44
0,5040,59
0,5167,53
1,5910,39
0,5195,44
0,5774,44
1,5656,24
0,5751,38
0,5751,77
1,5065,48
2,5458,52
2,5458,70
1,5176,29
1,5176,72
1,5419,51
0,5456,26
1,5193,47
0,5903,44
0,5903,71
0,5864,60
1,5922,47
1,5922,75
0,5036,24
1,5358,47
1,5732,57
1,5732,75
1,5400,60
1,5811,36
1,5310,46
1,5424,40
1,5037,34
1,5229,57
1,5227,25
1,5294,33
1,5294,69
1,5084,43
1,5895,30
1,5071,58
1,5613,53
2,5249,33
2,5249,73
1,5654,26
0,5364,23
1,5406,44
1,5299,32
1,5665,57
0,5258,51
0,5475,58
0,5156,53
1,5065,56
1,5065,75
0,5111,31
1,5033,51
0,5665,34
0,5938,36
0,5845,30
0,5845,70
1,5703,30
1,5703,78
1,5820,87
1,5870,26
1,5920,57
0,5939,54
2,5695,60
2,5695,73
1,5322,26
0,5282,59
1,5932,32
0,5042,32
2,5818,61
0,5764,52
0,5295,35
0,5699,25
1,5405,59
1,5864,25
1,5864,78
1,5672,29
1,5269,87
0,5633,48
1,5164,50
1,5584,47
1,5584,71
0,5446,33
1,5517,30
0,5245,29
2,5527,55
0,5007,23
1,5372,26
1,5553,34
0,5915,48
0,5229,48
0,5229,76
1,5627,49
1,5873,22
0,5383,48
1,5037,32
1,5037,75
0,5028,47
0,5409,28
1,5291,31
1,5291,74
0,5157,25
1,5403,32
0,5009,53
1,5109,26
1,5109,72
0,5001,25
0,5001,77
1,5318,47
1,5318,74
0,5823,29
1,5646,46
1,5646,76
1,5452,22
1,5923,32
1,5385,59
0,5152,31
1,5478,25
0,5794,33
1,5007,87
1,5555,59
1,5578,50
0,5575,22
0,5161,42
0,5161,74
1,5577,52
0,5022,56
1,5228,28
0,5319,61
0,5443,55
1,5785,48
1,5785,75
1,5386,39
1,5491,27
0,5406,23
0,5861,25
1,5097,40
1,5686,38
1,5598,25
0,5863,27
0,5863,78
0,5033,27
0,5084,55
0,5761,47
1,5677,52
0,5817,55
1,5804,28
1,5083,47
0,5756,41
0,5756,75
1,5476,38
1,5581,56
0,5282,31
0,5282,75
0,5927,27
0,5101,55
1,5405,49
0,5649,54
0,5488,56
0,5106,46
1,5915,28
0,5922,28
0,5313,46
0,5313,69
1,5377,60
0,5533,33
0,5309,28
1,5886,34
0,5821,37
1,5120,58
1,5553,87
1,5896,25
2,5447,31
2,5447,76
0,5441,48
1,5284,32
1,5286,51
1,5286,70
0,5018,30
1,5331,23
1,5331,78
0,5197,46
0,5345,53
0,5653,26
0,5653,79
1,5185,59
1,5185,75
0,5313,48
0,5313,75
1,5460,39
0,5538,28
1,5660,42
1,5129,24
1,5129,70
0,5398,61
0,5398,75
1,5268,51
0,5196,28
1,5326,45
1,5326,69
0,5230,30
1,5628,52
0,5635,22
1,5896,34
0,5366,56
0,5081,29
0,5258,36
1,5116,51
1,5164,46
1,5164,73
1,5653,25
1,5602,33
1,5868,42
1,5025,41
1,5476,54
0,5941,22
0,5941,74
2,5649,52
0,5832,53
1,5531,57
1,5531,79
0,5920,58
1,5040,51
0,5743,47
0,5691,61
1,5148,47
0,5919,46
1,5275,23
0,5632,44
0,5632,71
2,5157,87
1,5252,60
1,5223,51
1,5573,36
1,5585,56
1,5150,42
1,5481,32
0,5451,25
1,5306,23
1,5843,31
0,5677,32
0,5724,58
1,5332,24
0,5929,55
0,5730,51
1,5040,87
1,5818,34
1,5660,43
1,5717,40
1,5045,48
0,5367,26
0,5720,42
1,5018,26
1,5298,57
1,5441,35
1,5926,37
1,5614,40
1,5806,41
1,5321,87
1,5808,31
0,5107,60
0,5382,46
1,5548,42
1,5548,69
0,5412,38
0,5424,34
0,5010,61
1,5906,60
1,5043,31
0,5737,32
1,5484,47
0,5198,28
1,5860,87
1,5228,59
1,5690,87
1,5690,79
1,5301,61
1,5091,22
1,5231,40
0,5896,39
1,5064,57
0,5628,26
2,5725,34
1,5313,52
1,5733,36
0,5618,46
0,5207,42
0,5207,76
1,5451,42
0,5847,52
1,5115,57
1,5378,57
1,5053,49
2,5732,59
2,5732,78
0,5064,33
0,5064,70
1,5234,57
2,5548,60
1,5025,49
1,5025,74
1,5377,87
0,5096,23
0,5816,51
1,5770,25
0,5235,57
1,5769,55
1,5815,44
1,5002,57
0,5820,87
1,5915,32
0,5155,35
0,5885,49
1,5896,26
1,5884,38
1,5137,48
1,5137,79
0,5427,44
0,5263,54
1,5700,56
0,5304,46
1,5232,58
1,5362,41
1,5362,79
1,5513,48
1,5531,48
0,5483,33
0,5430,53
0,5834,43
2,5245,31
1,5048,58
1,5048,77
1,5485,34
1,5683,58
1,5850,27
0,5502,59
1,5909,39
0,5417,41
0,5417,76
2,5790,39
1,5393,55
1,5393,74
1,5479,54
1,5178,24
1,5141,50
1,5141,72
0,5479,57
0,5479,70
0,5105,25
1,5607,39
0,5768,43
0,5768,75
0,5855,41
1,5600,37
0,5320,51
0,5320,69
1,5689,34
1,5437,60
1,5437,78
0,5376,61
0,5931,51
0,5211,50
0,5126,47
0,5126,77
1,5531,34
1,5229,24
1,5447,30
1,5389,47
1,5553,26
1,5553,74
1,5548,45
1,5548,76
1,5195,29
0,5275,26
1,5795,54
1,5277,34
1,5277,77
1,5570,87
1,5570,69
1,5654,28
1,5654,73
1,5615,27
0,5332,55
0,5167,60
0,5485,37
0,5190,32
0,5190,79
1,5583,50
2,5648,61
2,5648,70
1,5831,27
1,5831,74
1,5652,57
1,5225,59
0,5082,22
1,5923,23
1,5186,22
0,5370,37
1,5835,60
1,5835,70
1,5232,55
1,5232,79
0,5644,40
1,5224,46
1,5687,37
0,5125,58
0,5386,26
1,5131,52
1,5408,38
1,5944,52
1,5944,69
1,5033,41
1,5354,56
1,5876,52
1,5103,45
1,5084,42
1,5084,78
0,5392,35
0,5894,51
1,5754,29
1,5754,77
1,5145,55
1,5145,79
1,5500,28
1,5409,60
1,5415,52
1,5144,23
1,5761,60
0,5176,22
0,5035,42
1,5741,41
1,5278,54
0,5652,54
1,5841,38
1,5187,29
1,5176,23
1,8408,25
2,8445,57
2,8445,74
1,8193,27
1,8193,79
0,8413,22
2,8196,57
1,8252,22
1,8252,70
2,8418,26
0,8182,87
0,8216,44
1,8483,23
1,8082,54
1,8480,43
0,8354,50
1,8080,31
0,8406,59
0,8457,56
0,8251,34
0,8286,32
1,8080,43
2,8496,61
1,8142,60
1,8416,25
1,8169,44
0,8279,87
1,8483,48
1,8483,77
2,8480,22
1,8412,44
0,8453,40
1,8305,36
0,8274,50
1,8264,87
0,8258,30
1,8440,32
1,8070,27
1,8070,74
0,8267,54
1,8244,36
1,8244,78
1,8448,25
2,8289,34
1,8377,52
1,8377,78
1,8374,61
1,8170,46
1,8252,54
1,8252,77
0,8095,32
0,8205,45
2,8239,27
0,8469,54
0,8266,26
0,8266,73
1,8290,27
1,8368,47
1,8176,53
1,8217,60
1,8217,78
2,8220,38
1,8054,30
0,8451,61
1,8381,50
1,8231,61
1,8438,52
0,8437,34
1,8406,36
0,8481,43
0,8300,31
1,8368,60
1,8461,47
1,8332,48
1,8212,61
1,8212,79
0,8279,45
0,8279,72
0,8160,55
1,8318,47
1,8013,34
2,8325,59
1,8167,40
1,8167,76
0,8274,48
0,8430,61
0,8294,41
1,8096,33
1,8096,78
0,8206,32
2,8414,33
2,8414,73
0,8308,48
0,8248,51
0,8252,35
0,8449,32
1,8399,35
1,8145,60
1,8145,72
1,8186,54
1,8182,31
1,8380,44
1,8070,33
1,8070,69
0,8216,23
1,8260,87
1,8297,49
2,8134,43
0,8088,40
1,8121,33
0,8281,33
2,8501,61
1,8315,23
1,8104,47
2,8453,55
0,8287,41
1,8381,87
1,8080,46
1,8189,41
1,8225,60
2,8435,40
1,8396,23
1,8396,73
0,8021,29
1,8328,46
1,8378,46
2,8266,55
1,8176,28
1,8129,37
0,8200,25
0,8036,25
0,8036,77
0,8397,44
2,8325,29
2,8325,72
2,8049,58
1,8370,35
1,8485,23
1,8275,87
1,8465,22
1,8465,77
1,8135,25
1,8404,32
2,8486,45
2,8486,71
0,8263,60
0,8263,71
1,8028,60
1,8025,61
0,8215,37
0,8215,78
0,8256,24
1,8118,57
0,8336,22
0,8336,70
1,8086,37
1,8496,52
0,8440,42
1,8070,42
1,8093,54
1,8476,43
0,8448,50
2,8408,32
1,8152,34
1,8050,33
1,8041,31
0,8412,25
0,8463,42
0,8073,47
1,8428,39
1,8176,24
1,8108,57
1,8108,76
2,8325,28
1,8310,44
0,8403,38
2,8200,54
0,8041,61
0,8050,32
0,8226,39
1,8473,42
1,8210,31
1,8384,54
0,8102,59
0,8102,79
2,8383,28
2,8164,26
1,8216,56
0,8469,37
2,8165,50
1,8493,52
2,8019,40
1,8452,39
0,8210,59
0,8432,54
0,8359,51
1,8409,26
1,8409,79
2,8217,43
1,8477,25
1,8218,87
1,8111,53
1,8111,69
0,8469,42
0,8497,43
1,8297,30
0,8248,57
0,8240,30
0,8240,76
0,8074,41
1,8339,31
1,8339,79
1,8094,29
2,8205,32
1,8072,50
1,8196,50
2,8413,56
0,8274,44
1,8003,47
1,8469,31
1,8309,44
0,8035,33
0,8035,79
0,8270,53
1,8381,55
0,8174,61
0,8174,74
2,8119,49
1,8313,45
1,8023,52
0,8279,51
0,8418,54
1,8221,23
0,8107,30
1,8072,47
0,8318,48
1,8066,43
0,8055,56
0,8436,48
0,8301,23
1,8437,39
1,8124,48
2,8063,22
0,8241,47
1,8332,60
1,8347,43
1,8265,34
1,8290,36
0,8279,51
1,8143,87
1,8416,36
2,8499,55
0,8356,61
2,8231,56
1,8189,53
1,8297,53
1,8411,55
1,8411,69
0,8495,33
1,8177,53
0,8074,46
0,8044,23
1,8494,52
1,8010,39
0,8438,27
1,8060,32
0,8350,56
1,8451,32
2,8210,33
2,8243,41
1,8296,22
1,8172,41
1,8489,28
2,8119,49
2,8119,69
0,8356,33
1,8462,59
0,8372,29
1,8067,46
0,8072,43
2,8292,59
1,8456,26
0,8023,24
2,8483,25
1,8451,28
1,8451,77
0,8266,37
2,8015,32
0,8140,37
0,8271,41
1,8218,30
0,8282,25
1,8403,87
1,8087,58
1,8085,52
0,8355,39
2,8097,48
0,8089,50
1,8113,26
1,8029,42
2,8258,53
1,8397,28
2,8447,32
1,8368,38
1,8088,52
1,8487,36
1,8108,58
0,8076,32
1,8424,50
1,8073,25
1,8093,35
0,8019,46
1,8491,24
0,8085,53
1,8438,22
1,8222,55
2,8334,32
2,8334,72
0,8494,28
0,8372,42
1,8254,31
1,8290,52
2,8279,22
2,8279,69
0,8488,40
2,8291,87
2,8015,59
0,8260,39
0,8260,76
1,8246,36
0,8043,44
0,8043,73
1,8040,46
0,8062,40
1,8411,50
2,8157,39
2,8157,70
1,8401,54
1,8016,29
1,8145,51
1,8089,23
2,8394,55
0,8289,36
0,8260,32
1,8494,46
1,8109,55
0,8287,55
0,8112,27
1,8169,23
1,8169,71
0,8229,59
1,8061,46
0,8159,34
0,8497,51
1,8363,24
1,8381,54
1,8353,36
1,8353,35
2,8169,30
0,8165,34
0,8165,72
1,8128,42
0,8336,44
1,8263,46
1,8224,26
1,8224,73
1,8477,49
0,8249,50
0,8417,47
1,8336,49
2,8492,23
0,8099,41
1,8042,25
2,8231,28
2,8231,75
0,8282,59
1,8066,58
1,8274,37
1,8099,47
1,8043,35
1,8389,48
1,8040,54
2,8338,54
1,8257,46
0,8375,35
0,8479,28
2,8191,30
1,8075,52
1,8075,69
1,8492,38
1,8492,77
1,8122,44
1,8131,30
1,8438,87
0,8178,50
2,8049,60
1,8130,27
1,8442,48
2,8162,30
1,8454,59
2,8007,40
2,8163,40
1,8167,57
1,8179,22
1,8249,30
0,8013,58
1,8323,57
1,8494,52
1,8054,59
2,8437,44
0,8194,49
1,8150,30
1,8394,46
1,8345,46
0,8092,53
1,8041,44
1,8130,44
0,8102,35
0,8102,71
1,8152,44
1,8152,71
1,8164,61
0,8055,58
0,8320,55
0,8219,33
1,8039,41
0,8331,46
1,8312,50
0,8340,48
1,8326,57
1,8317,50
0,8019,26
0,8214,87
1,8165,24
1,8165,69
2,8375,51
1,8187,49
1,8255,45
1,8063,26
1,8063,79
2,8100,37
0,8202,87
0,8032,61
0,8032,69
0,8137,34
0,8117,39
0,8093,24
0,8374,40
0,8396,28
2,8047,34
1,8382,26
0,8446,38
1,8466,42
2,8373,49
2,8044,33
0,8076,26
0,8268,55
1,8291,56
1,8358,45
1,8084,26
1,8479,34
1,8479,76
1,8191,35
1,8175,50
1,8324,60
1,8483,28
2,8352,27
2,8429,33
2,8429,70
1,8022,48
0,8227,43
2,8297,87
2,8297,73
1,8237,36
1,8002,51
2,8251,29
2,8251,70
0,8195,43
1,8184,22
1,8297,41
1,8029,28
2,8169,37
1,8030,28
1,8096,35
2,8279,52
1,8193,43
1,8390,55
0,8314,57
2,8153,32
1,8282,53
0,8087,59
0,8180,34
2,8106,41
1,8323,55
1,8137,57
0,8017,38
1,8307,36
0,8258,23
0,8041,25
1,8156,32
1,8156,69
0,8392,45
0,8188,27
1,8344,43
2,8161,35
2,8161,79
1,8192,43
1,8192,69
0,8013,30
2,8251,51
2,8296,44
1,8285,53
0,8493,58
0,8359,35
0,8039,25
2,8035,49
1,8212,40
1,8372,27
1,8494,61
2,8272,22
1,8469,39
2,8397,32
0,8293,55
2,8413,47
1,8484,25
1,8255,33
0,8458,54
1,8095,56
1,8430,33
1,8156,61
0,8084,49
1,8413,45
1,8267,46
0,8013,32
0,8311,55
1,8310,31
1,8257,33
0,8124,23
2,8448,34
1,8218,23
0,8478,31
0,8381,53
1,8036,54
1,8039,43
1,8062,55
0,8229,41
1,8370,54
1,8076,31
2,8073,37
0,8144,34
2,8265,33
1,8461,52
1,8196,46
1,8209,61
0,8189,52
2,235,53
1,246,35
2,56,32
1,154,59
1,327,42
2,558,32
1,319,39
2,272,22
1,502,25
1,502,79
1,331,43
1,178,50
2,630,58
2,439,61
0,551,60
0,551,74
1,33,54
0,613,47
1,295,27
2,133,53
2,679,43
1,666,60
1,193,51
1,193,78
1,503,55
1,707,51
1,707,72
1,125,31
1,125,70
2,688,25
0,77,37
2,470,26
1,338,53
1,613,23
1,495,37
0,439,26
2,601,60
1,782,34
1,407,59
2,390,42
1,695,40
2,548,28
1,22,49
1,22,77
2,553,58
1,281,37
1,602,24
1,602,69
1,579,37
1,60,22
2,433,34
2,433,78
1,510,39
1,392,28
1,145,34
1,145,73
2,564,25
1,53,61
1,53,70
1,192,52
2,181,35
1,1,37
1,149,37
2,50,60
1,117,47
1,790,35
1,366,38
1,675,48
1,87,37
1,411,25
1,737,55
0,484,40
2,714,29
1,748,57
1,748,72
1,796,41
0,507,51
1,14,34
2,160,50
2,160,70
2,246,43
1,90,22
1,444,59
1,380,59
1,380,76
1,151,26
1,228,27
2,608,30
1,15,25
0,388,58
2,90,41
0,202,50
0,728,26
0,728,74
1,99,28
2,656,55
2,584,24
0,119,24
0,119,70
2,784,52
1,143,43
0,662,56
1,244,39
0,722,37
0,399,46
2,389,52
2,710,41
1,311,55
1,260,24
1,253,33
1,66,61
0,268,41
1,643,48
1,643,70
1,664,46
1,691,37
1,545,25
0,601,32
1,168,24
1,473,48
2,536,47
0,80,27
2,34,26
1,26,29
2,392,56
2,392,69
0,686,24
1,116,32
2,422,33
1,628,58
1,728,49
2,172,52
1,487,24
0,342,29
1,221,39
2,371,48
1,356,24
2,597,33
1,259,35
1,548,45
1,326,35
2,46,39
1,522,32
1,713,50
1,114,55
1,703,27
1,703,70
1,285,26
1,650,25
2,3,55
2,3,70
1,80,29
1,344,22
1,579,39
2,597,59
1,135,24
1,764,61
2,298,29
1,600,43
0,672,41
2,616,39
1,308,55
0,329,40
0,329,77
2,406,25
2,521,25
2,105,30
0,616,33
2,315,51
1,421,28
1,642,23
1,628,59
1,628,70
1,390,58
1,390,71
1,667,24
1,729,55
1,499,56
1,291,48
2,731,33
2,731,69
2,665,54
1,22,32
1,800,45
1,774,38
2,731,54
2,491,25
1,166,41
2,119,37
1,320,49
1,762,55
1,69,42
2,37,46
0,100,41
1,110,49
0,167,24
1,190,22
1,388,55
1,236,23
2,660,55
2,660,71
1,79,45
1,79,73
1,242,27
1,64,26
1,64,79
0,331,38
2,154,47
2,154,75
2,790,58
1,193,54
1,20,32
1,358,23
0,465,36
2,596,44
2,325,58
1,614,61
1,664,59
1,480,49
1,480,73
2,279,56
1,379,55
1,134,34
2,149,31
1,246,46
1,687,59
0,135,24
1,753,54
1,341,54
2,655,32
2,610,34
1,350,47
1,519,32
2,5,50
1,512,22
1,645,48
1,749,27
2,319,28
0,159,60
0,159,78
1,549,50
0,697,57
2,40,60
1,123,35
2,710,47
1,681,33
1,625,51
2,474,49
1,476,53
2,308,47
1,299,60
1,511,59
2,590,36
1,498,34
2,628,61
2,628,72
1,4,53
1,4,72
1,791,49
1,438,60
0,35,49
0,703,29
1,609,51
1,291,45
0,199,46
1,181,61
0,439,50
0,99,41
0,506,43
1,71,31
1,318,22
1,272,43
1,210,56
1,332,48
1,53,51
1,53,75
2,720,34
1,194,42
1,30,58
1,30,73
0,763,56
0,763,79
1,596,57
1,23,61
0,473,27
1,218,43
2,443,57
1,612,45
0,613,38
0,613,71
1,469,22
1,399,39
1,414,41
1,481,46
0,326,22
1,491,27
1,371,38
1,293,31
1,347,26
1,347,78
0,47,26
1,440,31
1,340,35
2,642,45
1,110,59
1,124,49
1,107,40
1,107,74
1,239,54
1,676,34
1,676,72
1,608,27
1,612,41
1,612,73
1,632,54
1,344,39
0,780,61
0,780,70
0,706,29
2,433,41
1,736,56
1,703,55
1,544,46
1,544,69
2,358,34
1,636,23
1,569,61
0,299,59
1,509,30
1,216,26
2,543,56
2,543,79
1,140,30
1,723,40
2,662,37
2,386,49
0,725,30
2,115,40
1,183,30
1,183,78
1,585,50
0,304,32
1,614,53
2,273,31
2,273,69
1,509,34
0,430,38
2,471,47
1,795,27
2,592,59
1,724,54
1,698,37
1,583,33
1,583,75
0,327,35
0,327,77
1,92,26
0,97,51
2,412,30
1,330,46
1,246,58
1,743,41
2,781,39
1,341,24
2,292,57
2,82,24
0,208,35
1,174,31
1,651,31
1,172,56
2,507,58
1,91,55
2,236,46
2,236,71
1,265,60
2,12,22
1,279,27
1,706,60
2,336,26
2,522,29
0,36,55
1,736,36
2,774,40
2,196,22
1,48,53
1,446,34
1,647,25
1,604,42
1,448,42
1,346,23
2,553,33
2,667,53
1,212,56
2,4,45
1,440,56
1,68,29
1,572,35
1,798,48
2,319,38
2,319,71
0,465,51
0,465,72
2,762,29
2,762,72
1,157,41
1,200,26
1,86,54
1,350,22
1,205,57
1,173,55
1,362,53
1,11,27
0,485,54
1,799,34
1,195,58
2,282,22
2,131,41
1,695,25
1,695,77
1,113,50
1,87,23
1,87,74
1,588,52
1,716,22
2,497,56
1,351,24
1,573,54
2,558,61
2,620,39
0,469,42
1,312,51
1,235,24
1,388,34
2,735,23
2,252,42
2,402,47
2,471,57
2,471,77
1,674,31
1,268,54
1,474,51
0,92,26
1,311,43
2,80,56
1,536,54
1,536,75
2,254,55
1,78,27
1,8,38
2,128,30
2,157,39
1,192,57
1,735,38
1,559,43
1,748,41
1,748,74
1,552,40
1,552,77
1,521,38
0,50,47
1,231,57
1,32,41
1,32,71
1,782,30
1,611,48
2,703,47
2,703,75
1,635,61
2,610,26
1,216,52
1,216,74
0,356,33
1,292,30
1,138,42
1,361,47
1,361,76
1,203,43
2,307,59
1,40,56
1,40,77
1,584,33
0,72,28
1,546,57
1,379,58
1,379,71
1,120,37
1,120,79
1,667,55
2,83,31
1,727,28
2,769,40
2,769,72
1,404,45
1,173,45
0,58,27
1,763,49
1,162,53
1,162,74
1,375,59
1,55,50
1,158,26
1,70,42
1,169,43
1,579,44
1,160,41
1,465,40
1,347,52
1,566,23
1,533,42
1,625,26
1,625,78
2,627,41
2,73,49
1,20,54
1,39,54
2,796,42
2,669,33
2,743,58
1,424,25
1,102,55
1,102,76
1,425,60
2,486,23
1,397,38
2,222,53
1,50,45
1,536,53
2,188,38
2,188,72
1,83,33
1,282,30
2,178,23
1,158,33
1,297,40
1,154,22
1,154,74
1,762,34
1,456,37
1,456,79
2,775,34
1,440,53
1,503,57
1,87,34
1,720,57
0,590,57
1,789,59
1,545,36
1,9,56
1,390,53
0,724,32
1,338,31
1,338,71
0,391,30
1,579,29
1,550,25
1,584,22
1,374,46
0,776,28
0,0,22
0,0,77
1,214,40
2,110,58
2,110,79
1,725,60
2,82,51
1,370,58
1,695,22
1,664,48
1,732,37
2,167,54
0,663,39
0,663,70
1,279,22
2,463,50
1,298,27
1,706,23
1,549,29
1,464,46
1,347,45
1,487,52
2,246,56
1,541,59
0,666,42
2,638,32
1,776,23
2,10,31
1,716,40
1,138,44
1,656,58
1,497,60
2,688,59
1,64,41
1,593,55
1,505,24
0,168,22
1,548,54
1,454,60
1,454,69
1,572,36
1,542,38
1,542,75
1,799,47
2,577,35
1,548,27
1,131,38
1,248,61
1,248,70
1,747,54
1,747,69
2,463,39
1,28,26
0,28,39
1,556,36
0,548,42
1,278,50
1,278,69
1,182,48
1,182,71
2,491,50
1,5250,58
1,5809,54
1,5869,51
1,5121,49
1,5121,75
0,5191,58
0,5199,87
0,5199,70
1,5222,29
0,5432,29
1,5857,58
1,5857,78
0,5464,34
1,5348,46
1,5202,26
0,5220,59
1,5919,26
1,5920,47
1,5920,79
1,5227,49
0,5272,57
1,5347,23
1,5347,77
1,5560,46
0,5229,34
1,5052,56
1,5852,35
1,5026,57
1,5576,51
0,5504,50
1,5052,60
1,5052,79
1,5388,30
0,5113,22
1,5826,23
1,5826,79
0,5900,56
1,5595,36
0,5933,47
1,5863,36
1,5863,79
1,5659,40
1,5014,42
1,5177,42
1,5463,55
1,5501,56
1,5704,42
1,5704,75
2,5285,24
1,5427,51
1,5427,75
1,5798,54
1,5849,52
1,5200,27
1,5200,72
1,5893,57
0,5910,34
0,5332,29
0,5406,25
0,5817,40
0,5104,54
2,5598,24
2,5598,71
1,5091,41
0,5026,56
1,5599,25
0,5558,46
1,5030,61
1,5030,69
0,5083,46
0,5083,70
1,5704,51
0,5196,26
2,5360,43
1,5524,31
0,5563,61
1,5020,57
1,5013,43
0,5306,48
0,5575,39
1,5042,61
0,5943,59
1,5056,29
1,5769,23
0,5563,25
0,5169,30
0,5169,79
1,5341,27
1,5341,77
0,5163,51
0,5163,74
1,5877,45
0,5275,43
1,5773,30
1,5773,70
1,5731,53
1,5731,78
1,5118,52
0,5300,31
0,5300,73
1,5825,33
1,5825,75
1,5694,29
0,5471,40
1,5265,32
1,5265,72
0,5171,45
0,5173,22
0,5905,59
0,5905,73
0,5524,40
1,5281,59
0,5474,27
0,5853,44
0,5532,34
0,5275,47
0,5883,26
0,5883,75
1,5437,87
1,5881,35
0,5634,28
1,5604,39
0,5021,22
0,5130,35
0,5202,33
0,5293,29
1,5917,44
1,5677,32
0,5673,50
0,5673,71
1,5435,57
0,5412,32
0,5575,43
1,5547,38
1,5547,71
0,5260,30
1,5008,30
1,5177,32
1,5177,74
0,5702,30
0,5094,37
0,5829,51
1,5712,56
1,5160,54
1,5922,60
0,5426,43
0,5426,73
1,5150,52
0,5665,47
0,5040,29
0,5040,69
1,5663,29
1,5254,45
2,5035,59
0,5929,50
0,5424,24
1,5732,33
1,5129,55
0,5247,31
0,5155,87
0,5155,70
1,5912,55
1,5009,58
0,5115,50
1,5935,28
1,5786,35
1,5469,51
1,5069,25
0,5537,40
1,5409,43
1,5261,39
1,5892,48
0,5101,57
0,5731,37
0,5516,47
0,5516,70
0,5914,32
0,5914,70
0,5125,32
1,5396,45
0,5360,52
0,5341,40
1,5794,23
1,5794,79
1,5242,52
1,5367,59
1,5158,58
1,5934,41
1,5934,79
1,5057,42
1,5057,78
1,5699,28
1,5504,51
1,5368,41
1,5850,51
1,5850,79
1,5424,87
1,5424,73
1,5197,22
1,5240,53
0,5193,87
1,5108,57
1,5704,35
1,5704,74
1,5318,53
0,5174,48
2,5487,35
0,5128,49
0,5351,59
0,5351,72
1,5778,38
1,5928,32
0,5467,54
0,5716,51
0,5716,72
1,5831,33
1,5831,76
0,5575,49
0,5575,75
0,5320,43
0,5796,46
0,5796,72
1,5281,26
1,5281,72
0,5044,36
1,5434,45
1,5511,50
0,5935,29
0,5468,26
1,5157,23
1,5157,73
1,5062,36
1,5062,75
0,5825,46
1,5914,38
1,5805,37
0,5446,60
2,5587,56
1,5727,42
0,5171,51
1,5065,41
0,5724,47
0,5782,52
0,5431,54
1,5633,52
1,5633,77
1,5639,49
1,5453,42
0,5596,31
1,5126,47
1,5091,32
0,5838,55
1,5527,43
1,5665,51
1,5665,77
0,5478,87
0,5278,33
0,5278,72
1,5425,47
0,5877,22
0,5877,79
0,5407,36
1,5089,59
2,5808,43
0,5879,34
2,5678,43
0,5191,30
0,5338,26
0,5338,73
1,5604,39
1,5604,71
0,5506,41
1,5515,38
0,5389,33
0,5827,28
1,5101,32
1,5887,55
0,5423,32
1,5694,59
0,5261,48
0,5848,54
1,5797,30
1,5349,31
1,5767,38
1,5769,52
1,5769,71
1,5410,38
1,5410,76
1,5119,46
0,5016,52
1,5370,23
1,5820,46
1,5820,71
1,5769,51
0,5575,30
0,5046,45
0,5034,28
0,5847,22
1,5187,87
1,5573,48
1,5195,48
0,5128,39
0,5128,70
0,5635,52
1,5260,54
0,5085,49
1,5597,49
1,5826,56
1,5826,74
1,5093,39
1,5093,77
0,5538,51
0,5188,27
1,5012,52
1,5012,73
0,5732,32
1,5540,59
1,5337,29
1,5337,79
0,5571,58
1,5829,22
1,5829,72
0,5459,61
0,5056,28
0,5056,75
0,5198,57
0,5269,37
1,5892,45
0,5358,52
1,5776,30
0,5484,25
0,5135,38
1,5719,48
0,5085,24
0,5085,71
0,5879,61
1,5739,43
0,5797,29
1,5401,32
0,5852,26
1,5708,25
1,5852,41
1,5581,31
0,5297,57
0,5290,37
1,5134,54
1,5134,74
1,5328,39
1,5328,77
2,5564,61
0,5807,46
0,5536,60
0,5229,42
1,5265,29
0,5361,25
0,5012,22
2,5438,29
1,5459,28
0,5404,50
1,5002,30
0,5023,52
0,5023,75
0,5149,56
1,5022,56
1,5917,25
1,5917,79
1,5116,26
0,5317,50
0,5519,41
1,5226,56
0,5692,42
0,5692,69
1,5410,30
1,5410,72
0,5245,33
0,5245,74
0,5624,37
0,5780,46
0,5321,35
0,5321,78
0,5306,87
1,5835,40
1,5637,56
1,5063,51
1,5617,57
1,5792,38
0,5687,52
0,5687,74
0,5033,37
1,5319,39
0,5311,23
0,5619,43
0,5414,26
0,5318,22
0,5055,35
0,5055,71
0,5057,55
0,5057,79
1,5119,57
0,5571,34
1,5935,30
0,5425,43
0,5285,56
1,5181,50
0,5289,57
0,5397,49
0,5142,36
1,5254,47
1,5118,24
0,5373,29
1,5171,57
1,5171,76
0,5567,41
0,5585,34
1,5611,37
0,5416,45
1,5625,34
2,5185,51
2,5185,74
0,5178,29
0,5180,26
0,5180,76
0,5238,33
1,5093,37
1,5403,31
1,5071,36
1,5840,35
1,5840,71
2,5800,52
0,5004,54
0,5657,48
1,5682,25
1,5682,73
1,5568,54
1,5568,79
0,5389,38
0,5287,50
1,5764,39
1,5764,75
0,5912,36
2,5130,41
0,5154,51
1,5850,49
1,5850,76
1,5426,32
0,5820,28
2,5377,39
1,5057,37
1,5798,30
0,5384,43
0,5384,74
0,5210,57
0,5210,79
1,5026,25
0,5326,45
0,5925,34
0,5633,58
0,5885,38
1,5713,56
0,5001,28
1,5390,54
1,5390,72
1,5501,38
0,5538,23
1,5025,48
0,5259,52
0,5602,49
0,5602,79
0,5649,41
0,5649,78
0,5292,37
1,5767,43
1,5767,74
0,5817,58
0,5817,73
0,5121,55
0,5752,26
0,5406,60
1,5376,32
1,5376,69
0,5072,48
1,5823,59
0,5930,55
0,5515,43
0,5515,78
0,5707,41
1,5878,28
1,5798,53
0,5054,34
1,5257,57
0,5556,33
1,5276,61
1,5276,75
1,5825,51
0,5427,48
0,5525,57
1,5821,22
1,5690,27
1,5712,59
0,5127,50
1,5246,47
0,5406,27
1,5897,30
0,5740,50
0,5740,69
0,5762,24
0,5627,31
0,5496,61
1,5253,31
1,5163,51
1,5930,56
1,5826,44
1,5387,60
1,5387,76
1,5233,24
0,5317,31
0,5317,72
1,8349,44
1,8349,70
0,8002,51
2,8144,34
1,8450,56
0,8141,35
2,8011,42
2,8356,52
1,8472,52
2,8482,27
2,8482,75
1,8400,56
1,8120,23
1,8120,74
1,8213,45
1,8364,52
1,8354,45
0,8278,37
0,8278,76
0,8312,37
0,8340,38
1,8229,27
0,8057,56
1,8231,61
1,8443,25
0,8062,59
0,8062,70
1,8086,35
1,8086,72
1,8074,42
1,8499,48
0,8261,49
2,8223,32
1,8375,24
1,8197,52
0,8468,60
0,8053,56
1,8035,38
0,8224,51
1,8405,49
2,8069,61
2,8175,60
0,8035,41
2,8254,35
1,8295,29
1,8365,61
0,8201,25
1,8440,23
1,8085,32
1,8079,49
0,8341,42
0,8341,74
1,8132,44
1,8250,37
2,8019,43
0,8027,27
1,8140,27
1,8409,24
1,8018,57
1,8050,45
1,8236,26
1,8293,29
1,8008,53
1,8248,61
0,8220,52
1,8089,56
1,8369,58
2,8136,45
1,8143,39
0,8384,52
0,8384,73
0,8130,27
0,8010,50
0,8010,78
2,8320,43
1,8425,34
2,8380,35
0,8321,47
1,8339,50
0,8255,53
1,8116,22
1,8116,76
1,8214,28
1,8214,77
0,8268,22
1,8041,53
1,8041,75
1,8292,56
0,8401,22
1,8459,41
0,8307,56
0,8307,69
0,8476,40
0,8079,50
1,8257,38
0,8100,45
2,8100,37
0,8176,61
2,8009,50
1,8457,49
1,8457,75
0,8297,45
1,8435,39
2,8410,46
1,8147,48
1,8173,42
1,8393,53
1,8213,57
1,8112,87
0,8236,59
2,8069,60
1,8263,59
1,8363,24
1,8326,40
2,8032,31
0,8407,35
1,8209,35
0,8350,58
1,8036,32
1,8036,71
1,8344,47
1,8152,39
2,8303,34
0,8299,49
2,8290,42
1,8169,59
1,8201,25
1,8023,47
1,8349,40
1,8299,38
1,8291,48
1,8291,71
1,8027,45
1,8481,49
0,8487,57
0,8016,36
0,8016,69
1,8223,40
2,8341,87
2,8462,24
0,8299,49
1,8100,46
2,8025,44
2,8025,74
0,8497,55
0,8441,57
2,8444,56
1,8056,61
1,8026,57
1,8026,75
1,8346,50
1,8346,69
2,8160,30
1,8157,49
1,8370,60
0,8493,41
1,8351,52
1,8106,31
1,8418,46
2,8299,49
0,8371,58
2,8446,43
2,8289,22
2,8477,26
1,8228,59
1,8028,53
2,8361,60
1,8341,87
1,8341,77
1,8200,54
1,8337,45
2,8211,59
2,8189,39
1,8440,32
1,8494,56
1,8101,24
1,8390,49
0,8186,23
2,8240,44
1,8126,54
1,8126,74
1,8473,23
1,8106,33
1,8031,60
1,8031,76
1,8366,52
1,8366,78
1,8274,53
1,8100,47
0,8455,33
1,8086,56
1,8414,25
2,8462,38
1,8152,53
1,8495,51
0,8371,46
2,8045,27
0,8441,33
1,8312,48
1,8312,77
1,8101,42
0,8242,34
0,8034,87
0,8458,49
1,8259,47
0,8370,54
1,8167,47
1,8285,39
0,8252,48
0,8203,61
1,8272,40
1,8492,28
0,8446,46
1,8037,36
1,8440,42
1,8149,22
0,8498,22
0,8092,22
2,8034,49
1,8167,32
1,8167,79
1,8144,37
0,8178,55
0,8254,54
2,8411,22
2,8411,76
0,8164,55
1,8241,61
1,8375,47
2,8392,47
1,8492,46
1,8465,52
0,8431,37
1,8182,23
0,8177,46
1,8214,35
1,8214,74
1,8435,87
2,8213,47
1,8301,58
2,8500,22
0,8314,61
2,8459,33
2,8459,74
2,8063,27
2,8063,71
1,8278,35
1,8496,49
0,8365,61
1,8482,24
1,8482,77
1,8444,33
1,8200,44
0,8439,30
1,8439,52
1,8439,75
2,8065,27
2,8065,72
1,8355,59
0,8224,46
0,8137,59
0,8312,56
0,8312,78
0,8417,24
1,8221,50
0,8004,35
1,8276,26
0,8190,42
1,8391,32
1,8191,49
2,8071,28
1,8353,24
1,8301,31
1,8104,43
1,8019,41
1,8019,76
1,8421,38
1,8283,35
1,8228,57
1,8298,55
2,8407,48
0,8241,42
0,8241,73
0,8191,52
0,8325,37
0,8121,24
0,8481,41
2,8188,46
2,8347,34
2,8347,79
0,8217,29
0,8213,54
1,8477,33
1,8226,38
1,8226,78
0,8188,24
0,8188,69
2,8486,25
1,8136,33
2,8352,48
1,8229,59
1,8229,79
1,8495,32
0,8477,45
1,8417,44
1,8417,76
0,8301,61
1,8231,50
1,8060,24
1,8060,78
1,8235,53
0,8364,60
0,8052,57
1,8187,56
0,8267,24
1,8205,30
0,8317,30
0,8263,30
0,8263,72
1,8032,31
0,8123,47
1,8214,26
2,8329,50
1,8006,37
0,8205,30
2,8370,49
0,8287,52
2,8242,37
2,8152,41
1,8247,38
1,8262,23
0,8154,61
1,8043,58
0,8269,50
0,8332,54
0,8332,72
0,8371,35
1,8376,31
2,8494,24
0,8278,44
1,8109,38
1,8357,44
1,8056,56
1,8056,79
2,8207,60
2,8289,56
0,8059,23
2,8387,55
0,8066,32
0,8081,60
1,8281,33
1,8281,69
1,8235,60
0,8193,29
2,8102,51
0,8010,50
0,8264,37
0,8235,37
1,8148,55
2,8365,35
2,8062,45
0,8122,41
1,8238,29
1,8228,60
1,8480,40
2,8468,36
0,8072,22
0,8424,87
2,8212,55
1,8427,40
1,8427,73
1,8374,51
2,8194,61
1,8388,25
0,8052,35
0,8052,69
0,8313,34
0,8313,79
1,8071,56
0,8492,41
0,8177,53
2,8099,57
0,8491,44
1,8134,52
0,8287,24
0,8461,43
1,8277,37
0,8173,36
1,8044,52
0,8319,57
1,8222,48
1,8222,74
0,8356,40
1,8425,34
2,8138,58
0,8008,44
1,8284,44
1,8220,47
1,8159,58
1,8159,78
0,8296,51
1,8375,28
1,8375,73
1,8302,87
1,8009,33
1,8044,47
0,8141,49
1,8238,50
0,8414,60
2,8110,54
2,8407,24
2,8045,87
2,8045,72
1,8104,41
2,8367,53
0,8156,55
1,8042,39
0,8306,59
0,8306,78
1,8394,53
1,8160,34
0,8029,22
0,8469,35
1,8065,31
1,8406,27
1,8446,55
2,8230,27
1,8172,44
1,8142,47
0,8064,33
2,8500,27
1,8304,42
1,8326,87
0,8073,25
1,8464,23
2,8068,25
1,8407,46
1,8185,42
1,8185,73
1,8025,39
1,8025,76
1,8214,28
1,8285,60
1,8208,40
0,8178,48
2,8373,52
2,8059,54
1,8417,24
1,8328,56
1,8396,28
2,8004,61
1,8304,52
1,8338,33
1,8386,46
1,8487,39
1,8487,69
0,8069,26
0,8118,26
1,8267,37
0,8484,44
0,8283,43
1,8430,43
1,8134,43
2,8423,55
2,8423,74
1,8196,34
1,8158,60
1,8336,55
0,8371,59
1,8192,61
1,8119,61
1,8119,76
1,8186,22
0,8260,28
2,8490,61
0,8044,50
0,8044,75
1,8272,52
2,8444,52
1,8018,59
1,8015,30
1,8207,29
1,8301,55
0,8077,26
0,8079,54
0,8033,32
0,8484,39
1,8292,42
1,8463,33
0,8134,43
0,8134,79
0,8013,42
0,8240,87
0,8215,54
1,8200,61
1,8071,87
0,8360,26
2,8033,26
0,8388,54
1,8048,54
1,8330,61
0,8357,23
2,8279,57
1,8319,53
0,8453,38
2,8152,61
1,8290,53
0,8363,50
1,8350,35
1,8372,28
0,8414,33
0,8206,54
1,8169,41
1,8162,57
2,8145,23
1,8397,39
0,8058,87
2,8396,52
1,8256,25
0,8280,22
2,8108,29
1,8142,41
2,8057,31
1,8080,87
0,8271,37
1,8332,87
1,8283,47
0,8067,49
1,8290,44
2,8169,44
1,8313,54
0,8037,36
2,8036,45
0,8252,55
0,8025,46
0,8078,87
2,8211,25
1,8459,27
1,8364,27
1,8163,49
2,8268,31
1,8255,51
2,8140,26
1,8022,55
1,8057,48
1,8164,22
1,768,43
1,272,49
1,224,32
2,391,28
2,317,57
0,58,39
1,110,57
0,178,56
1,145,51
1,459,22
0,514,30
1,701,45
2,482,48
2,247,49
1,295,52
2,297,33
0,726,46
0,446,60
1,108,44
1,108,77
1,259,60
1,404,31
1,779,36
1,285,56
1,466,55
1,728,54
1,237,30
2,104,26
1,767,33
1,732,51
2,724,40
0,224,35
0,183,24
1,347,35
2,135,39
2,179,37
2,179,77
1,159,50
1,159,77
1,215,50
1,515,25
1,239,34
2,153,46
1,120,53
2,727,57
2,35,47
2,35,74
1,700,38
1,116,47
1,116,79
1,243,31
1,33,60
1,767,59
1,344,32
1,344,73
1,247,23
1,41,24
1,41,73
0,135,45
1,215,38
2,333,48
1,798,55
1,388,34
2,8,48
1,753,26
1,705,40
1,403,24
1,63,38
1,347,36
1,440,37
2,800,28
1,168,48
1,168,70
1,620,29
1,116,48
1,651,32
2,504,51
1,766,61
1,257,35
1,318,39
1,417,50
1,204,59
1,204,71
1,263,44
1,310,24
1,660,30
1,82,41
1,753,58
1,657,45
1,226,59
2,666,31
1,325,27
1,342,60
1,192,55
1,192,69
1,410,25
1,212,32
1,212,78
0,10,44
1,776,33
1,776,72
2,640,26
1,179,43
1,67,50
1,67,79
1,582,60
0,455,39
1,343,46
1,621,42
1,621,79
1,607,45
1,239,50
2,67,46
2,67,71
1,20,58
1,710,55
1,560,48
1,374,51
1,374,71
2,789,40
2,789,79
1,428,31
1,35,24
1,24,24
1,271,51
1,702,28
1,702,70
1,126,24
2,574,30
2,574,72
0,575,39
1,569,47
1,532,38
1,559,57
1,559,77
2,395,28
1,429,43
2,200,39
1,32,29
1,108,34
0,249,28
0,249,70
0,255,49
1,503,44
1,503,78
1,309,48
2,87,35
2,87,73
1,55,56
1,680,31
1,680,70
1,456,47
1,148,54
1,319,26
1,672,57
1,615,22
1,371,56
1,401,54
1,239,54
1,239,71
2,586,26
1,218,59
2,558,26
1,635,24
1,305,35
1,305,73
0,78,31
2,212,27
1,459,54
1,459,69
1,467,27
1,24,29
1,103,50
2,429,23
2,429,70
0,204,27
1,524,61
1,166,33
1,649,45
1,100,24
1,274,52
1,274,69
2,23,29
1,301,26
1,410,59
1,306,56
1,704,47
1,747,53
1,747,73
1,701,23
0,160,23
2,459,33
1,589,39
1,589,69
2,790,50
2,591,24
2,591,69
0,490,40
1,738,61
1,67,45
1,210,45
1,353,46
1,473,27
1,122,24
1,499,27
1,498,49
1,371,41
2,257,30
1,154,46
1,727,59
1,727,71
1,656,30
1,294,59
1,294,76
1,722,52
1,723,47
2,300,22
2,300,72
1,658,59
1,537,24
1,534,36
1,556,34
1,556,75
1,497,49
1,489,37
1,489,73
1,58,25
1,588,45
1,776,56
1,140,50
1,140,74
1,157,37
0,714,33
2,68,53
2,548,23
2,590,22
1,48,39
1,51,49
1,51,69
1,571,24
1,501,29
1,79,49
1,316,53
1,102,45
1,113,42
1,138,29
1,527,61
1,608,27
1,91,61
1,612,22
1,143,35
1,484,56
1,484,69
1,639,37
1,500,56
1,663,30
1,358,45
0,92,29
1,159,42
1,693,41
1,693,74
0,286,47
1,419,35
0,202,31
0,202,74
1,312,56
0,426,53
1,751,47
1,751,76
1,118,48
1,333,28
1,340,44
2,64,44
2,64,70
1,140,36
1,183,39
1,791,49
2,748,60
2,748,71
1,308,48
1,212,38
0,378,61
1,477,35
1,228,30
2,607,49
1,206,43
1,167,35
1,167,71
1,776,54
1,214,31
1,615,22
1,615,73
1,564,31
1,35,41
2,227,25
2,591,38
1,757,23
1,776,35
1,570,33
1,182,37
1,610,49
1,605,23
0,622,58
0,622,71
1,201,23
1,548,58
1,49,44
1,60,25
1,125,59
1,125,71
1,634,32
1,715,39
1,715,72
1,388,36
1,213,50
1,83,24
2,175,58
2,175,72
1,503,34
1,683,44
1,253,50
1,337,39
1,539,60
2,169,46
1,641,37
1,2,46
1,757,37
1,757,76
1,78,40
1,510,23
1,319,34
1,378,22
1,52,28
2,232,26
2,232,74
2,268,48
2,394,39
1,73,43
1,113,58
2,646,52
0,649,29
1,522,53
2,145,25
0,69,60
1,169,29
2,733,57
1,249,23
1,619,48
1,431,61
1,431,77
2,746,59
2,746,77
1,420,59
1,603,47
1,311,48
1,621,31
2,334,37
1,313,48
2,584,50
1,383,38
1,158,46
2,351,33
1,238,36
2,53,26
1,71,51
1,71,76
1,524,55
1,284,43
1,55,48
2,700,60
1,137,32
2,268,58
1,598,35
1,598,74
1,176,44
2,561,35
1,160,22
1,507,36
1,507,78
0,436,57
2,277,37
0,548,37
2,98,53
1,418,43
0,546,29
0,546,71
2,165,27
1,798,52
1,82,30
1,82,71
2,344,59
1,521,39
1,92,45
1,299,22
1,281,45
1,586,37
1,584,33
2,492,50
2,492,75
1,335,49
0,769,42
0,781,59
2,778,56
1,702,32
1,159,28
1,270,47
2,113,46
1,192,29
0,396,30
0,454,55
1,102,28
1,320,25
1,208,52
1,429,52
2,81,33
0,800,30
1,643,22
1,643,72
1,784,26
1,716,23
1,6,40
0,201,51
2,756,35
1,518,55
2,89,58
2,89,71
1,744,23
1,678,43
1,441,37
1,447,43
1,493,28
1,564,56
1,28,53
1,735,26
1,522,22
2,601,30
1,593,55
0,338,39
0,338,71
1,251,49
1,251,71
1,106,60
1,718,54
2,763,27
2,763,73
2,134,54
1,608,43
0,336,26
1,159,46
1,57,36
0,735,52
0,735,69
1,135,31
2,173,39
1,264,61
1,758,33
1,745,55
1,515,38
1,539,42
0,448,60
1,446,47
1,446,78
1,585,56
1,585,71
1,604,26
1,757,36
1,709,28
1,490,36
2,733,34
1,618,25
1,94,27
1,494,61
1,326,55
1,192,29
1,192,75
1,7,56
1,557,58
1,708,40
0,238,40
1,694,51
1,433,45
1,367,55
1,367,77
0,25,58
1,100,28
1,280,40
1,757,43
1,507,56
1,189,29
1,779,32
1,779,76
1,86,58
1,583,32
1,328,53
2,795,47
1,440,50
1,16,59
1,593,25
1,567,46
1,99,37
0,237,44
1,533,34
1,408,34
1,412,43
1,118,28
1,403,55
1,661,34
2,508,27
1,379,57
2,420,48
1,355,36
1,355,76
1,591,48
1,591,69
1,352,58
1,416,36
1,24,53
1,244,55
2,694,51
1,699,24
2,409,25
1,659,23
2,243,59
1,465,34
1,178,34
1,184,33
1,109,58
1,578,52
1,642,37
1,298,30
1,0,55
0,326,46
1,792,47
1,268,42
1,268,71
2,317,45
2,317,72
1,493,53
1,494,56
2,149,32
1,689,58
1,689,69
1,586,56
2,551,55
2,551,74
1,488,43
1,542,41
1,501,30
1,406,30
1,208,42
1,208,70
2,457,57
2,457,74
2,89,44
1,41,46
0,224,31
0,192,35
1,651,27
1,651,74
1,29,44
0,355,37
1,259,49
2,791,30
1,404,53
2,291,57
1,587,36
1,587,73
1,90,52
1,90,79
1,49,25
0,5334,39
0,5334,76
0,5799,50
1,5857,49
1,5857,73
0,5752,35
1,5863,28
0,5279,27
1,5288,32
0,5137,36
1,5533,24
1,5335,87
1,5335,73
1,5854,27
1,5854,73
1,5758,57
1,5758,73
0,5878,39
0,5332,26
1,5507,33
0,5137,37
0,5761,40
0,5761,73
2,5807,37
0,5243,50
0,5365,56
0,5627,47
1,5002,52
1,5302,27
0,5527,50
2,5664,57
1,5425,53
0,5077,50
0,5077,78
1,5040,57
1,5196,24
2,5250,22
0,5012,22
0,5673,49
0,5673,78
1,5927,32
1,5236,38
1,5897,23
1,5667,27
0,5923,55
1,5088,50
1,5137,36
0,5490,28
1,5624,45
1,5624,70
1,5183,28
1,5024,22
1,5901,23
1,5138,36
1,5196,27
1,5196,72
1,5401,49
1,5071,59
1,5043,24
0,5075,46
0,5375,26
1,5141,29
0,5550,24
1,5262,59
0,5163,47
0,5061,46
1,5842,34
1,5680,22
0,5866,35
2,5357,26
0,5425,54
2,5002,27
2,5002,71
0,5567,42
0,5402,45
1,5032,60
0,5107,22
1,5637,31
1,5637,73
0,5838,40
0,5838,75
0,5660,22
0,5660,71
1,5396,32
1,5612,27
1,5039,48
0,5846,50
0,5846,76
0,5474,56
0,5259,27
1,5846,35
0,5747,36
1,5360,23
1,5235,22
1,5414,87
0,5638,43
0,5638,73
2,5471,35
2,5471,69
1,5806,30
0,5410,58
0,5410,72
1,5182,34
0,5907,54
0,5907,72
0,5273,59
1,5247,56
1,5783,61
1,5938,51
1,5436,42
0,5112,39
1,5521,45
2,5405,49
0,5524,28
1,5882,45
1,5128,53
0,5352,42
1,5306,28
1,5306,74
2,5581,24
1,5619,58
1,5619,71
1,5811,56
1,5212,27
1,5009,27
1,5236,31
1,5652,58
1,5307,26
1,5307,75
1,5542,36
0,5280,51
2,5689,29
2,5689,76
1,5183,52
0,5371,38
1,5424,57
0,5515,46
0,5515,71
1,5477,32
1,5376,32
1,5545,51
1,5011,44
0,5458,54
1,5168,31
0,5493,44
0,5720,30
1,5036,61
1,5036,74
1,5816,51
0,5832,23
1,5389,43
1,5300,41
1,5839,42
1,5669,22
1,5669,77
0,5306,55
0,5306,69
1,5070,45
0,5875,24
0,5815,51
1,5083,49
1,5038,51
0,5658,25
0,5372,59
1,5302,39
1,5761,46
1,5110,61
0,5528,33
1,5241,52
1,5938,58
0,5707,25
1,5307,27
1,5713,42
1,5442,39
0,5092,54
1,5530,59
0,5405,45
0,5405,73
1,5815,27
1,5815,71
0,5146,31
0,5114,41
0,5114,69
0,5596,50
0,5596,69
0,5775,27
0,5004,59
0,5858,43
0,5858,75
0,5731,36
1,5710,55
0,5932,26
1,5056,30
1,5915,26
0,5040,42
2,5290,22
2,5290,73
1,5369,50
1,5155,56
1,5155,73
1,5559,60
1,5559,77
1,5906,30
0,5312,39
1,5899,36
0,5026,59
0,5825,27
1,5895,54
1,5895,78
1,5699,27
0,5207,22
0,5084,55
2,5922,87
1,5312,52
1,5230,31
1,5230,73
0,5228,41
0,5161,38
1,5847,54
0,5809,32
1,5446,61
0,5070,42
1,5739,30
1,5739,75
0,5039,51
0,5039,71
1,5929,87
1,5513,56
0,5281,31
1,5603,87
1,5603,77
0,5803,57
1,5885,52
0,5171,28
1,5311,42
1,5566,42
1,5496,87
1,5121,37
1,5433,40
1,5058,44
0,5189,35
0,5189,69
2,5212,23
0,5443,61
2,5070,36
2,5070,74
1,5230,41
1,5082,29
1,5410,42
0,5631,43
1,5122,41
1,5122,76
1,5247,50
1,5270,32
1,5270,70
0,5256,52
1,5446,42
1,5475,52
1,5583,52
1,5260,28
1,5502,57
0,5804,40
1,5427,61
1,5283,22
1,5894,24
0,5015,52
1,5921,43
1,5227,40
1,5570,44
0,5219,44
0,5219,71
1,5139,54
1,5647,24
0,5607,45
1,5634,36
1,5634,76
1,5641,46
0,5030,42
0,5670,38
1,5054,24
0,5179,42
1,5451,34
1,5451,77
0,5658,60
1,5028,45
1,5687,41
1,5687,79
0,5607,23
1,5026,61
0,5932,26
0,5069,27
0,5069,72
0,5774,25
0,5754,23
0,5656,30
0,5284,53
2,5321,46
1,5082,28
1,5369,49
0,5086,87
1,5382,33
1,5470,61
1,5629,46
1,5932,38
0,5771,51
0,5771,69
1,5257,60
1,5257,73
0,5799,34
1,5685,44
1,5685,79
1,5193,28
1,5165,40
1,5492,45
1,5441,34
1,5408,60
1,5325,34
2,5724,49
2,5724,76
1,5438,25
1,5908,24
1,5446,59
1,5446,71
1,5208,40
1,5208,76
0,5383,48
1,5820,46
0,5713,47
0,5713,79
1,5611,55
1,5038,60
1,5101,55
1,5264,53
0,5881,50
0,5314,50
1,5176,60
0,5079,36
1,5277,54
1,5015,38
1,5015,71
1,5702,52
1,5081,52
0,5452,49
1,5642,34
1,5928,38
0,5122,29
1,5631,48
1,5265,87
1,5544,39
0,5354,44
1,5283,52
1,5431,33
1,5643,45
1,5643,74
0,5415,51
0,5005,31
1,5573,40
1,5573,79
2,5091,40
0,5267,56
0,5171,38
0,5739,53
0,5391,55
1,5843,22
1,5843,71
1,5156,28
1,5156,74
0,5304,31
0,5304,75
0,5435,31
0,5255,58
1,5438,45
1,5766,30
0,5267,48
0,5267,75
0,5201,60
0,5655,33
1,5864,50
1,5382,54
1,5393,32
1,5393,76
1,5504,45
0,5841,38
1,5655,48
0,5880,49
1,5636,29
1,5678,58
1,5242,58
1,5269,34
0,5227,32
0,5227,70
0,5842,57
0,5846,47
1,5753,41
0,5271,29
1,5525,59
1,5525,78
0,5847,87
1,5559,45
1,5778,42
0,5814,54
1,5544,56
1,5119,45
1,5119,70
1,5532,49
0,5367,34
0,5677,30
0,5911,49
2,5085,29
1,5494,43
1,5061,49
2,5716,55
1,5300,24
1,5300,71
1,5400,25
1,5598,56
1,5376,33
1,5616,30
0,5876,87
1,5367,59
1,5329,57
1,5458,40
0,5487,61
2,5555,22
2,5555,77
1,5728,51
1,5587,52
0,5048,60
0,5352,54
1,5821,57
1,5599,56
1,5590,40
1,5590,77
1,5509,25
1,5706,31
0,5733,34
1,5323,32
1,5356,40
0,5505,25
0,5505,76
1,5098,30
1,5086,52
0,5768,58
0,5768,72
1,5130,42
0,5027,45
1,5349,23
1,5349,73
0,5603,61
0,5527,50
1,5419,44
1,5419,71
1,5464,36
1,5464,72
1,5355,45
0,5281,58
1,5579,46
1,5579,78
0,5176,53
1,5208,55
0,5666,51
1,5758,49
1,5758,71
0,5351,47
2,5681,37
1,5114,22
0,5703,37
0,5090,31
1,5798,30
1,5480,31
0,5717,55
1,5860,36
0,5185,58
0,5431,54
0,5431,71
1,5240,50
0,5335,41
1,5250,34
0,5847,28
0,5439,44
1,5434,48
0,5242,37
0,5270,31
0,5138,41
0,5679,44
0,5679,76
1,5657,54
1,5774,34
1,5285,57
1,5285,76
1,5327,34
0,5435,51
0,5435,75
1,5433,29
1,5433,77
2,8031,22
1,8149,37
1,8297,58
1,8158,51
1,8406,46
0,8019,49
0,8019,74
1,8039,25
2,8252,35
2,8252,79
2,8239,30
2,8313,24
0,8290,44
0,8157,34
1,8468,87
1,8073,87
0,8271,38
1,8191,27
0,8252,44
1,8247,28
1,8308,46
1,8195,26
1,8195,78
2,8163,51
1,8338,50
1,8400,22
2,8258,54
1,8329,49
0,8272,38
2,8009,44
2,8009,69
1,8307,47
2,8160,34
1,8066,26
1,8044,45
0,8490,32
0,8490,79
1,8348,50
2,8214,29
0,8136,60
0,8063,40
1,8316,39
0,8412,55
2,8453,60
1,8022,50
1,8310,38
1,8193,44
1,8213,44
1,8410,38
0,8134,50
0,8151,58
0,8151,72
1,8070,60
0,8343,46
0,8343,79
1,8148,24
1,8261,57
0,8143,26
0,8314,56
2,8215,87
2,8167,22
1,8037,52
1,8353,37
1,8117,57
0,8192,22
1,8344,56
0,8170,49
1,8225,48
1,8195,60
0,8058,31
0,8058,74
1,8121,50
1,8112,58
1,8399,59
0,8352,53
0,8301,27
2,8239,39
1,8402,35
1,8402,71
0,8124,40
0,8253,52
1,8422,39
0,8398,25
2,8491,36
2,8491,73
2,8403,56
1,8045,52
1,8045,70
0,8370,39
1,8013,28
1,8013,73
0,8243,22
1,8178,48
2,8193,29
1,8096,54
1,8282,39
0,8075,36
1,8072,34
1,8265,28
0,8249,57
0,8487,61
0,8487,72
1,8275,32
1,8275,74
0,8201,40
0,8481,26
1,8068,25
1,8068,70
1,8463,39
1,8086,35
0,8501,51
0,8327,48
0,8209,51
0,8286,32
1,8212,37
1,8335,29
2,8223,47
1,8476,25
1,8139,31
1,8139,72
1,8369,33
1,8359,36
0,8413,37
1,8053,32
2,8346,59
0,8412,35
1,8127,48
1,8316,87
1,8159,58
2,8144,57
0,8492,49
1,8142,39
2,8140,37
2,8140,70
1,8390,50
2,8298,87
2,8034,34
1,8310,30
1,8310,72
1,8345,48
1,8295,40
1,8295,73
1,8487,59
0,8288,58
2,8035,42
2,8035,72
0,8079,27
2,8229,31
1,8430,26
1,8079,53
0,8124,49
2,8339,59
1,8184,57
1,8379,56
0,8081,34
0,8096,35
1,8146,29
1,8146,78
1,8445,87
2,8066,25
1,8245,29
1,8173,32
1,8164,28
2,8393,44
1,8011,49
0,8248,50
0,8324,43
1,8092,27
1,8302,29
0,8345,61
0,8083,45
1,8477,36
1,8232,56
1,8164,33
0,8378,49
1,8030,39
1,8153,25
0,8143,24
1,8053,37
2,8014,59
1,8156,36
1,8331,39
0,8105,87
0,8261,29
1,8182,61
2,8147,44
0,8070,27
0,8415,46
0,8101,29
0,8041,52
0,8285,45
0,8019,49
0,8019,71
1,8314,48
1,8377,36
0,8079,59
1,8282,60
2,8399,56
1,8225,50
2,8164,26
1,8263,48
0,8102,41
1,8485,33
1,8459,24
0,8386,61
0,8386,79
2,8435,41
2,8435,79
1,8292,22
1,8041,25
0,8145,29
0,8082,23
1,8197,56
1,8224,34
1,8224,74
1,8026,52
0,8041,56
1,8327,37
0,8135,30
1,8427,53
1,8427,75
0,8420,41
1,8206,57
1,8220,28
1,8393,26
0,8277,33
1,8157,22
1,8226,34
1,8022,46
0,8064,55
0,8064,73
1,8204,50
0,8299,55
1,8055,22
0,8039,51
1,8342,39
0,8180,29
2,8182,41
2,8458,45
2,8458,75
0,8269,22
0,8448,32
0,8361,40
0,8361,74
1,8460,61
2,8427,52
1,8125,30
1,8313,54
1,8231,58
0,8376,39
1,8246,36
1,8043,40
1,8043,69
0,8371,34
1,8481,46
2,8159,39
2,8159,76
0,8103,22
0,8379,29
0,8379,72
2,8255,87
2,8158,42
0,8263,49
0,8159,39
1,8468,46
1,8081,31
1,8216,42
1,8370,43
2,8390,29
1,8296,46
0,8304,29
1,8386,52
0,8434,55
0,8104,61
1,8456,46
1,8401,25
2,8154,55
1,8264,37
0,8213,33
0,8200,26
0,8139,52
0,8149,29
1,8366,44
1,8366,71
0,8211,24
1,8042,48
0,8259,58
0,8058,37
1,8480,34
0,8393,32
1,8395,24
1,8423,25
2,8156,51
0,8485,52
0,8209,46
0,8372,36
0,8205,34
1,8226,37
0,8364,28
0,8062,23
1,8355,56
1,8295,31
1,8291,40
1,8064,47
2,8325,47
2,8382,40
2,8382,70
0,8134,34
1,8359,36
2,8056,25
2,8056,73
0,8378,49
0,8295,33
2,8101,87
1,8414,40
1,8414,70
2,8458,57
0,8487,44
0,8487,73
0,8165,51
1,8226,56
1,8225,42
1,8225,76
1,8385,58
0,8394,29
1,8062,57
0,8256,35
0,8256,69
2,8336,22
1,8387,87
0,8057,44
1,8303,40
0,8392,46
0,8078,46
0,8214,61
0,8214,78
0,8093,41
0,8093,75
2,8483,41
1,8450,59
0,8348,35
2,8147,23
0,8470,33
2,8117,58
2,8117,76
0,8090,24
1,8069,60
2,8024,50
1,8288,24
1,8071,34
1,8447,26
1,8447,72
0,8459,25
1,8258,24
1,8187,27
1,8187,71
1,8133,57
1,8133,76
0,8207,30
1,8210,36
0,8285,44
1,8240,51
1,8144,61
2,8203,38
1,8134,23
0,8294,39
2,8311,53
0,8249,60
0,8311,31
1,8208,55
2,8384,54
2,8384,78
2,8289,50
2,8395,55
2,8395,74
0,8142,26
1,8171,57
1,8327,36
1,8026,56
1,8058,42
0,8161,25
1,8185,24
2,8139,61
2,8139,75
0,8327,35
1,8478,39
0,8259,44
2,8118,26
2,8321,51
0,8346,29
0,8261,31
1,8378,40
1,8344,59
0,8430,29
0,8189,42
0,8397,54
0,8428,33
1,8268,24
1,8268,79
0,8026,35
1,8358,30
0,8188,50
0,8266,27
0,8029,33
1,8313,46
2,8080,26
2,8080,79
2,8317,55
1,8071,58
0,8360,49
0,8412,58
1,8157,47
1,8127,50
1,8074,52
2,8273,87
0,8361,47
0,8071,28
0,8182,53
2,8273,50
1,8249,60
1,8500,87
1,8460,35
0,8003,58
1,8349,52
1,8271,27
1,8271,79
1,8453,58
2,8178,29
1,8308,87
0,8107,55
0,8035,31
1,8128,28
2,8101,60
1,8053,47
1,8053,70
1,8326,42
0,8010,48
0,8318,38
1,8341,34
0,8406,60
0,8406,78
2,8470,37
1,8488,50
1,8488,74
1,8360,34
1,8339,22
1,8150,33
1,8150,73
0,8182,48
1,8360,27
1,8276,42
1,8276,76
0,8002,52
1,8107,35
2,8437,26
1,8121,29
2,8239,23
0,8132,47
0,8501,45
0,8477,31
1,8346,27
1,8282,50
0,8319,41
1,8414,41
1,8433,30
1,8327,23
0,8205,24
1,8042,31
1,8092,33
2,8025,46
2,8059,35
1,8436,52
2,8479,52
2,8479,79
1,8300,44
1,8229,33
1,8072,87
2,8256,31
2,8283,58
0,8039,42
0,8410,45
0,8410,74
1,8436,25
0,8413,51
0,8453,56
1,8087,47
1,8159,46
0,8351,34
1,8223,60
1,8273,54
1,8289,33
1,8365,38
1,8023,41
1,8064,57
2,8450,61
0,8344,25
0,8276,38
0,8221,44
0,8185,37
1,8342,47
0,8260,52
0,8305,43
0,8154,87
1,8454,49
1,8334,49
0,8260,46
1,8352,32
1,8281,87
1,8380,57
1,8386,26
0,8452,33
1,8407,45
0,8296,57
2,8180,46
1,8374,59
0,8315,27
1,8272,60
0,8187,28
1,8236,53
0,8168,36
1,8114,26
1,8381,45
1,8450,31
0,8345,52
0,8170,27
1,169,56
1,169,70
1,280,49
1,319,37
2,539,45
0,530,54
1,727,35
0,698,45
0,698,70
2,399,30
1,565,42
1,737,26
1,552,47
1,19,39
1,776,29
1,776,72
0,724,22
1,529,29
0,450,57
1,553,45
1,553,79
1,719,25
1,569,22
0,327,26
2,416,35
2,416,78
1,420,59
1,435,30
0,237,33
1,43,34
2,751,49
2,35,35
1,60,38
0,420,56
0,420,69
0,420,76
2,186,59
1,285,26
1,41,49
1,735,33
1,723,23
1,79,27
1,641,51
1,641,78
1,432,61
0,794,58
0,794,73
1,280,23
1,280,78
1,63,45
0,194,39
1,329,53
2,497,34
1,230,58
1,230,71
1,199,49
1,386,45
0,129,30
1,707,47
1,643,29
1,131,50
1,745,23
1,51,31
1,523,54
1,278,45
1,626,27
1,573,46
1,673,50
1,684,58
1,510,48
1,510,70
2,701,37
1,401,52
2,454,49
1,501,35
1,166,33
1,50,23
2,417,39
1,331,24
0,579,28
1,544,25
2,699,42
2,83,39
1,673,35
2,41,49
2,41,72
2,539,56
2,269,42
1,378,37
1,378,78
1,26,22
0,780,36
0,526,35
1,728,42
1,352,41
0,243,35
1,350,27
2,156,28
2,710,39
2,214,29
1,58,31
0,666,58
0,547,60
1,486,28
1,352,35
1,551,46
1,443,35
2,697,54
2,697,79
0,753,29
1,217,52
1,697,31
2,345,34
1,633,58
2,291,35
2,291,77
1,751,36
2,775,38
1,758,53
1,374,50
2,719,25
2,252,61
1,205,51
1,281,46
2,444,37
2,778,41
1,208,45
1,430,27
1,430,76
1,739,44
1,202,56
1,234,30
1,234,76
1,20,59
1,428,58
1,158,53
1,158,79
1,763,25
1,536,29
2,206,32
2,206,71
1,764,26
2,563,40
2,563,77
1,66,49
1,628,39
2,518,25
1,413,26
1,293,49
1,293,79
1,214,60
1,371,51
1,129,60
2,352,24
1,230,36
1,230,72
2,84,41
1,584,26
0,429,58
1,515,45
0,658,51
1,100,44
1,36,39
1,748,37
1,703,52
1,737,51
1,459,60
1,69,50
1,69,71
0,696,29
0,696,72
2,773,59
2,91,59
2,91,69
1,718,47
1,234,50
1,452,28
2,66,52
2,66,76
1,151,60
1,129,43
1,574,43
1,574,70
0,285,31
1,194,32
1,194,75
1,351,46
1,576,41
2,713,52
1,456,37
1,697,33
2,667,46
1,754,51
1,716,51
1,716,74
2,612,31
1,799,49
1,693,28
1,693,77
1,709,29
1,656,31
2,216,54
2,216,70
2,498,43
1,46,57
1,587,49
2,24,42
0,607,34
1,693,31
1,621,60
1,109,57
1,120,54
1,59,55
1,59,77
1,740,59
1,91,38
1,2,27
2,52,41
1,381,46
2,426,26
1,758,34
1,63,46
1,497,61
1,765,59
1,107,34
2,701,50
2,701,74
2,216,53
2,216,79
1,554,53
1,314,60
0,42,56
1,173,60
1,173,71
1,163,44
1,163,75
2,11,52
2,11,71
1,311,33
1,149,49
1,149,74
1,20,29
2,175,60
1,637,35
1,425,48
1,683,61
1,798,43
1,68,41
0,381,22
1,52,55
2,241,32
1,657,51
1,70,37
2,92,48
1,65,49
1,570,32
2,307,32
2,307,77
1,666,52
2,563,60
2,117,57
2,117,72
2,597,29
1,117,33
1,648,52
1,767,61
2,762,55
1,192,54
2,721,58
1,70,23
0,323,31
2,525,39
1,408,53
1,408,75
1,460,46
1,555,45
1,555,76
1,135,57
1,361,55
1,681,52
1,738,33
1,560,44
1,560,69
0,319,23
1,299,53
1,591,36
1,591,70
1,403,46
1,403,79
1,187,37
1,544,50
1,765,51
1,238,34
1,238,75
1,506,33
1,145,51
1,517,58
2,62,23
1,612,39
1,612,76
1,239,43
1,139,36
1,28,49
1,28,77
1,710,60
1,19,24
1,135,61
2,288,24
0,422,32
2,330,51
1,769,37
1,770,23
2,777,30
2,777,74
0,351,40
1,779,47
1,663,42
1,102,49
1,523,32
1,545,47
1,545,79
1,186,54
1,186,75
2,748,45
1,406,47
1,663,61
2,478,39
1,109,36
1,24,41
1,260,38
1,260,77
0,462,49
2,434,56
1,394,22
1,394,76
2,591,33
2,696,48
1,13,31
1,735,29
1,735,71
1,347,29
1,472,49
1,154,60
1,530,47
1,463,52
2,537,23
2,578,49
0,528,24
1,214,38
1,233,37
1,166,38
1,435,25
2,686,33
1,260,40
1,633,46
1,633,73
1,637,51
1,415,38
1,415,72
2,42,25
2,709,40
1,567,25
1,506,61
2,14,42
1,122,34
1,438,31
0,395,34
1,557,22
1,90,35
1,337,22
1,7,38
2,323,60
2,158,37
1,727,61
1,406,52
2,215,38
2,215,71
2,690,22
1,171,28
1,50,25
1,50,76
1,449,22
1,449,75
1,743,33
1,728,32
1,253,43
2,625,60
1,417,40
1,557,27
1,111,58
1,111,79
1,574,38
2,158,51
2,722,31
1,120,38
1,127,39
1,561,51
1,561,75
2,506,42
1,688,50
0,194,52
2,39,39
2,190,33
1,136,31
1,306,45
1,81,37
1,54,23
2,437,42
1,155,49
0,250,43
1,590,47
1,166,52
1,408,35
1,148,44
2,39,26
2,46,38
2,476,57
1,591,32
1,591,77
1,458,22
0,118,24
1,685,45
2,400,38
1,92,22
1,268,54
1,202,31
1,202,75
2,55,30
2,55,71
0,252,41
2,381,36
2,662,36
1,717,52
2,229,39
1,506,37
0,294,60
0,124,34
1,326,56
1,326,71
1,99,45
1,357,46
1,357,72
2,707,49
1,509,36
1,448,60
0,616,38
1,695,31
1,695,69
1,474,26
2,573,51
1,538,49
1,362,59
1,278,50
2,84,42
2,252,43
1,617,60
1,551,37
1,551,77
1,553,38
1,116,57
1,378,27
0,679,35
1,84,54
1,84,73
1,496,60
1,496,75
1,341,57
1,341,77
1,493,29
1,239,41
1,278,47
1,278,79
1,555,23
1,439,38
0,191,26
1,439,52
1,300,43
1,354,43
1,354,72
1,763,48
1,763,75
0,240,31
1,244,27
1,460,44
1,219,58
1,464,54
1,515,46
1,404,38
1,240,57
1,240,73
2,328,42
1,153,36
1,34,39
1,34,78
2,508,24
1,637,45
0,288,50
1,396,57
0,446,32
0,446,74
1,610,47
1,772,34
2,426,31
2,732,54
2,37,41
1,642,41
1,617,25
1,314,32
1,321,49
1,321,77
2,325,27
2,232,60
0,378,48
2,44,55
1,249,60
2,82,54
2,160,22
1,695,34
0,469,37
0,469,74
2,695,27
2,695,77
1,356,55
2,567,52
2,386,32
2,386,75
2,225,56
1,274,24
1,545,29
1,674,59
0,475,54
2,608,35
1,58,58
1,380,39
1,657,59
1,712,53
1,677,44
1,131,29
1,490,60
2,532,25
1,691,26
1,691,77
1,153,46
1,428,44
1,265,25
1,350,46
1,255,35
1,119,42
1,408,59
1,408,71
1,2,41
1,508,37
2,405,26
0,61,52
1,560,38
0,199,26
1,181,50
2,563,37
1,712,51
1,321,49
1,574,44
1,574,76
2,757,56
2,757,69
2,406,32
0,346,36
1,595,26
1,441,33
0,87,56
0,87,71
1,270,58
1,211,36
2,698,23
2,693,39
1,634,53
1,731,58
1,618,50
1,398,50
2,246,51
1,431,30
2,554,31
1,294,40
2,82,39
1,707,24
1,50,38
1,298,42
1,726,35
1,536,32
1,195,22
2,552,29
1,536,40
1,641,46
1,727,47
1,100,38
1,95,43
1,585,25
2,676,24
1,708,50
1,708,70
0,334,27
1,302,46
1,5360,40
2,5282,48
2,5282,69
1,5463,56
0,5890,36
0,5057,56
0,5730,36
0,5730,69
0,5545,27
0,5545,71
0,5550,49
0,5550,75
0,5568,26
0,5568,76
1,5463,23
1,5143,31
1,5881,48
0,5035,26
1,5791,28
1,5352,61
0,5435,27
1,5081,59
1,5834,49
0,5229,37
0,5829,34
1,5361,53
1,5361,69
1,5075,50
1,5450,47
1,5871,50
1,5871,72
1,5383,39
1,5492,61
1,5492,73
0,5352,29
0,5352,77
0,5674,30
0,5674,70
1,5007,27
1,5765,47
0,5375,37
0,5637,47
0,5272,54
1,5387,24
1,5747,35
1,5463,61
1,5674,47
1,5280,45
0,5117,36
0,5705,51
0,5705,74
1,5160,46
0,5550,49
0,5577,39
0,5360,36
0,5750,29
0,5750,72
1,5145,41
1,5761,26
1,5761,70
1,5185,44
1,5184,28
1,5497,44
1,5846,36
0,5608,48
1,5053,39
0,5039,50
0,5474,50
0,5474,75
1,5455,87
1,5262,25
0,5320,53
0,5149,29
0,5412,27
0,5137,60
0,5137,77
1,5481,41
0,5612,51
0,5754,59
1,5061,61
0,5920,45
0,5893,49
0,5893,71
0,5709,52
1,5866,29
0,5251,55
2,5096,87
0,5552,45
0,5552,70
0,5019,87
0,5079,54
1,5641,24
0,5042,31
1,5479,26
1,5479,72
1,5348,29
1,5226,33
0,5119,43
0,5119,70
1,5391,39
0,5372,61
1,5217,61
1,5218,59
0,5080,25
1,5400,53
1,5400,71
1,5525,59
0,5859,49
1,5540,34
1,5702,48
1,5579,87
1,5511,50
0,5688,56
2,5154,33
0,5894,22
0,5201,30
0,5126,23
0,5107,43
2,5393,40
0,5769,47
1,5807,24
1,5807,76
1,5154,29
0,5420,51
0,5925,25
1,5641,52
0,5940,56
0,5940,70
0,5684,31
1,5918,60
0,5452,33
1,5057,22
0,5270,47
0,5912,24
1,5553,29
1,5262,47
2,5347,52
0,5944,25
0,5136,35
0,5136,70
1,5414,54
1,5414,72
1,5923,22
1,5923,69
0,5908,50
0,5908,74
1,5088,33
0,5104,54
1,5906,52
1,5901,36
1,5494,87
1,5187,55
1,5846,61
1,5573,51
1,5573,76
0,5587,45
0,5166,46
2,5251,32
1,5168,42
1,5168,78
1,5500,40
1,5727,47
0,5212,28
1,5249,40
1,5288,43
0,5170,57
0,5600,30
0,5132,43
1,5506,23
0,5182,50
0,5182,78
0,5060,30
1,5661,40
1,5735,47
2,5025,41
1,5169,22
1,5169,73
0,5933,38
0,5933,71
0,5091,34
0,5924,49
0,5592,49
0,5592,69
0,5568,57
1,5357,25
0,5214,22
0,5714,32
1,5754,40
0,5078,54
1,5195,30
0,5528,33
0,5554,29
0,5554,72
0,5874,44
0,5736,35
1,5083,52
0,5828,51
0,5313,41
1,5338,50
0,5330,52
0,5330,73
1,5594,25
0,5672,35
1,5535,59
1,5014,41
1,5265,57
1,5940,42
0,5672,30
1,5630,32
1,5542,47
0,5478,44
1,5786,27
1,5758,41
1,5758,76
1,5795,45
1,5795,78
0,5318,53
0,5318,75
1,5328,35
0,5182,56
1,5245,49
0,5762,41
0,5762,73
0,5795,40
0,5355,45
1,5563,87
1,5535,34
1,5535,70
1,5431,34
0,5800,23
1,5807,37
1,5908,38
1,5591,59
0,5586,39
0,5832,61
0,5350,29
1,5391,23
0,5325,48
0,5393,29
1,5048,58
1,5048,79
0,5658,59
0,5326,28
0,5326,69
0,5829,60
1,5818,38
1,5818,75
0,5472,87
1,5021,53
0,5919,49
0,5928,49
1,5529,44
1,5301,23
0,5111,27
0,5111,75
0,5144,50
0,5504,51
1,5361,36
0,5301,30
1,5153,87
1,5325,54
1,5325,79
1,5712,56
1,5804,22
1,5210,30
1,5354,57
1,5354,73
1,5095,56
1,5095,76
0,5247,54
0,5247,70
0,5345,24
1,5711,43
1,5091,35
0,5482,25
0,5760,34
0,5595,41
1,5027,27
0,5728,40
0,5728,76
1,5857,52
0,5815,45
0,5815,71
1,5750,26
0,5433,41
0,5115,23
0,5115,76
1,5597,32
1,5690,41
0,5249,58
0,5781,28
0,5641,49
1,5210,43
1,5506,58
1,5506,79
0,5268,32
0,5268,76
0,5004,58
0,5004,74
0,5656,43
0,5245,35
1,5084,23
0,5662,41
0,5662,70
1,5718,39
1,5718,78
1,5007,46
1,5007,72
1,5108,47
1,5459,33
0,5194,27
0,5583,25
1,5922,30
1,5912,58
0,5180,44
0,5818,48
1,5430,57
1,5384,60
1,5077,54
1,5638,32
0,5896,34
0,5896,77
1,5505,54
1,5812,29
1,5833,24
0,5650,53
1,5533,50
1,5558,49
1,5558,79
0,5613,49
1,5341,56
1,5003,42
1,5003,74
1,5546,55
1,5827,31
1,5702,59
1,5702,70
1,5661,46
0,5249,30
0,5114,57
0,5578,47
0,5578,75
0,5064,59
2,5307,22
1,5479,39
1,5146,22
0,5893,49
1,5824,41
0,5536,48
0,5160,24
0,5100,61
1,5635,52
1,5205,41
0,5782,26
1,5788,54
1,5519,50
0,5562,56
0,5562,76
2,5848,37
1,5261,59
1,5261,79
2,5158,30
1,5353,28
1,5804,55
1,5804,69
1,5114,56
0,5476,49
0,5476,77
0,5535,41
0,5265,51
0,5087,37
0,5087,75
1,5709,48
1,5709,72
0,5849,39
1,5709,43
0,5778,26
0,5627,26
0,5919,59
1,5279,56
0,5220,57
1,5429,23
0,5542,27
0,5832,45
1,5443,46
0,5363,25
0,5363,72
0,5605,35
1,5286,29
1,5929,48
2,5480,30
2,5480,71
0,5301,58
0,5499,45
1,5608,54
0,5699,47
0,5699,77
1,5823,33
2,5097,38
1,5383,45
1,5383,69
1,5579,49
0,5783,31
1,5206,36
1,5166,23
0,5039,54
1,5129,46
1,5129,69
0,5894,37
0,5929,59
0,5105,39
0,5084,36
0,5084,70
1,5429,46
0,5163,42
0,5549,52
0,5549,72
2,5678,36
0,5067,36
1,5435,29
1,5307,27
1,5721,39
1,5721,75
0,5493,87
0,5493,78
1,5944,39
1,5083,56
0,5165,45
0,5677,39
0,5738,29
0,5738,79
1,5605,44
1,5487,42
0,5181,40
0,5181,79
0,5922,26
1,5457,34
0,5190,49
1,5201,60
1,5201,69
0,5924,38
0,5291,56
0,5040,25
1,5603,49
1,5673,41
1,5385,55
1,5385,79
1,5133,59
0,5799,27
0,5104,31
0,5104,72
0,5297,38
1,5317,31
0,5448,59
0,5102,54
1,5005,28
1,5728,54
1,5395,49
1,5405,23
1,5082,33
0,5106,30
1,5001,37
1,5001,79
1,5833,48
1,5833,75
0,5185,87
1,5458,57
0,5548,87
2,5924,48
0,5842,37
1,5895,50
1,5163,32
0,5357,36
1,5381,41
0,5182,46
0,5182,73
0,5775,38
1,5655,50
1,5246,36
1,5673,35
1,5827,29
1,5532,32
0,5166,46
0,5166,70
1,5173,57
1,5469,35
1,5469,71
0,5263,87
0,5056,48
0,5411,45
2,5085,38
0,5580,47
0,5580,71
0,5198,52
0,5198,73
0,5592,56
0,5399,53
0,5367,24
0,5367,79
1,5292,49
1,5655,55
1,5208,32
0,5434,39
0,5623,27
0,5623,71
0,5771,37
1,5094,53
1,5179,51
0,5219,39
0,5768,28
1,5507,55
1,5507,76
1,5020,50
1,5020,75
0,5501,55
1,5243,48
1,5698,50
1,5777,87
1,5777,71
1,5661,47
1,5661,74
0,8080,40
1,8286,60
1,8300,34
1,8300,76
1,8384,28
1,8446,57
0,8121,54
0,8074,51
2,8157,37
0,8005,59
1,8073,42
1,8073,71
2,8021,28
1,8148,47
2,8477,49
0,8064,36
2,8242,28
2,8242,70
1,8201,48
1,8240,28
1,8379,48
1,8177,32
0,8490,30
1,8499,57
0,8166,47
1,8398,26
1,8457,46
1,8290,59
1,8139,54
1,8139,75
0,8180,29
0,8139,40
1,8017,56
2,8443,50
1,8207,37
1,8250,32
0,8294,45
0,8459,42
1,8101,24
0,8462,25
1,8266,26
1,8054,31
1,8182,30
1,8246,56
0,8389,23
2,8427,34
1,8105,34
1,8102,42
1,8418,37
1,8344,42
1,8344,72
0,8292,35
0,8292,70
0,8383,44
1,8111,59
1,8092,44
2,8171,48
1,8492,58
0,8300,59
0,8241,61
1,8048,57
0,8402,54
1,8019,22
1,8226,45
0,8396,39
2,8468,52
0,8398,26
0,8210,48
1,8489,58
0,8161,59
2,8463,24
2,8150,29
2,8205,56
2,8226,24
1,8034,31
0,8474,39
1,8199,36
1,8199,78
1,8281,47
1,8281,70
1,8360,23
0,8030,60
0,8400,28
2,8413,61
1,8210,51
0,8415,45
1,8469,22
1,8294,32
1,8155,28
0,8191,37
1,8345,46
0,8302,22
1,8215,54
1,8210,41
1,8340,36
1,8340,77
0,8165,27
1,8169,34
1,8408,87
1,8164,51
1,8493,51
1,8265,39
0,8193,31
2,8137,39
1,8270,30
1,8270,70
0,8491,48
1,8397,59
0,8151,49
0,8341,57
0,8075,45
1,8386,54
2,8179,25
0,8018,34
1,8086,49
0,8108,29
0,8297,49
2,8058,60
1,8321,22
1,8321,78
1,8244,52
1,8032,44
0,8080,34
2,8208,49
0,8404,38
0,8404,72
1,8173,35
0,8230,49
1,8386,28
1,8086,45
0,8139,27
0,8446,22
0,8446,75
0,8195,58
0,8129,26
0,8258,56
0,8209,52
1,8282,58
1,8389,87
1,8310,32
1,8372,31
0,8186,29
2,8457,39
2,8457,78
0,8368,22
1,8086,42
2,8338,44
1,8172,30
0,8331,45
1,8226,51
2,8072,87
0,8012,49
1,8391,55
1,8074,40
0,8169,50
0,8080,49
1,8360,48
0,8049,51
0,8049,79
1,8447,46
0,8125,41
1,8403,47
0,8429,45
2,8461,32
0,8100,43
0,8100,73
1,8232,49
0,8488,23
0,8254,59
0,8254,73
1,8370,45
1,8370,78
0,8348,38
2,8373,55
0,8195,34
0,8226,60
0,8016,44
2,8161,27
1,8351,56
0,8273,36
0,8403,43
1,8045,35
2,8328,38
0,8080,35
0,8149,29
0,8378,53
1,8036,39
1,8394,61
1,8335,44
1,8335,72
1,8149,43
1,8258,36
2,8313,25
2,8313,71
2,8104,38
1,8464,28
0,8332,46
0,8332,71
0,8284,38
1,8384,57
1,8399,58
1,8022,41
0,8173,32
0,8455,56
1,8009,50
2,8323,50
2,8323,75
1,8096,39
2,8146,29
1,8234,42
0,8327,39
1,8230,28
1,8161,61
0,8423,36
0,8423,72
1,8345,44
0,8387,61
1,8037,54
1,8322,53
1,8274,29
1,8274,70
0,8005,58
1,8035,43
0,8361,25
0,8041,26
0,8041,75
1,8457,29
0,8089,25
0,8395,57
0,8395,72
1,8312,47
1,8359,44
2,8482,25
1,8318,41
0,8412,35
0,8412,74
1,8319,61
1,8124,25
0,8487,43
0,8487,71
0,8288,24
1,8273,54
0,8014,55
1,8005,56
1,8294,50
2,8472,87
2,8472,77
2,8323,34
1,8358,39
0,8341,60
1,8285,40
1,8285,70
1,8177,32
2,8274,60
1,8377,48
1,8377,77
1,8410,59
1,8414,35
0,8228,23
0,8276,26
1,8180,60
1,8180,71
1,8444,37
1,8444,69
0,8270,60
1,8436,46
1,8296,49
1,8296,70
1,8419,37
0,8133,61
1,8055,40
1,8277,37
1,8244,46
1,8298,87
1,8369,48
2,8488,39
0,8422,52
1,8460,51
1,8386,24
0,8234,43
0,8323,40
1,8488,32
0,8279,38
0,8079,38
1,8438,34
2,8395,49
2,8395,76
2,8435,55
0,8477,27
1,8291,25
0,8436,45
0,8436,75
1,8089,33
2,8479,32
2,8479,78
1,8496,41
0,8358,34
0,8277,40
1,8486,44
1,8245,47
1,8157,35
1,8448,30
1,8236,52
1,8483,32
1,8275,51
0,8323,53
1,8174,30
1,8137,54
0,8256,59
0,8051,49
1,8190,25
2,8284,46
2,8284,70
2,8262,87
1,8083,28
1,8101,22
1,8438,25
1,8438,70
1,8247,25
0,8087,40
0,8087,74
0,8215,30
0,8011,38
1,8166,31
1,8101,39
1,8083,45
0,8273,29
0,8370,53
0,8128,53
0,8196,40
2,8247,60
1,8164,40
1,8164,71
2,8069,27
2,8069,71
2,8432,54
2,8432,74
1,8162,28
0,8259,43
0,8333,26
1,8247,33
0,8086,35
1,8077,57
1,8384,34
2,8380,37
1,8404,40
1,8103,51
1,8124,45
0,8216,38
1,8184,46
0,8054,22
0,8054,73
1,8002,58
1,8225,61
2,8251,25
2,8251,74
2,8198,47
1,8426,31
0,8471,27
0,8105,22
0,8351,56
2,8109,52
1,8094,87
1,8094,69
1,8155,33
1,8255,53
1,8166,22
1,8350,57
0,8026,52
0,8174,44
0,8244,29
2,8125,57
1,8129,53
0,8192,47
0,8456,26
1,8085,44
2,8006,25
1,8121,38
1,8420,57
1,8125,33
1,8318,36
2,8420,57
0,8405,24
0,8320,46
0,8240,56
1,8249,56
1,8101,46
1,8173,38
1,8430,56
0,8311,26
2,8290,53
2,8139,49
2,8139,73
0,8007,60
0,8244,60
0,8327,59
1,8313,87
1,8014,22
1,8385,45
0,8269,23
1,8201,51
1,8392,25
0,8404,26
0,8092,43
1,8300,49
1,8429,48
1,8384,55
1,8044,59
0,8184,47
1,8280,43
1,8296,26
1,8066,29
1,8122,60
0,8148,61
1,8396,40
0,8069,27
2,8169,43
0,8138,58
0,8271,36
1,8151,34
0,8173,61
0,8036,59
1,8101,48
1,8363,26
2,8081,60
2,8081,73
0,8458,29
1,8010,46
2,8208,26
2,8188,22
1,8225,35
2,8206,41
0,8304,48
0,8304,70
1,8022,56
0,8277,55
0,8277,75
0,8135,24
0,8135,75
1,8071,33
0,8401,43
1,8327,50
1,8327,27
1,8071,25
1,8243,49
1,8371,46
1,8371,70
0,8177,49
0,8132,31
1,8353,30
1,8413,51
1,8128,44
1,8097,61
0,8018,37
0,8018,70
0,8407,49
1,8471,46
1,8196,48
1,8196,76
1,8104,22
1,8207,40
2,8379,53
1,8183,41
1,8183,78
1,8077,24
1,8007,48
0,8348,59
0,8478,61
1,8470,28
1,8030,38
1,8273,61
2,8148,61
0,8399,39
1,8127,44
2,8362,32
2,8453,38
1,8458,61
0,8411,55
0,8336,34
1,8313,50
2,8247,22
1,8289,33
1,8103,35
2,8117,29
0,8266,60
2,8172,24
0,8267,33
2,8383,23
1,8261,39
1,8073,48
1,8088,26
0,8438,44
0,8372,39
1,8256,57
1,8059,28
1,8233,26
0,8347,52
1,8059,51
1,8180,43
1,8387,58
1,8322,34
1,8319,54
1,8229,23
0,8472,46
1,8443,48
1,8061,47
1,8154,47
1,8200,57
0,8018,60
0,8365,32
2,8225,52
1,173,23
1,653,25
2,610,47
1,638,32
1,213,42
1,168,32
1,168,73
1,643,57
2,256,34
2,674,23
1,708,27
1,141,52
1,141,79
1,227,26
1,688,27
1,750,24
2,751,27
1,136,36
1,759,55
1,759,72
0,154,31
2,231,50
1,448,49
1,610,59
1,115,47
2,15,46
1,746,51
1,746,72
2,87,44
2,91,49
2,570,30
2,570,78
1,666,44
1,517,59
1,707,54
1,432,58
1,156,25
0,25,30
0,25,74
1,564,56
1,564,69
1,680,25
1,185,35
1,329,22
1,180,45
1,612,36
1,735,36
1,123,49
2,41,54
2,252,45
2,61,56
1,442,51
2,577,50
1,313,56
1,313,78
1,793,58
1,793,73
1,694,23
1,719,35
1,391,42
2,751,55
1,188,60
0,408,54
0,760,31
0,760,72
1,26,48
1,409,58
2,640,57
1,174,25
1,205,51
1,465,22
2,226,42
1,372,22
1,372,70
1,703,23
1,22,55
1,748,25
1,748,78
1,350,60
1,798,40
1,62,38
2,506,56
1,610,56
1,438,42
1,586,58
1,292,30
1,402,32
1,460,61
1,495,41
1,307,55
1,706,55
1,192,36
2,617,29
1,54,35
1,54,72
0,244,32
1,94,49
1,544,30
1,94,51
2,509,54
1,627,61
1,627,74
1,505,57
1,287,30
1,250,57
1,250,70
2,243,54
1,545,47
1,23,57
1,213,51
1,410,26
1,410,79
1,490,41
2,440,54
1,11,32
1,90,52
2,308,36
1,764,61
1,363,52
1,363,75
2,113,28
1,697,57
1,173,29
1,173,79
1,174,53
1,102,24
2,294,48
1,403,49
1,395,29
1,395,71
1,19,44
1,9,33
0,666,39
0,22,38
2,241,59
2,19,34
2,172,52
2,172,70
1,184,61
0,764,40
1,735,23
1,615,50
2,437,29
0,123,61
1,531,39
1,282,49
1,472,50
2,496,60
1,553,50
2,632,29
2,632,77
1,174,29
1,29,31
2,71,32
1,587,37
1,607,32
1,607,79
1,390,52
1,2,56
1,2,69
2,644,57
1,642,36
1,563,30
1,734,58
1,293,55
1,26,40
1,26,74
2,36,42
1,509,26
1,509,77
1,61,28
2,367,34
1,684,25
2,107,50
2,107,75
1,81,22
1,81,74
1,742,30
1,558,55
1,558,79
1,291,34
1,465,61
1,221,29
1,687,43
1,62,35
1,62,79
1,727,57
0,406,44
2,29,55
2,561,55
2,561,77
1,523,48
1,523,79
1,204,36
1,567,29
1,599,52
1,599,78
1,665,31
1,665,74
1,527,24
2,766,33
2,298,49
1,190,29
1,190,74
1,750,27
1,750,78
1,558,54
1,558,72
1,41,57
1,523,36
1,523,70
1,628,27
1,180,34
1,84,44
1,84,74
1,604,30
2,355,53
2,355,73
1,109,36
2,274,41
2,274,74
0,709,36
0,709,72
1,530,48
1,354,41
2,669,26
2,669,77
1,338,56
2,259,40
0,113,44
1,770,29
2,592,60
1,42,45
2,157,22
1,242,61
0,762,52
0,762,73
2,152,59
1,277,36
1,319,23
1,298,28
1,761,41
1,761,79
2,311,53
1,148,23
1,148,73
2,455,54
0,214,31
1,343,58
2,505,43
1,101,51
1,101,71
2,527,31
1,474,52
2,508,31
1,50,30
1,50,71
2,196,38
2,531,28
1,317,55
1,752,53
1,752,77
1,560,38
1,657,56
1,729,56
1,375,38
0,76,59
2,390,56
1,67,61
1,467,59
1,451,61
1,528,32
0,66,46
0,66,71
1,534,53
1,776,38
1,776,69
1,415,53
1,300,23
2,574,57
2,574,77
1,335,29
1,207,36
2,41,27
2,41,74
1,403,30
0,305,58
1,247,49
1,193,59
0,732,43
0,732,71
1,320,60
1,320,79
1,242,24
1,244,60
1,244,72
2,587,60
1,722,57
2,652,43
1,696,41
1,715,36
1,44,29
1,116,44
1,116,71
1,714,54
1,45,34
2,115,42
1,473,26
1,473,79
1,528,44
1,663,51
0,290,48
2,26,31
2,26,74
1,202,47
1,389,61
1,389,72
1,122,52
1,122,73
1,501,28
1,336,59
1,327,55
1,327,69
1,500,37
1,195,29
1,195,72
2,147,25
1,795,56
1,795,73
1,758,35
1,758,79
2,547,36
1,336,29
1,336,69
1,788,27
1,101,31
2,523,59
1,629,41
1,390,47
1,390,78
1,330,33
1,330,70
1,276,28
1,276,71
1,141,60
1,141,72
1,747,58
1,3,58
2,781,29
2,771,27
1,639,61
1,531,48
1,409,52
1,28,41
1,7,40
1,687,47
1,687,76
1,763,45
1,134,58
1,325,59
1,298,35
1,399,46
1,425,59
0,203,51
1,304,23
1,180,30
1,180,78
2,7,59
2,7,78
1,372,23
1,560,43
1,560,69
1,5,44
2,597,54
1,325,57
1,229,43
1,69,40
1,723,30
1,723,79
1,742,44
1,742,72
2,40,43
1,6,39
1,375,61
2,555,40
0,684,23
0,684,76
1,265,40
1,559,39
1,584,53
1,274,57
1,674,49
1,674,72
2,746,42
1,542,30
1,42,27
2,10,43
0,52,43
2,579,34
1,785,31
1,457,25
1,221,35
1,669,44
2,460,53
0,156,28
0,156,70
2,223,46
1,263,29
2,191,56
1,518,51
2,59,58
1,637,53
0,637,40
0,659,55
1,454,46
1,454,78
2,127,35
2,624,24
1,409,22
1,2,26
0,33,28
0,33,72
1,104,24
2,490,59
2,678,41
1,533,55
1,533,75
0,704,55
2,475,56
2,475,70
1,284,38
2,632,24
0,531,48
2,295,37
1,636,57
0,110,49
1,425,42
1,425,71
0,585,41
2,5274,40
0,5638,50
0,5638,71
1,5209,50
1,5209,76
1,5068,41
0,5080,60
0,5864,29
0,5864,69
1,5883,30
1,5499,31
0,5277,34
1,5487,56
1,5339,57
0,5238,48
0,5899,26
0,5192,61
1,5740,22
0,5787,26
1,5229,57
1,5038,39
0,5393,49
0,5020,28
1,5867,48
0,5906,43
1,5827,56
1,5287,43
1,5738,45
1,5226,22
1,5226,69
1,5928,58
1,5928,71
0,5758,32
1,5899,57
1,5375,48
0,5283,34
0,5705,41
0,5329,87
1,5211,28
1,5211,73
1,5434,60
1,5878,52
0,5138,46
1,5407,87
1,5331,45
1,5054,26
1,5657,35
1,5356,50
2,5620,25
1,5769,55
1,5769,69
0,5942,55
1,5886,29
0,5707,57
2,5262,24
0,5936,48
0,5676,42
1,5786,41
0,5730,35
2,5862,38
1,5301,53
1,5301,79
1,5192,42
0,5612,87
0,5563,24
0,5563,69
0,5466,48
0,5466,74
0,5298,58
1,5575,33
0,5226,37
1,5347,22
0,5079,37
0,5702,60
0,5702,79
1,5189,39
0,5905,34
1,5502,59
1,5644,29
1,5305,25
2,5036,57
0,5066,39
0,5524,61
1,5592,59
0,5720,39
0,5570,39
0,5570,72
1,5166,55
1,5166,69
1,5834,31
1,5408,26
1,5467,59
0,5097,54
0,5734,24
1,5095,53
1,5095,79
0,5269,31
0,5943,45
1,5717,40
2,5006,27
1,5666,46
1,5517,38
1,5472,49
0,5744,31
1,5580,22
1,5724,41
2,5322,39
1,5218,26
0,5349,38
0,5349,78
1,5498,42
1,5739,33
1,5751,46
1,5401,52
1,5283,31
1,5723,25
0,5006,56
0,5259,60
1,5030,29
0,5883,29
0,5883,77
1,5737,29
0,5381,25
1,5670,51
1,5777,60
0,5936,34
1,5761,42
1,5488,29
0,5630,33
1,5667,23
0,5432,32
1,5319,41
0,5477,45
0,5129,33
0,5129,70
0,5441,27
0,5554,53
1,5851,38
0,5825,27
0,5329,23
0,5017,57
1,5285,37
1,5210,29
1,5210,78
1,5640,37
1,5908,29
1,5135,30
1,5135,73
1,5053,40
1,5053,75
1,5471,44
1,5063,30
1,5872,38
0,5283,55
0,5283,72
1,5092,54
0,5375,23
1,5375,59
1,5375,70
1,5160,57
0,5640,42
0,5786,39
1,5818,60
1,5190,42
1,5471,45
0,5285,38
1,5746,25
0,5011,50
0,5011,72
1,5259,23
1,5202,50
1,5894,87
1,5847,28
1,5847,78
0,5008,27
1,5473,36
0,5428,35
0,5414,45
1,5853,58
1,5746,50
0,5753,26
0,5166,37
0,5170,47
2,5430,50
2,5430,70
1,5074,32
1,5743,56
1,5555,27
0,5166,39
0,5564,28
1,5347,87
0,5650,46
0,5650,77
0,5853,41
1,5358,28
1,5448,23
1,5448,69
1,5451,56
0,5350,24
1,5932,37
0,5824,57
0,5824,79
0,5431,26
0,5431,70
2,5872,59
1,5323,59
1,5323,75
0,5781,26
1,5298,40
1,5016,29
0,5803,56
0,5443,27
0,5443,69
2,5157,25
1,5884,23
1,5785,55
1,5785,77
1,5293,23
1,5858,30
0,5843,30
0,5843,73
1,5489,60
0,5534,45
1,5771,58
1,5931,36
1,5295,47
1,5581,46
1,5776,51
1,5899,23
1,5899,70
0,5429,60
0,5387,61
1,5262,34
1,5262,69
1,5099,87
0,5080,44
1,5106,49
1,5826,45
0,5716,26
0,5898,58
1,5272,24
0,5680,44
1,5818,27
0,5281,30
1,5659,58
1,5062,54
1,5303,36
1,5380,29
0,5209,48
0,5030,59
1,5111,52
0,5942,40
1,5100,50
1,5324,23
1,5629,29
1,5159,40
0,5719,48
0,5719,76
1,5538,34
0,5928,58
0,5928,69
1,5846,32
1,5607,61
1,5607,78
1,5821,44
1,5829,61
0,5766,39
0,5910,22
1,5876,59
0,5468,52
0,5468,74
1,5781,58
1,5345,28
1,5688,32
1,5225,59
1,5195,59
1,5195,77
1,5150,55
1,5150,69
0,5207,25
0,5817,56
1,5671,59
0,5222,41
0,5222,74
0,5912,38
0,5912,73
1,5044,38
1,5035,49
0,5274,32
1,5860,42
1,5752,60
1,5757,57
1,5757,69
1,5770,31
0,5445,29
0,5544,51
0,5851,31
0,5760,44
0,5038,49
1,5336,48
1,5701,56
1,5871,27
0,5227,57
1,5026,43
0,5305,36
1,5473,49
1,5715,27
1,5876,59
1,5009,26
1,5167,31
0,5177,48
0,5177,76
1,5067,31
1,5067,77
1,5156,52
1,5770,28
1,5388,24
0,5657,58
1,5757,48
2,5700,22
1,5470,33
1,5481,26
0,5724,30
0,5724,77
0,5621,38
0,5266,34
1,5315,30
0,5480,41
1,5254,59
2,5376,51
1,5578,43
1,5578,76
1,5304,48
1,5765,48
1,5595,43
0,5479,37
0,5479,71
1,5100,49
0,5513,28
1,5835,29
0,5391,48
1,5191,60
1,5911,28
1,5237,52
1,5453,35
1,5166,38
1,5433,37
0,5595,53
0,5307,51
1,5760,50
1,5255,60
0,5445,49
0,5445,73
1,5004,45
1,5870,35
0,5025,49
0,5544,53
0,5215,39
0,5862,44
1,5522,44
1,5000,60
1,5810,23
0,5692,45
0,5658,58
0,5302,25
0,5302,73
0,5737,53
0,5879,33
1,5465,59
0,5439,41
0,5462,49
1,5493,27
0,5140,29
1,5886,37
0,5520,30
1,5700,48
0,5774,57
1,5309,41
1,5400,37
0,5452,40
1,5631,38
1,5631,72
0,5777,47
0,5777,71
1,5451,33
0,5152,29
0,5152,73
1,5769,52
1,5865,52
0,5902,54
0,5902,72
0,5484,50
1,5264,55
1,5071,33
1,5071,74
0,5493,36
1,5284,36
1,5263,38
1,5573,42
1,5202,48
0,5573,27
0,5061,25
1,5372,29
0,5758,42
0,5592,46
1,5697,50
1,5924,46
1,5739,43
1,5739,71
0,5413,45
1,5314,27
0,5050,31
0,5871,53
1,5106,42
0,5928,22
0,5928,77
1,5713,29
1,5713,77
1,5012,58
1,5110,49
0,5262,44
1,5513,35
1,5513,75
0,5322,25
0,5177,28
0,5177,72
0,5805,49
0,5022,53
1,5408,55
0,5278,42
0,5221,60
1,5187,55
1,5768,33
1,5831,24
1,5213,39
1,5790,33
0,5396,52
1,5517,32
1,5031,25
1,5274,50
1,5347,34
0,5082,55
0,5139,31
0,5139,72
1,5874,59
0,5829,37
1,5295,44
1,5386,41
1,5380,28
1,5548,51
0,5829,60
0,5829,73
1,5593,58
1,5033,50
0,5548,22
1,5786,25
1,5786,77
1,5919,57
1,5115,33
1,5170,31
1,5631,41
2,5201,37
2,5201,71
1,5680,33
0,5885,41
0,5885,70
2,5642,41
2,5339,55
0,5228,54
0,5228,69
1,5045,42
1,5045,71
1,5770,34
1,5225,46
1,5493,50
0,5564,55
1,5851,43
1,5782,46
1,5782,74
1,5888,28
0,5370,42
0,5204,52
0,5204,70
2,5289,58
2,5289,70
0,5899,55
1,5096,35
0,5419,32
0,5419,75
0,5305,87
0,5305,74
0,5132,25
1,5065,44
0,5500,59
1,5858,58
1,5201,40
0,5639,42
1,5702,60
1,5145,33
0,5570,58
0,5425,34
0,5139,54
0,5097,26
0,5097,74
1,8085,30
0,8476,61
0,8500,54
0,8500,74
0,8183,34
1,8225,32
1,8225,79
1,8462,46
2,8253,48
1,8357,33
1,8325,54
1,8147,24
1,8147,70
2,8363,49
1,8048,39
1,8436,22
0,8376,44
1,8271,42
1,8364,37
1,8480,56
1,8033,48
2,8435,43
1,8286,23
0,8398,32
1,8126,28
2,8320,42
1,8234,24
1,8234,76
1,8368,56
1,8441,31
1,8442,51
1,8442,70
1,8383,32
1,8226,36
1,8188,42
1,8188,72
1,8005,44
1,8189,24
1,8070,43
0,8348,30
0,8334,48
1,8414,23
1,8494,23
2,8042,27
0,8395,87
0,8481,31
0,8169,50
0,8106,32
1,8110,31
2,8309,23
2,8309,71
1,8227,52
2,8387,27
0,8483,33
2,8268,58
0,8311,49
0,8311,70
1,8218,29
2,8170,50
1,8158,34
1,8158,74
1,8238,46
2,8001,54
2,8290,87
0,8290,44
1,8478,36
1,8041,60
0,8011,48
1,8108,30
1,8463,26
1,8210,51
0,8448,22
1,8214,41
1,8077,32
1,8077,72
0,8111,54
1,8485,54
1,8485,77
0,8334,50
2,8341,30
2,8475,47
2,8420,32
0,8159,49
1,8435,32
2,8434,42
1,8347,61
1,8497,23
1,8224,44
1,8224,78
1,8161,53
1,8378,52
1,8165,61
1,8170,24
0,8315,48
0,8189,31
0,8277,57
1,8369,35
1,8470,57
1,8145,30
1,8145,74
1,8487,61
2,8367,47
0,8069,43
0,8364,24
0,8424,44
1,8370,50
0,8005,39
0,8005,74
1,8045,27
0,8072,26
0,8072,72
0,8373,33
0,8373,77
2,8350,59
1,8090,46
0,8278,55
0,8278,71
0,8236,25
1,8118,51
1,8118,69
2,8461,24
2,8461,73
1,8336,23
1,8458,38
0,8447,56
0,8447,77
1,8193,46
1,8497,31
2,8050,53
0,8408,31
1,8339,45
0,8245,26
2,8058,46
0,8029,87
2,8204,25
1,8217,59
1,8041,32
1,8422,33
2,8256,42
2,8378,24
0,8347,31
0,8001,38
0,8001,74
2,8427,35
2,8053,48
2,8053,70
1,8002,32
0,8140,23
1,8113,27
1,8113,71
0,8452,56
0,8418,53
1,8070,87
1,8114,40
1,8138,39
2,8111,49
1,8197,41
2,8042,87
2,8116,43
0,8442,34
0,8281,27
0,8428,26
0,8262,35
1,8180,48
2,8276,61
1,8068,50
1,8312,57
1,8317,32
1,8177,56
1,8263,45
1,8426,29
1,8362,43
1,8471,47
1,8471,70
1,8147,45
0,8129,32
1,8339,35
1,8355,23
2,8247,54
2,8002,50
1,8367,51
1,8400,42
1,8400,77
0,8384,42
2,8311,29
1,8307,38
2,8343,36
1,8101,51
1,8301,55
1,8313,23
1,8309,87
1,8309,76
0,8076,59
2,8076,44
1,8344,24
1,8143,53
1,8410,50
0,8323,56
1,8114,61
1,8114,75
1,8017,61
1,8364,87
1,8292,57
1,8470,37
1,8403,24
1,8060,42
0,8372,53
1,8200,22
0,8395,42
0,8059,51
1,8319,27
0,8220,42
0,8220,71
2,8041,52
1,8384,34
1,8384,69
1,8458,49
1,8061,30
1,8229,30
0,8060,28
0,8425,47
0,8425,72
0,8490,59
2,8110,87
1,8411,57
1,8206,54
1,8224,61
1,8023,35
0,8081,35
1,8389,31
1,8251,31
1,8251,77
2,8105,52
2,8105,72
0,8423,58
0,8130,61
2,8070,49
2,8429,44
0,8178,31
0,8178,70
1,8395,49
1,8200,59
0,8168,87
1,8486,34
1,8222,37
0,8172,40
0,8172,73
0,8266,30
0,8391,60
0,8099,29
1,8249,26
1,8004,31
2,8366,56
0,8258,33
2,8146,41
2,8349,47
1,8200,37
1,8136,55
1,8127,56
0,8413,37
2,8058,38
2,8058,70
2,8486,36
1,8145,23
0,8143,47
2,8477,34
2,8477,78
0,8186,52
0,8074,35
0,8074,71
1,8288,22
0,8428,31
0,8152,52
1,8077,46
0,8480,39
1,8250,32
1,8124,44
1,8186,49
0,8208,39
1,8371,41
1,8341,43
1,8017,39
2,8345,41
0,8107,60
2,8181,24
2,8492,26
1,8244,52
1,8107,29
1,8104,44
1,8078,87
1,8283,26
0,8222,58
0,8222,76
1,8068,53
2,8054,33
0,8210,36
2,8282,33
0,8212,42
0,8212,78
1,8107,47
1,8195,31
1,8160,44
0,8103,30
0,8138,23
1,8374,29
0,8057,25
1,8334,33
1,8334,69
1,8369,26
2,8142,37
0,8147,87
0,8357,87
0,8357,73
1,8165,28
0,8255,55
1,8002,50
0,8384,52
2,8090,30
2,8090,72
1,8064,26
0,8425,31
1,8197,60
1,8197,72
1,8418,40
1,8418,75
1,8241,32
0,8094,33
1,8261,28
0,8256,39
0,8427,35
0,8322,30
0,8322,76
2,8164,55
2,8186,30
2,8186,73
1,8370,51
1,8243,29
0,8110,47
1,8373,52
1,8116,22
2,8445,32
0,8008,42
0,8008,73
2,8117,35
0,8331,25
0,8141,40
1,8048,42
1,8377,47
0,8483,57
1,8320,31
1,8268,56
1,8040,52
1,8248,32
2,8104,58
2,8031,42
0,8282,54
1,8436,29
1,8071,25
1,8071,73
0,8042,35
1,8432,35
0,8470,30
0,8340,35
2,8163,59
0,8031,33
1,8358,59
0,8057,45
0,8057,69
1,8386,52
1,8059,57
1,8059,70
1,8440,58
2,8081,50
1,8326,44
0,8281,56
1,8201,29
1,8185,29
1,8336,50
1,8375,37
1,8375,74
2,8272,49
1,8311,51
1,8285,39
1,8096,47
1,8459,22
1,8385,40
0,8499,37
1,8037,53
1,8106,44
2,8416,40
1,8067,41
1,8067,77
2,8060,55
1,8489,41
1,8131,23
0,8414,61
0,8405,56
1,8211,22
1,8089,49
0,8039,31
0,8319,31
0,8319,74
1,8423,34
1,8131,53
1,8131,71
1,8284,34
0,8365,31
0,8385,38
2,8396,52
1,8252,25
1,8327,57
1,8327,71
2,8340,52
1,8340,56
1,8477,41
1,8347,22
0,8111,34
1,8337,37
0,8399,46
1,8049,24
0,8457,25
1,8066,23
1,8220,54
0,8382,87
1,8409,42
1,8409,78
0,8162,36
1,8476,35
0,8260,24
1,8192,87
0,8144,43
1,8347,50
1,8101,49
0,8021,48
1,8219,23
2,8262,59
0,8453,54
1,8163,31
0,8118,30
2,8200,37
2,8455,26
0,8470,37
1,8079,57
1,8177,25
1,8177,73
2,8340,43
1,8314,31
1,8318,22
1,8405,51
1,8418,27
1,8208,27
1,8184,59
1,8304,55
1,8481,38
1,8472,47
1,8115,53
1,8414,48
1,8431,46
0,8488,42
1,8106,24
0,8096,49
0,8160,29
1,8013,60
1,8250,40
1,8121,57
2,8347,24
0,8019,61
1,8377,47
2,8316,26
0,8043,54
1,8102,27
1,8453,38
1,8356,34
2,8290,61
1,8415,57
2,8454,53
1,8077,47
1,8134,24
1,8394,24
1,8367,43
1,8229,28
1,8232,30
1,8235,36
1,8239,57
0,8431,25
1,8007,46
0,8035,59
0,8123,45
1,8342,39
1,8189,30
1,8047,36
1,8272,27
0,8133,29
1,8427,28
1,8214,35
0,8096,54
1,8069,57
1,8459,29
0,8229,35
1,8423,58
0,8327,24
1,8415,22
1,8404,47
0,8387,35
1,8214,60
2,8199,34
1,8358,44
1,8175,61
1,8296,51
1,8030,52
0,8168,33
1,8071,47
2,8102,42
0,8285,50
1,8359,38
1,8019,25
2,8024,43
1,8072,30
1,8025,40
2,8384,58
0,8099,59
0,8414,49
0,608,45
0,312,39
1,246,55
0,551,42
1,695,32
1,695,77
0,374,23
1,105,35
1,131,30
1,131,71
0,224,50
0,418,35
0,589,57
0,589,72
0,743,51
1,572,36
0,251,41
2,687,45
2,687,74
1,625,56
1,400,27
1,26,55
0,44,29
1,445,47
0,734,25
1,532,59
0,486,27
1,653,60
2,220,46
1,206,57
1,527,25
0,141,39
1,283,36
1,283,70
2,301,60
1,774,57
2,278,55
1,165,35
2,735,48
0,688,57
1,709,52
1,709,73
0,566,47
0,64,50
0,564,35
1,70,45
1,70,75
1,788,42
2,273,50
2,273,76
1,279,41
2,610,30
2,610,75
1,541,37
1,727,29
1,727,72
0,583,31
1,664,32
1,422,35
1,340,53
0,26,39
0,26,70
1,554,45
1,773,25
1,257,44
1,257,69
2,756,48
0,613,49
2,511,50
0,563,41
0,703,59
2,432,51
1,248,60
0,395,23
0,395,79
1,525,44
1,525,71
1,186,46
1,186,73
0,237,49
1,164,26
0,209,53
0,209,71
2,503,59
0,346,53
2,111,39
0,275,60
1,186,39
0,448,60
0,676,32
1,405,30
1,457,60
0,426,53
2,391,32
0,415,54
2,336,58
1,781,54
2,694,36
1,701,42
1,20,39
0,50,40
0,50,71
1,652,59
2,578,50
2,500,55
0,426,32
1,206,60
1,676,59
1,676,76
0,750,58
0,610,30
0,149,30
0,189,54
0,798,39
2,472,56
2,383,24
2,337,24
1,703,50
0,238,49
1,674,25
1,331,38
0,621,25
0,621,79
0,302,57
0,437,40
1,51,37
1,51,77
1,644,34
1,644,78
2,281,51
0,693,48
0,693,72
0,595,41
0,761,50
1,723,47
0,167,39
0,729,36
0,729,73
2,182,27
1,684,47
0,748,39
0,688,32
0,197,47
0,465,30
0,465,79
1,471,51
1,471,78
1,580,52
0,558,55
0,664,44
1,596,36
1,395,22
1,709,28
0,332,48
0,157,60
0,157,74
2,265,27
0,781,34
0,407,54
1,222,35
0,523,38
1,265,28
1,272,61
1,272,70
1,752,34
1,594,34
0,116,41
2,328,28
0,756,38
2,621,56
2,216,25
1,396,49
1,9,44
2,290,59
1,395,28
0,29,28
0,289,55
0,676,36
1,101,51
1,101,71
2,57,24
0,65,55
0,65,70
1,687,23
2,432,34
1,97,60
1,700,47
1,664,23
2,571,58
1,151,59
2,57,27
2,47,46
2,744,49
1,611,52
0,476,58
0,158,58
0,472,55
0,731,54
1,47,24
2,204,39
2,317,38
2,317,71
1,539,50
0,704,39
0,704,77
1,476,50
1,684,61
1,598,57
2,699,50
2,334,42
2,334,78
0,304,37
0,488,58
1,768,61
1,500,54
1,56,32
0,534,35
2,467,31
2,467,79
0,155,49
1,726,47
0,326,29
0,162,36
0,619,24
0,619,79
2,194,44
0,303,40
0,303,70
1,280,54
1,280,76
1,241,26
1,754,53
1,25,40
0,69,41
1,13,50
1,501,39
2,182,55
0,619,52
2,607,53
2,228,61
1,87,37
1,712,43
0,626,42
0,626,76
0,72,49
0,246,60
0,246,71
0,241,52
0,309,28
1,631,34
0,60,28
0,311,57
1,495,41
0,176,49
0,361,32
1,676,29
0,171,39
1,795,45
1,677,22
0,722,50
0,263,41
0,407,36
0,487,52
0,487,78
1,612,47
0,477,44
0,685,53
0,685,75
1,610,31
2,46,50
2,46,75
0,300,38
1,251,61
2,677,35
1,603,41
0,231,56
0,322,43
1,546,57
0,785,43
1,18,26
1,18,72
0,618,47
0,461,38
1,188,24
2,661,33
2,661,79
0,500,33
0,500,75
1,98,48
2,243,54
1,403,35
1,670,33
1,375,28
2,354,47
1,756,25
1,756,78
2,481,57
2,481,74
0,28,55
0,28,75
2,579,61
0,3,30
2,98,42
0,664,43
1,681,56
1,697,59
0,224,52
0,224,78
0,286,50
0,286,71
0,623,49
0,254,29
0,254,79
1,736,47
0,766,37
1,477,33
0,607,32
1,559,25
1,335,40
2,284,31
0,352,35
0,343,33
1,493,61
1,140,51
0,462,34
0,462,76
1,715,27
2,480,46
0,542,40
0,542,79
1,641,45
1,641,78
2,181,43
2,134,50
2,503,42
0,650,50
1,527,54
1,527,74
1,446,33
1,446,73
0,21,49
1,131,35
1,131,78
1,663,44
1,453,34
0,187,57
1,310,22
0,52,54
0,52,77
0,591,58
0,294,48
0,294,69
0,12,29
1,150,38
2,472,55
0,780,31
1,453,48
1,684,36
0,789,43
2,90,50
0,283,59
1,75,56
0,433,23
1,21,48
1,60,58
1,60,78
1,488,45
0,170,31
0,170,70
2,473,42
0,514,59
0,188,42
0,248,52
0,57,29
0,657,55
0,657,72
2,762,39
1,49,30
0,92,27
1,432,22
0,707,33
1,60,55
1,398,38
1,724,28
1,121,61
1,420,27
1,420,69
0,424,45
0,286,48
0,586,46
1,272,46
0,251,22
1,272,23
1,331,46
0,516,28
1,465,52
0,478,60
0,638,22
1,637,42
1,245,38
1,658,34
2,550,52
1,774,33
0,337,27
0,337,78
1,412,30
0,315,49
0,315,75
1,598,28
1,598,69
0,612,32
0,263,56
1,305,44
0,678,34
0,191,56
0,191,79
1,485,35
0,306,58
0,306,73
1,665,56
0,634,33
1,370,24
1,370,73
0,641,23
2,124,29
0,601,52
2,284,45
1,361,57
0,653,27
0,728,30
1,572,30
1,109,49
0,258,43
0,731,61
0,731,69
1,125,22
1,535,51
1,784,36
1,596,52
1,596,74
1,595,29
1,205,32
0,98,25
0,93,50
1,459,48
0,765,39
0,326,41
0,190,26
0,306,53
0,720,51
1,318,26
1,250,29
0,36,43
0,381,60
0,381,73
2,529,61
1,521,34
2,609,48
0,681,57
1,477,32
1,255,54
1,255,79
0,567,47
1,692,23
1,733,35
1,321,46
1,321,76
2,602,26
2,602,70
2,16,36
0,98,49
0,98,70
0,217,44
0,501,31
0,43,24
1,688,50
1,688,69
0,793,38
2,636,54
0,70,24
2,341,25
1,362,53
0,249,46
0,249,78
1,625,61
1,625,76
0,744,44
0,592,22
0,226,25
1,216,25
1,216,69
1,88,35
1,203,57
0,88,61
1,90,49
1,90,71
1,744,54
0,674,52
2,392,43
0,301,23
0,301,73
1,536,56
2,81,37
2,81,69
1,70,48
1,416,43
1,416,77
1,698,59
1,698,77
2,633,42
1,566,31
1,566,75
1,302,54
1,75,46
0,580,34
1,572,43
1,572,72
2,119,57
0,5315,31
0,5834,25
0,5797,22
0,0,33
0,0,42
0,0,73
0,5563,43
0,0,39
0,0,84
0,0,77
0,5106,58
0,5040,35
0,5256,54
0,5256,71
0,5598,40
0,5598,84
0,0,47
0,5813,43
0,5887,46
0,5685,25
0,0,42
0,5482,33
0,5433,34
0,5433,76
0,5286,27
0,5619,23
0,0,51
0,5128,48
0,5472,46
0,0,61
0,5688,40
0,5688,84
0,5688,78
0,5344,57
0,5779,46
0,0,54
0,5815,43
0,0,39
0,0,84
0,5642,46
0,0,40
0,0,64
0,5408,52
0,5581,27
0,0,39
0,0,63
0,5663,58
0,5777,31
0,5296,28
0,5494,29
0,5157,23
0,5157,76
0,5295,53
0,5405,37
0,5405,63
0,5339,37
0,5339,84
0,0,34
0,0,74
0,5389,44
0,0,24
0,5139,31
0,5139,77
0,5788,55
0,0,59
0,5049,55
0,5650,23
0,0,48
0,5257,45
0,5844,24
0,0,26
0,5935,37
0,5935,64
0,5549,26
0,0,37
0,0,65
0,0,22
0,0,60
0,5493,33
0,5213,53
0,5213,71
0,5328,51
0,5417,46
0,5747,36
0,0,24
0,5571,37
0,5571,65
0,5085,44
0,0,52
0,0,70
0,5091,29
0,5102,32
0,5102,70
0,0,48
0,5013,45
0,5858,53
0,0,41
0,0,84
0,5817,45
0,5492,50
0,5371,49
0,5311,33
0,0,45
0,0,50
0,5613,40
0,5613,63
0,0,42
0,5510,40
0,5510,64
0,5244,23
0,0,29
0,5017,38
0,5017,84
0,0,45
0,5020,32
0,0,42
0,0,26
0,5598,41
0,5598,64
0,0,27
0,5850,25
0,5719,45
0,5481,36
0,5481,69
0,0,32
0,5423,40
0,5423,65
0,5423,73
0,0,40
0,0,65
0,5230,26
0,5315,51
0,0,23
0,5126,50
0,5842,50
0,5842,76
0,5031,56
0,0,36
0,0,75
0,5152,22
0,0,31
0,5486,22
0,5486,79
0,5225,31
0,5225,71
0,0,33
0,0,46
0,0,53
0,5322,44
0,5027,49
0,5824,57
0,5222,25
0,5693,28
0,0,60
0,5856,42
0,5842,57
0,5266,25
0,0,60
0,0,47
0,0,77
0,5195,55
0,0,55
0,5392,43
0,0,51
0,5663,48
0,5663,71
0,5596,50
0,0,55
0,5901,47
0,5216,26
0,5711,55
0,0,52
0,5397,24
0,0,31
0,0,52
0,5917,23
0,5917,79
0,0,32
0,5524,52
0,5290,56
0,0,37
0,0,65
0,5919,48
0,5162,54
0,5162,76
0,5565,23
0,5565,77
0,0,38
0,0,63
0,5165,57
0,5165,70
0,0,43
0,0,31
0,0,69
0,0,26
0,0,70
0,5033,57
0,5140,55
0,0,40
0,0,63
0,5256,52
0,0,43
0,0,44
0,0,52
0,5273,53
0,5656,39
0,5656,65
0,5419,24
0,5070,24
0,0,36
0,5354,35
0,0,47
0,0,72
0,5293,51
0,5909,51
0,5746,40
0,5746,63
0,5731,33
0,0,34
0,0,41
0,0,63
0,0,70
0,5209,28
0,5498,25
0,0,31
0,5701,38
0,5701,65
0,0,39
0,0,63
0,5077,43
0,5077,72
0,0,36
0,5779,54
0,5779,79
0,0,55
0,5540,42
0,5613,39
0,5726,40
0,0,48
0,5827,59
0,5560,56
0,5836,60
0,0,40
0,0,59
0,0,30
0,0,76
0,0,20
0,5604,43
0,5652,43
0,5023,44
0,5023,19
0,0,25
0,0,41
0,5229,56
0,5312,24
0,0,37
0,5853,55
0,5700,43
0,5281,41
0,5098,46
0,5211,71
0,5531,71
0,5736,71
0,5563,71
0,5083,71
0,5701,71
0,5685,71
0,5453,71
0,5416,43
0,5416,72
0,5928,24
0,5442,32
0,0,41
0,0,64
0,5061,35
0,0,22
0,5868,60
0,5868,72
0,5292,48
0,5292,70
0,5065,28
0,5402,42
0,5402,73
0,0,44
0,0,76
0,0,32
0,5182,42
0,5734,43
0,5545,25
0,5100,35
0,5364,53
0,0,48
0,0,69
0,5178,29
0,5178,76
0,5703,43
0,5390,36
0,5390,77
0,0,55
0,0,71
0,5488,27
0,5145,56
0,5145,72
0,0,22
0,5655,61
0,5103,50
0,5103,73
0,0,53
0,5653,45
0,5347,42
0,5308,53
0,5412,51
0,5536,51
0,0,26
1,0,39
1,0,64
3,0,54
3,0,74
3,0,33
3,0,76
1,0,32
3,0,32
3,0,24
3,0,33
1,0,54
3,0,61
3,0,24
3,0,23
3,0,43
0,0,24
3,0,36
3,0,29
0,0,55
0,0,71
3,0,54
3,0,69
3,0,61
1,0,43
3,0,46
3,0,41
3,0,65
3,0,45
3,0,54
1,0,40
1,0,73
0,0,38
3,0,61
1,0,43
1,0,72
3,0,57
3,0,57
3,0,49
3,0,45
3,0,56
3,0,40
1,0,38
1,0,65
3,0,31
3,0,26
1,0,29
0,0,24
0,0,72
3,0,56
1,0,51
1,0,44
3,0,25
3,0,71
3,0,45
3,0,31
3,0,52
1,0,22
0,0,27
0,0,76
0,0,45
3,0,31
3,0,41
3,0,63
0,0,30
3,0,59
3,0,61
1,0,61
3,0,28
3,0,51
3,0,71
0,0,38
0,0,65
0,0,32
3,0,35
3,0,75
3,0,21
3,0,22
3,0,74
3,0,26
3,0,56
3,0,59
0,0,59
3,0,27
3,0,70
3,0,25
3,0,26
3,0,52
3,0,75
3,0,47
3,0,58
3,0,55
0,0,45
0,0,38
0,0,64
3,0,54
3,0,57
3,0,39
3,0,65
3,0,41
3,0,25
3,0,45
3,0,31
3,0,28
3,0,46
3,0,36
3,0,25
3,0,42
0,0,40
0,0,76
3,0,23
0,0,29
3,0,55
3,0,29
3,0,56
1,0,52
3,0,49
3,0,51
0,0,61
0,0,25
3,0,44
3,0,23
0,0,30
3,0,37
3,0,63
0,0,58
3,0,32
3,0,45
3,0,59
0,0,57
3,0,44
3,0,50
1,0,46
3,0,46
1,0,45
3,0,48
3,0,72
3,0,29
1,0,28
3,0,32
3,0,34
0,0,58
3,0,37
3,0,63
3,0,43
0,0,31
3,0,36
0,0,23
3,0,58
3,0,77
3,0,59
3,0,52
3,0,60
1,0,42
0,0,36
3,0,56
3,0,35
3,0,50
0,0,49
0,0,20
0,0,51
0,0,69
0,0,36
0,0,41
0,0,65
0,0,32
0,0,53
0,0,40
0,0,65
0,0,31
0,8295,23
0,0,47
0,0,39
0,0,64
0,0,50
0,0,73
0,8218,52
0,0,49
0,0,60
0,0,76
0,0,51
0,0,59
0,0,54
0,0,78
0,0,29
0,0,30
0,0,38
0,0,65
0,8341,51
0,8341,75
0,0,37
0,0,64
0,0,34
0,0,73
0,8368,36
0,0,42
0,0,34
0,0,22
0,0,22
0,0,31
0,8065,26
0,0,60
0,0,32
0,8261,22
0,0,36
0,8289,35
0,0,53
0,0,19
0,0,48
0,8195,34
0,0,54
0,0,35
0,0,32
0,0,38
0,0,63
0,0,41
0,0,63
0,0,60
0,0,50
0,0,22
0,0,79
0,0,33
0,8099,28
0,0,44
0,0,70
0,8013,22
0,8115,48
0,0,58
0,0,45
0,0,75
0,0,55
0,0,24
0,8348,39
0,8348,64
0,0,28
0,0,24
0,0,38
0,0,63
0,0,73
0,0,36
0,8139,53
0,0,52
0,0,49
0,0,78
0,0,58
0,0,47
0,0,35
0,8046,59
0,0,25
0,0,71
0,0,24
0,0,33
0,0,24
0,0,23
0,0,25
0,0,51
0,0,79
0,8127,26
0,0,38
0,0,64
0,8339,42
0,0,32
0,0,55
0,0,54
0,0,54
0,0,56
0,0,74
0,0,56
0,0,54
0,8076,25
0,8059,35
0,8059,72
0,0,61
0,8113,53
0,0,53
0,0,40
0,0,63
0,0,39
0,0,84
0,8451,54
0,8451,75
0,0,57
0,8062,45
0,0,54
0,0,34
0,8465,27
0,0,35
0,8019,35
0,8436,49
0,0,43
0,0,59
0,0,24
0,0,44
0,0,26
0,0,27
0,0,32
0,0,32
0,0,50
0,8499,49
0,0,28
0,0,41
0,0,65
0,0,49
0,0,35
0,0,22
0,0,52
0,0,71
0,0,57
0,0,52
0,0,79
0,0,47
0,0,31
0,0,50
0,0,78
0,0,25
0,0,45
0,0,45
0,0,34
0,0,24
0,0,50
0,0,42
0,0,43
0,0,73
0,0,26
0,0,45
0,0,69
0,0,33
0,0,61
0,0,36
0,0,75
0,0,53
0,0,33
0,8292,54
0,0,55
0,0,28
0,0,51
0,0,76
0,8107,61
0,0,34
0,0,69
0,0,36
0,0,57
0,0,39
0,0,65
0,0,22
0,0,29
0,0,26
0,0,73
0,0,40
0,0,63
0,0,74
0,0,60
0,0,74
0,8345,44
0,8345,72
0,0,35
0,0,74
0,8470,56
0,0,36
0,0,22
0,0,22
0,0,47
0,0,35
0,0,70
0,0,50
0,0,30
0,0,28
0,0,53
0,0,60
0,0,56
0,8166,38
0,8166,63
0,0,44
0,8192,36
0,0,24
0,0,28
0,0,26
0,0,47
0,0,61
0,0,75
0,8406,33
0,0,23
0,0,28
0,0,54
0,0,48
0,8316,55
0,8294,56
0,8294,79
0,8173,52
0,8173,70
0,0,34
0,0,45
0,0,53
0,0,34
0,0,24
0,0,26
0,0,55
0,0,50
0,0,53
0,8428,55
0,0,45
0,0,44
0,0,36
0,0,48
0,0,75
0,0,57
0,0,76
0,0,33
0,0,35
0,0,34
0,0,33
0,0,78
0,8494,29
0,8496,52
0,0,53
0,0,73
0,0,71
0,0,71
0,0,71
0,0,71
0,0,71
0,0,71
0,0,71
0,0,71
0,0,44
0,0,70
0,0,54
0,0,54
0,0,55
0,0,36
0,0,40
0,0,65
0,0,36
0,0,69
0,8264,40
0,8264,63
0,8023,59
0,0,27
0,0,38
0,0,64
0,0,78
0,0,41
0,0,84
0,0,69
0,0,22
0,0,35
0,0,50
0,0,71
0,8182,56
0,0,55
0,8088,41
0,8088,84
0,0,59
0,0,46
0,0,69
0,0,52
0,0,58
0,8011,41
0,8011,65
0,8027,56
0,8112,31
0,0,45
0,0,28
0,0,44
0,0,50
0,0,74
0,0,46
0,0,47
0,0,76
0,0,50
0,0,32
0,0,28
0,0,70
0,0,50
0,8353,40
0,8353,65
0,0,46
0,0,35
0,8301,56
0,8301,72
0,0,56
0,0,70
0,0,57
0,0,49
0,0,39
0,0,61
0,8460,46
0,0,38
0,0,32
0,0,52
0,0,71
0,0,53
0,0,55
0,0,35
0,0,24
0,0,70
0,0,61
0,0,51
0,0,35
0,0,41
0,0,61
0,8343,50
0,8478,52
0,0,49
0,0,71
0,0,24
0,0,71
0,0,51
0,0,29
0,0,25
0,0,25
0,0,28
0,0,70
0,0,26
0,8227,41
0,8227,78
0,0,45
0,0,41
0,0,63
0,8159,33
0,0,41
0,0,84
0,0,75
0,0,61
0,0,74
1,0,53
1,0,70
2,8311,32
1,0,33
2,0,34
1,0,53
2,0,43
2,0,78
0,0,35
1,8334,29
1,0,26
1,0,50
1,0,77
1,8220,55
2,0,23
2,0,70
1,0,39
1,0,63
2,8462,53
2,0,53
1,0,29
1,0,73
1,0,26
1,0,77
1,0,47
2,0,25
2,0,56
2,0,46
2,0,41
2,0,64
0,0,27
1,0,39
0,0,35
0,0,77
1,0,57
1,0,70
1,0,22
1,0,40
1,0,63
1,0,27
1,0,36
1,0,72
1,8130,28
1,0,23
1,0,27
1,0,61
2,8260,60
2,0,54
2,0,69
1,8080,26
2,0,48
1,0,59
1,0,70
1,0,38
1,0,65
2,0,35
2,0,78
0,0,29
1,8307,47
1,0,45
1,0,60
1,0,36
1,0,73
1,0,22
1,0,37
1,0,63
1,0,23
1,8498,33
1,0,59
1,0,76
1,0,32
1,0,35
1,8196,30
1,0,46
1,0,56
1,0,69
1,0,43
2,0,37
2,0,45
2,0,55
1,0,38
1,0,64
2,0,32
1,0,31
1,0,51
1,0,71
0,0,48
1,8440,40
1,8440,65
1,8440,74
2,0,42
1,0,32
2,0,43
2,0,75
0,0,48
1,0,54
1,0,60
1,0,46
1,0,47
1,0,51
2,8309,44
1,0,36
1,0,76
2,0,61
0,0,42
2,0,25
1,0,33
2,0,29
2,0,78
1,0,32
1,0,46
2,0,24
2,0,23
2,8396,39
2,8396,84
2,8396,79
2,0,29
1,0,59
2,0,54
2,0,49
1,0,52
1,0,24
1,0,51
1,0,77
1,0,28
1,0,42
1,0,22
1,0,74
1,8121,40
1,8121,84
2,0,35
0,0,56
2,8426,23
2,0,24
2,0,45
1,0,43
1,0,49
1,0,43
1,0,34
1,0,70
1,0,50
1,0,79
2,0,58
1,8368,54
2,0,30
2,0,74
1,0,52
2,0,45
2,0,57
1,0,53
2,0,33
1,0,37
1,0,65
1,0,52
1,0,26
2,0,33
1,0,34
1,8396,46
2,8380,34
1,0,57
2,8176,58
2,8176,71
1,0,31
2,0,29
2,0,77
1,0,47
1,0,23
1,0,32
1,0,74
2,0,33
1,0,34
1,0,27
1,0,25
1,0,38
1,0,59
1,0,33
2,8259,40
2,8259,84
1,0,43
1,0,48
1,0,35
1,0,75
2,0,44
1,0,31
0,8005,34
2,0,37
2,0,63
1,0,23
1,0,79
1,0,49
2,8407,46
1,0,61
1,0,50
2,0,43
1,8245,60
2,0,27
1,0,32
1,0,25
2,0,32
1,0,50
1,0,25
1,0,32
2,0,45
2,0,52
1,0,33
1,0,41
1,0,65
0,8201,43
2,0,46
1,0,32
2,0,27
2,0,77
1,0,55
1,8381,27
1,0,23
2,8470,52
1,0,26
1,0,29
1,0,58
1,0,69
1,0,27
1,0,71
2,0,46
1,0,61
0,0,56
0,0,78
1,0,22
1,0,78
2,0,36
2,0,53
2,0,22
2,8006,56
2,0,28
2,8072,41
2,8072,65
2,8072,74
2,0,24
1,0,43
1,0,74
2,0,45
2,0,77
1,0,36
2,0,23
1,0,43
1,0,22
1,0,19
1,0,33
1,0,47
1,0,73
1,0,47
1,0,40
1,0,52
1,0,69
2,0,22
1,0,35
1,0,58
1,0,70
2,0,42
2,0,49
1,0,32
2,0,61
2,0,37
2,0,64
2,0,33
2,0,70
1,0,31
1,0,23
1,0,26
1,0,44
1,0,49
1,0,51
1,0,55
1,0,34
1,0,27
2,0,58
2,0,35
1,8036,58
1,0,52
2,8411,46
1,0,49
1,0,47
2,0,43
1,0,38
1,0,65
2,0,28
2,0,75
1,0,33
1,0,32
1,8030,55
2,8476,46
1,0,39
1,0,84
2,8145,24
0,15,35
0,158,45
0,158,46
0,158,54
0,597,47
0,605,50
0,605,21
0,544,54
0,544,57
0,0,53
0,410,44
0,301,49
0,76,33
0,76,37
0,565,41
0,565,37
0,565,70
0,440,38
0,87,52
0,98,58
0,798,57
0,710,52
0,410,29
0,410,30
0,169,24
0,169,74
0,0,34
0,413,56
0,413,78
0,516,52
0,335,59
0,0,38
0,584,22
0,350,50
0,760,43
0,791,28
0,697,51
0,697,76
0,512,47
0,512,26
0,669,43
0,602,52
0,231,50
0,0,22
0,0,23
0,0,24
0,22,60
0,99,37
0,615,50
0,773,32
0,0,47
0,0,56
0,648,50
0,0,51
0,566,41
0,0,50
0,0,41
0,0,34
0,0,29
0,0,55
0,0,52
0,328,50
0,328,70
0,263,50
0,263,56
0,0,57
0,0,28
0,0,75
0,0,34
0,426,50
0,0,38
0,0,35
0,0,53
0,313,38
0,313,75
0,0,37
0,0,41
0,0,37
0,0,65
0,319,52
0,319,25
0,202,61
0,0,54
0,0,60
0,0,55
0,0,37
0,121,35
0,0,56
0,0,35
0,0,70
0,0,58
0,419,55
0,662,59
0,572,59
0,572,63
0,572,65
0,273,47
0,0,43
0,482,49
0,482,77
0,252,55
0,0,26
0,215,41
0,0,30
0,685,54
0,267,59
0,473,36
0,0,25
0,0,32
0,186,24
0,186,69
0,0,56
0,0,38
0,273,34
0,769,38
0,769,74
0,0,52
0,0,53
0,0,72
0,192,51
0,192,69
0,167,22
0,382,53
0,382,35
0,0,29
0,485,59
0,290,37
0,689,60
0,222,45
0,0,50
0,176,30
0,0,41
0,0,52
0,142,60
0,142,37
0,0,55
0,235,49
0,0,49
0,240,22
0,205,42
0,205,75
0,404,25
0,0,22
0,717,43
0,186,44
0,229,23
0,616,46
0,0,58
0,469,54
0,735,36
0,0,32
0,0,37
2,314,61
2,0,43
1,641,47
1,0,46
1,127,24
1,127,72
1,283,51
2,0,41
1,300,54
1,316,22
2,108,25
1,514,22
1,319,48
2,762,33
1,345,52
0,639,45
1,720,47
1,720,76
1,115,47
1,115,78
2,109,42
2,109,79
2,0,47
1,0,55
0,205,36
1,0,45
1,0,59
2,648,49
1,634,29
1,634,70
2,526,26
1,26,23
1,26,79
1,0,57
1,15,39
1,15,37
2,370,38
2,370,19
0,655,39
2,0,34
2,0,43
1,439,44
1,746,60
1,400,31
1,87,52
2,485,34
2,485,35
1,691,34
1,691,36
1,0,31
1,0,34
1,0,55
1,0,29
1,161,46
2,188,24
0,58,57
1,629,22
1,755,54
2,276,48
2,276,75
1,534,33
0,262,36
0,262,71
1,477,51
1,477,78
1,306,56
1,167,23
1,319,55
1,0,55
1,0,37
0,436,59
1,96,29
0,219,43
1,0,35
1,0,37
1,0,59
2,0,24
1,0,50
1,0,76
1,447,41
1,0,60
1,64,26
1,285,58
1,285,22
1,0,46
1,0,79
2,0,36
0,135,57
0,627,26
1,0,50
1,598,23
1,598,78
1,0,45
1,0,74
1,232,56
1,0,46
1,0,46
1,0,49
1,0,71
0,0,35
1,447,32
1,0,55
2,549,45
2,549,47
2,639,46
1,0,23
1,0,32
0,661,26
1,30,71
1,15,71
0,346,71
1,0,71
1,734,71
1,0,71
2,721,71
2,0,71
0,0,37
1,0,44
2,595,58
2,595,74
1,675,46
2,179,60
1,0,41
1,0,55
1,0,50
2,533,30
2,533,75
1,214,24
1,214,71
2,118,56
1,170,54
1,0,41
1,0,70
1,513,55
1,503,22
2,775,41
1,583,48
1,130,38
1,0,33
1,0,37
0,91,40
1,715,44
1,330,39
2,6,41
2,6,39
1,569,59
1,101,59
1,0,44
1,258,36
1,676,57
2,497,52
1,94,38
1,0,56
1,0,36
1,467,41
1,0,49
1,345,28
1,124,38
1,124,79
1,0,61
1,732,43
1,732,70
1,333,61
1,429,31
0,272,24
0,272,78
1,0,55
1,0,79
2,213,32
1,700,45
2,411,50
1,0,50
1,342,48
1,563,49
1,563,79
1,0,38
2,70,38
1,608,59
1,762,58
2,692,30
1,237,46
0,224,33
1,639,42
1,664,26
1,560,39
1,353,23
1,353,77
0,190,57
1,0,43
2,0,35
2,189,36
0,0,39
1,0,37
1,0,33
1,0,47
1,0,55
1,0,56
1,122,60
1,0,40
2,545,28
1,61,61
1,0,55
0,430,45
0,538,24
1,191,33
1,321,41
1,171,40
1,770,40
1,577,60
0,0,59
2,567,50
1,769,59
1,769,69
1,345,31
1,0,28
1,665,35
2,748,38
2,0,22
2,0,69
1,525,38
1,118,35
2,0,37
1,150,36
1,319,52
1,0,43
1,267,39
1,612,53
2,0,43
2,0,79
1,281,37
1,242,32
1,11,28
1,0,41
1,174,42
1,0,36
1,456,47
0,628,50
1,0,43
1,322,48
1,322,71
1,597,44
1,518,29
1,518,76
2,0,31
1,577,33
1,0,43
1,0,78
1,581,36
1,0,48
2,503,49
2,503,76
1,0,53
1,340,40
0,35,55
0,35,79
2,0,24
1,384,61
1,0,43
2,676,48
2,548,55
1,165,59
2,400,44
2,0,53
0,0,49
0,0,75
1,0,32
1,0,59
1,253,38
1,253,75
1,0,52
1,0,54
1,100,34
1,674,61
0,0,49
1,462,58
0,166,30
0,0,39
1,179,56
1,165,50
1,377,40
1,377,76
1,0,29
1,710,40
1,450,33
1,71,58
1,71,69
1,116,41
1,116,77
1,711,55
1,711,74
2,138,39
1,758,53
1,0,41
1,0,51
2,190,59
1,0,46
1,0,40
1,684,52
1,132,52
1,132,78
1,410,32
2,0,29
1,0,35
1,508,34
1,675,34
1,616,44
2,126,60
2,126,72
1,591,40
1,591,76
2,0,24
1,117,40
1,117,41
1,117,42
1,0,43
1,352,22
1,0,40
1,0,76
1,203,42
2,107,59
2,107,77
1,0,26
1,195,33
0,388,38
1,164,35
0,0,53
0,0,78
1,709,26
0,277,56
1,315,53
0,624,34
0,624,73
1,105,58
1,105,78
2,724,44
1,43,26
1,43,71
1,0,22
1,726,57
1,766,30
1,697,61
1,697,75
1,0,58
1,0,76
1,210,36
1,0,58
1,796,55
1,0,49
2,0,29
0,512,43
1,557,41
1,557,76
1,454,41
2,786,30
1,476,51
2,790,29
1,629,45
1,450,36
1,143,47
1,398,28
1,0,50
1,0,78
1,0,42
1,302,58
2,529,50
0,0,38
0,635,32
1,471,49
1,0,36
1,0,50
2,431,48
1,379,33
2,288,54
1,0,57
1,0,73
2,83,56
1,135,29
2,0,59
2,0,73
2,0,50
2,0,55
1,0,24
1,319,26
0,0,22
1,639,50
1,758,25
1,758,69
2,594,35
2,523,61
1,134,46
1,191,59
0,61,28
1,164,23
2,0,31
1,293,43
1,293,74
1,0,38
1,184,30
1,184,19
0,361,38
0,361,71
1,481,57
1,0,36
1,0,76
2,0,35
1,0,56
1,0,76
0,94,47
1,134,42
0,5389,31
0,5322,52
0,5684,41
0,5684,64
0,5684,63
0,5684,72
0,0,36
0,5360,24
0,0,34
0,0,69
0,0,51
0,5565,61
0,0,48
0,5711,45
0,0,54
0,5264,49
0,5841,25
0,5841,72
0,0,33
0,5158,32
0,0,54
0,5366,26
0,5911,57
0,5572,56
0,5572,75
0,5336,36
0,5499,52
0,5254,22
0,5362,41
0,5362,64
0,5362,63
0,5362,65
0,5892,40
0,5892,63
0,0,61
0,0,70
0,0,48
0,5552,48
0,5100,34
0,5225,58
0,5373,46
0,5468,36
0,5211,28
0,0,58
0,0,79
0,5271,38
0,5271,63
0,5592,45
0,5296,50
0,0,39
0,0,65
0,0,40
0,0,64
0,5468,60
0,5669,33
0,5371,54
0,0,22
0,0,24
0,0,73
0,5469,23
0,5488,51
0,5488,75
0,5511,30
0,5511,78
0,0,23
0,5303,37
0,5303,64
0,5177,25
0,5177,69
0,5438,39
0,5438,64
0,5516,45
0,0,41
0,0,65
0,0,77
0,0,31
0,0,30
0,0,77
0,0,36
0,5822,32
0,5320,33
0,0,48
0,5184,34
0,5184,78
0,5799,38
0,5799,64
0,5292,43
0,5292,77
0,5816,35
0,5788,43
0,0,54
0,5065,38
0,5065,64
0,5703,42
0,0,36
0,5504,29
0,0,44
0,0,26
0,5533,23
0,5573,38
0,5573,65
0,5573,71
0,5704,59
0,5509,45
0,5747,45
0,0,43
0,0,24
0,5056,59
0,0,57
0,0,69
0,0,53
0,0,22
0,5867,52
0,0,52
0,5518,57
0,5518,78
0,5704,57
0,5349,32
0,5349,70
0,5412,28
0,0,51
0,5586,32
0,5586,72
0,5026,39
0,0,51
0,5721,32
0,5030,48
0,0,22
0,5318,36
0,5926,26
0,5334,37
0,5761,54
0,5653,31
0,5165,24
0,5165,79
0,5674,42
0,0,29
0,0,35
0,5274,33
0,5274,69
0,0,55
0,0,54
0,0,46
0,0,35
0,5611,38
0,5611,65
0,5083,41
0,5083,65
0,5121,61
0,5709,49
0,5539,45
0,5074,38
0,5074,64
0,5198,34
0,5324,55
0,5489,39
0,5335,59
0,0,33
0,5537,47
0,5537,79
0,0,31
0,0,75
0,5475,29
0,5089,28
0,5129,61
0,0,30
0,5339,43
0,0,59
0,0,61
0,0,71
0,0,42
0,0,72
0,0,31
0,5355,38
0,5355,64
0,5355,79
0,0,34
0,5931,53
0,0,51
0,5299,33
0,0,46
0,0,75
0,5046,46
0,0,39
0,5471,26
0,5471,79
0,5426,55
0,5166,45
0,5166,76
0,0,23
0,0,69
0,5463,30
0,5368,26
0,5159,38
0,5159,78
0,5683,38
0,5683,64
0,0,38
0,0,65
0,5647,38
0,5647,65
0,5228,42
0,0,30
0,0,54
0,5071,35
0,5071,70
0,5576,53
0,5911,54
0,5315,59
0,5315,79
0,5520,41
0,5520,63
0,0,43
0,0,78
0,0,30
0,5440,50
0,5042,59
0,5031,55
0,5846,60
0,5314,47
0,5310,60
0,5403,61
0,5578,33
0,5506,33
0,5506,72
0,5830,56
0,5891,60
0,5734,39
0,5480,31
0,5480,71
0,0,52
0,5422,38
0,5422,63
0,5422,78
0,0,36
0,5021,48
0,5773,55
0,0,60
0,5775,60
0,5775,70
0,5225,38
0,5225,64
0,5048,28
0,5123,55
0,5123,77
0,5889,46
0,5293,32
0,5510,30
0,5059,53
0,5877,50
0,0,33
0,0,43
0,5359,32
0,5376,59
0,0,28
0,0,51
0,0,28
0,0,79
0,0,40
0,0,65
0,5625,38
0,5625,63
0,5547,48
0,5300,29
0,5205,28
0,5205,74
0,5081,28
0,0,43
0,5066,39
0,5376,71
0,0,71
0,5601,71
0,0,71
0,5704,71
0,5132,71
0,0,71
0,5754,71
0,5778,60
0,5778,69
0,0,24
0,0,77
0,0,49
0,5749,54
0,5912,43
0,0,56
0,0,53
0,5241,36
0,5612,50
0,0,35
0,5688,56
0,5151,22
0,5405,61
0,0,41
0,0,63
0,5508,23
0,0,36
0,5632,34
0,0,57
0,0,37
0,0,63
0,5666,47
0,5224,59
0,0,37
0,0,65
0,0,37
0,5326,45
0,5164,41
0,5164,65
0,0,50
0,0,76
0,0,49
0,5424,35
0,5424,71
0,5116,54
0,5374,63
0,5790,39
0,5790,79
0,0,33
0,0,53
0,5189,45
0,5585,42
0,5388,33
0,5388,77
0,0,33
0,5055,23
0,5181,37
0,5656,44
0,0,35
0,0,61
0,0,38
0,5418,47
0,5426,50
0,0,39
0,0,33
0,5391,36
0,0,25
0,0,48
0,5148,51
0,5827,48
0,0,22
0,0,72
0,5912,25
0,5912,71
0,5162,29
0,5352,51
0,5090,22
0,0,23
0,0,74
0,5768,25
0,5736,42
1,5700,29
1,5858,53
1,5858,75
2,0,43
1,0,51
1,0,44
0,5891,34
1,5298,24
1,5298,75
0,5623,46
1,5262,45
1,5262,69
2,5284,48
2,5698,23
1,5081,52
1,5671,25
1,5671,72
1,5098,38
2,0,41
2,0,63
2,0,73
2,5025,41
2,5025,65
0,5332,49
0,5332,76
1,0,47
1,5483,39
1,5483,65
2,5045,36
1,5302,35
0,5349,44
1,5754,37
2,5929,31
0,0,25
1,0,42
1,0,54
1,5035,25
1,5035,72
1,5432,48
1,5192,31
2,5724,36
2,0,24
1,5049,48
1,5777,29
2,0,34
2,5467,41
2,5467,65
2,5467,74
1,0,52
1,0,73
1,5581,51
1,5907,54
2,5244,51
1,0,24
2,0,33
0,5576,30
0,5627,57
1,5639,43
1,5334,25
1,5356,38
0,0,55
1,5707,57
1,5636,48
2,5829,47
1,5272,40
2,5217,48
0,0,41
0,0,65
2,5572,50
2,5572,79
1,0,52
1,0,47
1,5646,61
1,5388,38
1,5388,65
1,5162,49
1,5088,33
1,5781,29
2,0,35
1,5524,60
2,0,53
1,5341,40
1,0,59
1,5746,54
1,5103,50
2,5828,40
1,5919,56
1,5919,76
1,0,25
0,5860,44
0,0,49
1,5262,40
2,5790,35
1,0,49
2,0,37
1,5040,29
1,0,36
1,0,76
2,0,47
1,0,58
2,5778,49
1,0,46
2,5799,52
2,5799,74
1,0,35
0,0,37
0,0,64
1,5392,30
1,0,40
1,0,52
1,0,50
0,0,22
2,5225,23
0,5184,52
1,5529,33
1,0,35
2,5447,53
0,0,39
0,0,64
1,5308,48
1,0,37
2,5203,35
2,5203,79
1,5203,40
1,5203,65
1,5234,23
0,5271,52
1,5743,44
0,5347,36
2,0,42
1,5307,55
2,5916,22
1,0,23
1,0,36
1,5440,32
2,0,60
1,0,40
1,0,64
1,5549,46
2,5636,57
1,0,48
1,5730,49
1,0,38
2,5542,49
2,5592,57
1,5803,32
0,5499,28
1,0,59
1,0,24
2,0,54
2,0,61
0,5115,39
0,5115,65
1,5231,51
1,0,52
2,5467,42
0,5641,35
1,5121,30
1,0,25
1,5270,32
2,0,40
2,0,64
1,5743,57
1,5924,45
1,5732,60
1,5787,50
0,5772,42
1,0,38
1,0,61
1,5092,41
1,5092,64
2,5622,35
2,5378,44
2,0,56
2,5928,60
1,0,25
1,0,76
1,0,46
1,5833,45
2,0,59
2,0,72
2,5858,55
2,5858,75
2,5858,20
0,0,24
2,5739,35
0,5344,46
2,5228,32
1,5859,40
1,5859,65
1,0,42
1,5106,23
2,0,51
2,0,42
1,0,33
0,5347,44
1,0,26
1,5397,54
1,0,37
1,5807,52
1,5243,59
1,5243,70
0,5400,36
1,5306,42
1,5389,41
1,5389,65
1,5389,74
1,0,59
1,0,79
1,5796,37
1,5796,63
0,5162,31
2,0,34
1,5097,41
1,5097,63
1,5097,75
2,5184,23
1,5630,48
0,0,22
0,0,77
0,0,38
0,0,63
0,0,60
0,0,42
0,0,31
0,0,72
0,8354,38
0,0,46
0,0,56
0,0,57
0,0,29
0,8322,25
0,0,26
0,0,45
0,0,73
0,0,29
0,0,29
0,0,36
0,0,56
0,0,49
0,0,47
0,8022,29
0,8022,69
0,0,35
0,0,52
0,8002,51
0,0,49
0,0,42
0,0,43
0,0,31
0,0,35
0,0,74
0,0,53
0,0,77
0,0,52
0,0,74
0,0,56
0,0,49
0,0,54
0,8318,26
0,0,57
0,0,27
0,8186,46
0,8186,78
0,0,34
0,0,74
0,8160,49
0,0,42
0,0,71
0,0,51
0,0,58
0,0,23
0,8395,34
0,8395,75
0,0,38
0,0,65
0,0,70
0,0,38
0,0,64
0,0,26
0,0,33
0,0,46
0,0,37
0,0,63
0,8184,27
0,0,34
0,0,24
0,0,74
0,8161,60
0,8161,78
0,0,30
0,0,31
0,0,48
0,0,21
0,0,49
0,0,33
0,0,70
0,0,33
0,0,40
0,0,64
0,0,38
0,0,37
0,0,84
0,0,70
0,0,20
0,8374,60
0,8374,78
0,0,57
0,0,35
0,0,57
0,8220,52
0,0,27
0,0,34
0,0,29
0,0,61
0,0,38
0,0,64
0,0,53
0,0,37
0,0,64
0,0,28
0,0,79
0,8153,44
0,0,52
0,0,24
0,0,48
0,0,30
0,0,36
0,0,27
0,8320,51
0,8390,32
0,8390,77
0,0,27
0,0,48
0,0,51
0,0,60
0,0,61
0,0,39
0,0,64
0,0,40
0,0,53
0,0,60
0,0,33
0,0,51
0,0,27
0,0,49
0,0,50
0,0,55
0,8330,22
0,0,31
0,0,61
0,0,51
0,0,79
0,0,25
0,8027,29
0,0,43
0,0,43
0,0,25
0,0,53
0,0,76
0,0,30
0,0,70
0,8439,28
0,0,25
0,0,74
0,0,32
0,0,59
0,0,45
0,0,74
0,0,29
0,8074,35
0,8074,75
0,0,37
0,0,63
0,0,56
0,0,34
0,0,32
0,8300,52
0,0,55
0,0,53
0,0,78
0,0,49
0,0,78
0,0,37
0,0,84
0,0,73
0,8027,32
0,0,87
0,0,49
0,0,53
0,8210,22
0,0,43
0,0,61
0,0,76
0,0,24
0,0,28
0,0,71
0,0,51
0,0,41
0,0,84
0,8425,22
0,8461,43
0,0,34
0,0,73
0,0,24
0,0,51
0,0,45
0,0,87
0,8186,60
0,0,40
0,0,50
0,0,52
0,0,47
0,0,55
0,0,49
0,0,35
0,0,33
0,0,58
0,8036,57
0,0,46
0,0,75
0,0,31
0,0,48
0,0,73
0,0,45
0,0,56
0,0,75
0,0,52
0,0,41
0,0,63
0,0,59
0,8347,36
0,0,39
0,0,65
0,0,25
0,0,45
0,0,33
0,0,41
0,0,84
0,0,39
0,0,28
0,0,51
0,8007,30
0,0,24
0,0,61
0,0,55
0,0,70
0,0,58
0,0,48
0,0,78
0,0,41
0,0,65
0,0,71
0,0,41
0,0,63
0,0,74
0,0,24
0,0,58
0,0,51
0,0,55
0,0,33
0,0,38
0,0,63
0,0,75
0,0,50
0,0,41
0,0,63
0,0,52
0,0,87
0,0,76
0,0,46
0,0,43
0,0,27
0,8010,61
0,0,28
0,0,49
0,0,49
0,0,71
0,8464,26
0,0,40
0,0,48
0,0,25
0,0,71
0,0,71
0,0,71
0,0,71
0,0,71
0,0,71
0,0,71
0,8022,71
0,0,45
0,0,29
0,0,58
0,0,69
0,0,36
0,0,22
0,0,28
0,0,73
0,8082,25
0,8082,71
0,0,58
0,0,47
0,0,36
0,0,33
0,0,54
0,0,56
0,0,30
0,0,25
0,0,78
0,0,57
0,0,58
0,0,32
0,0,71
0,0,26
0,0,25
0,0,58
0,8059,53
0,8059,73
0,0,43
0,0,51
0,0,22
0,8266,30
0,0,23
0,8020,48
0,0,61
0,0,57
0,0,23
0,0,37
0,0,84
0,0,35
0,0,33
0,0,24
0,0,30
0,0,31
0,8439,59
0,0,34
0,0,47
0,0,59
0,0,27
0,0,53
0,0,78
0,0,39
0,0,65
0,0,37
0,0,84
0,0,78
0,0,38
0,0,84
0,0,60
0,0,28
0,0,78
0,0,22
0,8364,42
0,0,35
0,0,31
0,0,79
0,0,31
0,0,22
0,8409,58
0,8409,76
0,0,42
0,0,30
0,0,72
0,0,41
0,0,84
0,0,50
0,0,51
0,0,31
0,0,29
0,0,57
0,0,55
0,0,38
0,0,32
0,0,54
0,0,46
0,8225,47
0,0,36
0,8185,23
0,8185,76
0,8380,23
0,0,48
0,8138,59
0,0,22
0,0,25
0,0,58
0,0,69
0,8099,87
0,0,50
0,0,36
0,0,29
0,0,33
0,0,87
0,0,77
1,8459,52
1,0,39
1,0,84
1,0,22
1,8147,37
1,8147,84
1,0,40
0,0,44
1,0,58
2,0,46
1,0,35
1,0,36
2,0,27
1,0,42
1,0,35
1,0,40
1,0,73
1,0,48
0,8248,30
0,8248,71
1,0,61
1,0,57
1,8285,61
1,8285,76
0,0,55
1,0,60
1,0,28
1,0,55
2,0,37
2,0,64
1,0,43
1,0,46
1,0,70
1,0,39
1,0,65
1,0,36
1,8012,30
2,0,46
1,0,29
0,0,23
1,8138,32
1,0,37
1,0,65
2,0,29
1,0,57
1,0,87
1,0,39
1,0,64
1,0,70
1,8494,30
0,0,56
1,0,50
0,0,45
0,0,74
2,0,53
1,0,39
1,0,63
1,0,78
1,0,21
2,0,48
1,0,51
1,0,52
2,0,59
1,0,30
2,0,32
2,0,69
2,0,59
1,8445,30
1,8419,38
1,8419,65
1,8419,77
2,0,52
2,0,30
1,0,22
1,0,78
1,0,43
1,0,29
1,0,26
2,0,42
2,0,75
2,0,43
2,0,71
1,0,43
2,0,40
2,0,63
1,0,55
1,0,30
1,0,54
1,0,60
1,0,41
1,0,65
1,0,22
1,8268,22
1,0,24
1,8492,24
1,8492,74
1,0,30
1,0,45
1,0,51
1,0,28
1,8328,28
1,8138,51
0,0,35
0,0,24
1,0,29
2,0,36
2,0,49
1,0,30
1,0,74
1,8151,29
1,8151,73
0,0,25
0,0,79
1,0,42
2,0,42
1,0,27
1,0,50
1,0,44
1,0,71
1,0,23
1,0,52
1,0,48
1,0,61
0,0,36
2,0,34
1,0,33
1,0,41
1,8391,55
1,0,54
1,0,52
1,0,87
1,0,51
2,0,36
1,8008,27
2,0,33
1,0,48
1,0,41
1,0,64
1,0,36
1,0,71
1,0,57
1,0,40
1,0,63
1,8396,30
1,0,40
1,0,32
1,8224,51
1,0,53
1,0,23
1,0,46
1,0,36
2,8024,48
1,8432,31
1,0,34
1,0,70
1,0,43
1,0,49
1,0,31
1,0,36
1,0,39
1,0,63
1,0,76
1,0,35
1,0,87
1,0,25
1,0,78
1,0,48
2,0,28
2,0,77
1,0,61
2,0,51
1,0,34
1,0,46
1,8169,35
1,0,57
1,0,77
1,0,25
1,0,29
0,0,42
2,0,52
1,0,28
0,0,35
1,0,22
1,0,49
1,0,74
1,8161,28
1,8161,71
1,8479,38
1,0,54
1,0,24
1,0,41
1,0,64
1,8411,54
1,0,57
1,8148,37
1,8148,65
1,0,23
1,8238,45
1,0,35
1,0,32
1,0,20
2,0,54
1,0,60
1,0,51
1,0,72
2,0,34
1,8475,50
1,8475,78
1,0,59
1,0,78
0,0,22
1,0,87
1,0,36
2,8264,38
2,8264,84
1,0,31
1,0,42
1,0,32
1,0,42
2,0,40
2,0,64
2,0,75
2,0,31
1,0,32
1,8289,22
1,0,49
1,0,77
1,0,35
1,0,87
1,0,59
1,0,56
1,8151,56
1,0,44
2,0,30
1,0,45
1,0,78
2,8287,61
0,648,34
0,648,33
0,14,24
0,0,59
0,0,70
0,31,53
0,659,60
0,659,76
0,37,57
0,0,59
0,451,46
0,58,47
0,790,45
0,92,51
0,534,33
0,534,70
0,268,35
0,82,55
0,0,34
0,641,30
0,282,23
0,40,60
0,0,55
0,556,40
0,556,65
0,556,79
0,0,46
0,197,42
0,335,50
0,0,39
0,0,63
0,0,78
0,0,63
0,0,65
0,0,28
0,350,29
0,0,22
0,673,59
0,0,26
0,258,56
0,528,48
0,266,35
0,0,58
0,0,38
0,76,54
0,711,25
0,0,22
0,249,44
0,249,76
0,249,69
0,249,47
0,249,59
0,32,55
0,0,60
0,0,53
0,0,37
0,213,58
0,361,25
0,223,47
0,223,70
0,223,71
0,786,42
0,0,57
0,335,29
0,0,54
0,561,28
0,182,35
0,333,29
0,0,24
0,227,51
0,483,44
0,0,25
0,0,34
0,132,30
0,640,45
0,384,40
0,384,72
0,384,61
0,0,38
0,0,65
0,0,49
0,0,47
0,350,33
0,725,42
0,0,24
0,684,49
0,0,37
0,507,61
0,507,77
0,507,21
0,0,44
0,704,23
0,328,36
0,773,48
0,33,57
0,0,24
0,21,36
0,641,51
0,98,26
0,98,75
0,772,31
0,624,26
0,356,38
0,101,51
0,0,26
0,0,58
0,0,57
0,0,71
0,0,38
0,0,71
0,0,26
0,158,38
0,0,35
0,0,52
0,0,74
0,465,51
0,230,24
0,538,53
0,0,33
0,0,49
0,746,30
0,0,40
0,0,71
0,0,53
0,0,54
0,0,39
0,0,31
0,275,28
0,558,36
0,178,22
0,0,45
0,0,55
0,463,34
0,0,46
0,0,52
0,67,60
0,629,59
0,462,50
0,0,32
0,312,50
0,0,32
0,314,39
0,0,50
0,0,23
0,482,22
0,0,40
0,0,48
0,0,24
0,0,79
0,627,22
0,566,38
0,336,55
0,220,58
0,420,61
0,699,24
0,571,38
0,0,41
0,557,56
0,479,25
0,107,59
0,464,46
0,0,49
0,447,26
0,0,47
0,0,54
0,24,47
0,0,52
0,400,38
0,72,38
0,72,75
0,0,41
0,0,50
0,0,38
0,191,24
0,191,72
0,571,45
0,0,51
0,0,24
0,0,79
0,0,70
0,0,46
0,0,79
0,0,78
0,0,51
0,0,45
0,788,57
0,0,25
0,0,74
0,18,48
0,138,53
0,651,29
0,651,74
0,544,25
0,39,32
0,0,28
0,0,22
0,320,46
0,760,31
0,0,54
0,254,36
0,95,60
0,0,23
0,0,26
0,0,42
0,0,34
0,490,29
0,0,35
0,0,59
0,0,60
0,0,20
0,0,42
0,573,36
0,528,36
0,0,38
0,0,61
0,608,25
0,120,49
0,163,59
0,15,26
0,0,44
0,0,50
0,0,29
0,0,50
0,0,46
0,0,75
0,0,54
0,368,55
0,368,77
0,368,37
0,0,56
0,714,60
0,0,33
0,0,50
0,0,71
0,0,48
0,0,36
0,0,78
0,0,49
0,404,37
0,693,50
0,0,53
0,0,75
0,0,56
0,0,29
0,0,55
0,270,60
0,0,28
0,0,71
0,790,38
0,790,78
0,410,28
0,0,52
0,0,78
0,0,71
0,0,71
0,749,71
0,0,71
0,0,71
0,66,71
0,0,71
0,308,71
0,0,23
0,0,60
0,0,33
0,0,28
0,144,37
0,144,70
0,0,39
0,211,60
0,707,47
0,707,75
0,0,32
0,0,74
0,201,35
0,201,74
0,0,43
0,0,38
0,0,74
0,472,53
0,472,79
0,10,38
0,10,77
0,409,41
0,446,55
0,368,31
0,0,38
0,0,75
0,6,49
0,0,47
0,215,30
0,215,76
0,734,36
0,175,49
0,481,41
0,481,69
0,0,36
0,218,37
1,0,37
2,0,53
1,0,41
1,392,56
1,396,43
2,0,53
1,0,36
1,379,48
1,303,36
0,791,42
1,0,52
1,0,58
1,0,55
1,789,23
0,0,43
0,737,47
1,318,30
2,0,26
2,533,57
1,411,25
2,35,57
1,476,57
1,608,60
1,718,24
2,564,47
1,423,24
1,0,57
1,0,77
1,160,28
1,0,33
1,0,40
1,15,26
2,577,31
2,577,69
1,643,49
1,0,47
0,14,34
2,0,47
1,0,34
1,704,25
1,704,79
2,721,47
1,532,40
1,134,33
1,0,31
1,0,76
2,209,46
1,0,37
1,120,45
1,99,61
1,356,60
1,0,47
1,0,55
1,0,70
1,0,79
1,0,78
1,0,54
1,0,51
1,277,48
1,0,41
1,0,25
1,0,52
0,0,22
1,0,50
1,648,59
1,16,40
2,0,41
1,18,31
2,0,33
2,0,74
1,598,48
1,598,20
0,269,40
1,0,49
0,0,60
0,0,76
2,0,47
1,726,58
0,313,52
1,318,57
2,0,57
1,470,26
2,621,31
2,0,40
2,0,72
2,768,49
0,577,25
2,685,53
2,0,25
1,0,52
1,0,71
1,0,29
1,271,59
1,271,78
1,45,34
1,0,54
1,0,34
1,0,79
0,0,35
1,0,41
2,200,55
1,0,59
0,0,52
1,710,48
2,0,29
2,0,34
2,0,34
2,676,34
2,676,69
1,610,39
1,438,49
1,0,57
2,642,60
1,458,38
2,0,43
1,226,50
1,118,23
1,675,26
0,0,46
2,0,35
2,0,46
2,0,78
1,329,33
1,0,44
0,0,38
1,597,35
1,597,79
1,0,46
1,0,70
1,122,34
0,799,36
1,628,42
1,608,44
1,699,25
0,379,38
1,347,44
1,347,78
1,347,72
1,0,56
1,29,23
1,306,57
0,642,61
1,422,44
1,422,71
2,157,33
1,0,42
1,0,46
0,664,44
1,355,53
1,0,35
1,0,72
2,0,28
1,383,36
2,0,61
1,0,61
1,0,57
1,282,45
1,540,37
1,540,21
1,114,29
1,0,55
2,640,48
1,313,43
2,0,60
2,48,37
2,520,22
1,585,38
1,424,22
2,463,31
2,0,42
2,607,31
2,607,75
1,0,32
1,0,26
1,653,45
1,0,40
1,0,32
1,0,78
2,0,41
1,112,60
1,387,50
2,51,31
1,365,40
0,5620,29
0,0,50
0,5166,54
0,5796,59
0,0,50
0,0,61
0,0,28
0,0,43
0,0,25
0,5316,47
0,0,24
0,5245,54
0,0,43
0,5395,43
0,0,57
0,0,45
0,0,31
0,5887,51
0,0,24
0,5196,33
0,5196,70
0,5196,78
0,5412,52
0,5083,48
0,0,30
0,0,22
0,0,56
0,0,44
0,0,53
0,0,50
0,5358,25
0,0,47
0,0,45
0,0,75
0,5095,40
0,0,38
0,0,43
0,0,55
0,0,40
0,0,63
0,0,64
0,0,58
0,5204,39
0,5900,31
0,0,45
0,0,71
0,0,44
0,0,47
0,5764,34
0,0,30
0,5172,61
0,5737,34
0,0,34
0,0,22
0,0,42
0,5094,56
0,5320,42
0,5909,33
0,5466,26
0,0,52
0,5100,28
0,0,24
0,5944,35
0,0,24
0,0,59
0,5106,31
0,0,48
0,0,29
0,5588,53
0,5588,77
0,0,42
0,0,46
0,0,74
0,5447,47
0,0,59
0,0,77
0,5606,23
0,5606,76
0,0,55
0,0,57
0,5382,52
0,0,28
0,0,21
0,0,52
0,0,31
0,0,54
0,0,37
0,0,65
0,5651,59
0,0,25
0,0,50
0,0,36
0,0,45
0,0,43
0,0,26
0,0,54
0,0,78
0,0,25
0,5939,29
0,0,31
0,0,39
0,0,30
0,0,33
0,0,39
0,0,47
0,5058,44
0,5020,57
0,0,53
0,5524,34
0,0,50
0,5419,38
0,0,25
0,0,69
0,5665,42
0,0,50
0,5568,42
0,0,38
0,0,70
0,0,44
0,0,21
0,5347,61
0,5347,73
0,0,32
0,0,30
0,5612,44
0,5315,57
0,0,29
0,5296,26
0,0,41
0,5059,60
0,0,41
0,0,21
0,0,42
0,0,26
0,5259,39
0,5745,22
0,0,59
0,5613,38
0,5903,41
0,0,26
0,0,52
0,5415,61
0,5415,79
0,0,41
0,0,56
0,5120,30
0,5120,72
0,5892,37
0,0,33
0,0,75
0,0,35
0,5228,38
0,0,38
0,0,58
0,5207,37
0,5444,59
0,0,40
0,5913,25
0,0,32
0,0,36
0,5511,34
0,5511,76
0,5175,26
0,0,61
0,0,41
0,5852,33
0,5745,60
0,5879,45
0,0,40
0,0,76
0,0,45
0,0,35
0,5571,38
0,5571,78
0,5219,50
0,0,43
0,0,56
0,5478,41
0,0,29
0,0,57
0,0,35
0,5204,52
0,5204,75
0,0,59
0,0,76
0,0,59
0,0,56
0,5359,41
0,5438,23
0,0,49
0,0,28
0,0,76
0,5265,33
0,0,36
0,5528,47
0,0,38
0,0,23
0,0,23
0,0,44
0,0,51
0,0,41
0,0,56
0,0,56
0,5057,53
0,5057,49
0,5437,40
0,0,29
0,0,24
0,0,41
0,0,71
0,0,22
0,5542,50
0,5542,74
0,0,26
0,0,44
0,5437,22
0,0,33
0,0,41
0,5835,29
0,0,38
0,0,51
0,0,34
0,0,52
0,0,54
0,0,75
0,5249,38
0,5482,54
0,0,51
0,0,59
0,5187,39
0,5331,37
0,0,41
0,0,71
0,0,71
0,5812,71
0,5055,71
0,5052,71
0,0,71
0,0,71
0,0,71
0,0,28
0,5046,55
0,0,23
0,5221,49
0,5563,39
0,5402,36
0,0,24
0,0,22
0,0,72
0,0,23
0,5544,22
0,0,26
0,5181,61
0,0,43
0,5631,42
0,5928,38
0,5304,44
0,0,38
0,0,75
0,0,58
0,0,77
0,0,54
0,0,72
0,0,61
0,0,44
0,5218,39
0,5179,40
0,0,53
0,0,61
0,0,48
0,0,30
0,0,43
0,0,70
0,0,56
0,0,71
0,0,38
0,0,43
0,5941,44
0,0,53
0,0,71
0,0,59
0,0,78
0,5677,38
0,5677,70
0,0,59
0,5246,34
0,5246,70
0,5049,41
0,5426,34
0,0,41
0,0,57
0,0,69
0,5553,59
0,0,22
0,0,25
0,0,58
0,0,33
0,0,24
0,0,69
0,0,50
0,0,26
0,0,22
0,0,75
0,0,40
0,0,37
0,5288,35
0,5288,79
0,0,38
0,0,25
0,5498,59
0,5319,47
0,5702,46
0,5207,61
0,5207,70
0,5645,53
0,5849,58
0,5504,39
0,5090,31
0,5090,72
0,0,39
0,0,79
1,0,31
1,0,31
2,5843,55
1,5190,42
1,5190,71
2,0,41
1,0,48
1,0,38
1,0,72
1,5595,38
1,0,31
1,0,37
1,0,35
2,0,33
1,0,38
1,0,78
1,0,24
1,0,28
2,5388,38
2,0,59
1,5912,45
1,0,28
2,0,34
1,0,38
1,0,38
1,0,38
1,0,77
1,0,33
1,0,32
1,0,38
1,0,40
1,0,42
1,0,51
1,0,77
0,5116,59
1,0,44
1,5818,57
1,5818,72
1,0,38
1,0,71
0,5244,56
2,0,61
1,0,61
1,5879,55
1,5864,41
1,5864,75
1,5605,22
2,5724,41
2,5144,39
2,5144,72
1,5780,32
1,5780,79
1,5935,32
0,5162,61
1,0,58
1,5210,23
1,0,36
1,0,77
1,5836,54
1,5727,26
2,0,51
0,5423,51
2,0,40
1,0,57
2,0,31
2,0,44
2,0,77
2,5774,30
1,5619,30
1,0,31
1,5868,31
1,0,52
2,0,42
1,5203,25
1,0,46
2,0,24
1,5061,32
0,5151,32
2,0,31
0,0,46
0,0,21
1,0,54
0,0,53
1,5348,53
1,0,55
2,0,50
2,0,70
1,0,30
1,0,60
1,0,36
1,5287,25
1,5593,57
1,0,32
2,0,29
1,5752,29
0,0,26
0,0,72
1,0,47
1,5074,60
1,0,58
2,5245,35
2,5248,52
2,5248,69
1,5686,29
2,0,40
1,0,46
1,0,35
0,0,31
1,5277,47
1,5560,53
2,0,34
1,0,54
1,5298,54
2,0,50
2,0,26
1,0,48
1,0,32
1,0,74
1,0,24
1,0,59
1,0,79
1,0,54
2,0,34
2,0,69
2,0,38
2,0,28
1,5714,31
1,0,50
2,0,58
1,0,38
1,0,46
2,0,47
1,0,47
1,5183,56
1,0,26
1,0,23
1,5942,60
2,0,46
2,0,54
2,0,44
2,0,22
2,0,25
1,5313,38
2,5824,29
0,0,39
1,0,60
0,5800,35
1,0,45
2,5235,49
2,5861,39
1,5109,54
2,0,32
1,5564,31
1,5314,42
1,5125,61
1,0,40
1,5623,38
1,5623,75
1,5623,20
1,0,29
1,0,74
1,0,30
0,5789,32
2,0,22
2,5928,43
2,5928,79
2,0,23
1,0,55
1,0,58
1,0,24
1,5405,56
1,0,45
1,0,45
1,0,25
0,0,28
0,0,69
1,5054,41
1,5054,64
1,5054,65
1,0,40
2,0,38
2,0,42
0,0,47
1,5583,55
1,0,35
1,0,72
1,0,59
1,5610,60
0,0,26
0,0,44
0,0,41
0,0,64
0,0,24
0,0,35
0,0,51
0,0,48
0,0,23
0,0,24
0,0,43
0,0,23
0,0,75
0,0,39
0,0,63
0,8232,61
0,0,22
0,0,87
0,0,23
0,0,39
0,0,63
0,0,33
0,0,29
0,8043,43
0,8043,73
0,8357,39
0,8357,64
0,8357,74
0,0,27
0,8103,56
0,0,50
0,8101,29
0,0,60
0,0,35
0,0,71
0,0,28
0,0,73
0,0,45
0,0,20
0,0,47
0,0,47
0,0,26
0,0,34
0,0,76
0,8026,35
0,8420,52
0,0,57
0,8318,37
0,8318,63
0,8375,39
0,8375,65
0,0,35
0,0,46
0,0,59
0,8006,53
0,8192,57
0,0,52
0,8427,32
0,8199,46
0,8252,41
0,8252,65
0,0,37
0,0,65
0,0,71
0,0,34
0,0,35
0,0,26
0,0,61
0,0,43
0,8142,58
0,0,42
0,0,53
0,0,79
0,0,26
0,0,27
0,8448,26
0,8448,74
0,0,50
0,0,52
0,0,27
0,8414,51
0,0,32
0,0,30
0,0,60
0,0,22
0,0,46
0,8361,24
0,0,36
0,0,27
0,0,75
0,0,33
0,8146,29
0,0,39
0,0,64
0,8324,43
0,0,50
0,0,58
0,0,78
0,0,87
0,8324,26
0,0,49
0,0,55
0,0,38
0,0,65
0,8442,42
0,0,35
0,8286,32
0,0,34
0,8098,52
0,8405,55
0,0,38
0,0,65
0,0,51
0,8031,22
0,0,54
0,0,24
0,0,32
0,0,31
0,0,74
0,0,56
0,8275,54
0,0,54
0,0,35
0,8434,47
0,0,39
0,0,64
0,8182,44
0,0,56
0,0,24
0,0,26
0,0,40
0,0,65
0,8226,31
0,8226,76
0,8241,48
0,8241,77
0,0,35
0,0,51
0,8147,54
0,8147,71
0,0,43
0,0,37
0,0,63
0,0,50
0,0,56
0,8229,56
0,0,33
0,0,34
0,0,51
0,0,75
0,8466,39
0,8466,63
0,0,40
0,0,63
0,8410,28
0,0,49
0,0,38
0,0,63
0,0,48
0,0,72
0,0,55
0,0,20
0,8170,39
0,8170,65
0,0,61
0,8482,52
0,8482,69
0,0,47
0,8191,53
0,0,57
0,0,22
0,0,53
0,0,45
0,0,61
0,0,48
0,0,69
0,0,61
0,0,44
0,0,37
0,0,63
0,0,87
0,0,26
0,0,71
0,8255,23
0,0,58
0,0,57
0,0,55
0,0,58
0,0,31
0,8177,47
0,0,40
0,0,63
0,8352,30
0,0,58
0,0,24
0,0,78
0,8489,61
0,0,87
0,0,76
0,0,43
0,0,42
0,0,36
0,0,35
0,0,32
0,8013,58
0,0,49
0,0,53
0,0,69
0,0,36
0,0,75
0,0,47
0,0,58
0,0,41
0,0,63
0,0,43
0,0,58
0,8159,51
0,8220,39
0,8220,64
0,8390,25
0,0,59
0,0,75
0,0,48
0,0,35
0,0,78
0,0,60
0,0,42
0,0,56
0,0,28
0,0,60
0,0,32
0,8461,56
0,0,87
0,0,45
0,8219,46
0,8229,46
0,0,59
0,8468,41
0,8468,64
0,8468,71
0,0,50
0,0,46
0,8045,38
0,8045,63
0,8157,61
0,8157,19
0,8239,24
0,0,52
0,0,45
0,0,76
0,8181,39
0,8181,64
0,8173,39
0,8173,65
0,8173,79
0,0,35
0,0,35
0,0,43
0,8091,36
0,0,53
0,0,71
0,0,71
0,0,71
0,0,71
0,0,71
0,0,71
0,0,71
0,0,71
0,8303,61
0,0,36
0,0,22
0,0,76
0,8210,58
0,8210,71
0,0,37
0,0,64
0,0,31
0,0,47
0,0,40
0,0,65
0,0,75
0,0,35
0,8397,22
0,8397,72
0,0,38
0,0,65
0,8275,43
0,0,45
0,0,28
0,0,51
0,0,33
0,0,79
0,8228,44
0,0,45
0,0,45
0,0,44
0,8222,29
0,8222,76
0,0,50
0,8376,44
0,0,32
0,0,69
0,0,38
0,0,65
0,0,32
0,0,26
0,8094,61
0,0,25
0,0,70
0,8100,35
0,8100,69
0,0,32
0,8104,48
0,8110,57
0,0,22
0,0,25
0,8147,29
0,8027,55
0,0,42
0,0,28
0,8239,48
0,0,37
0,0,64
0,0,74
0,0,44
0,0,23
0,8217,27
0,0,52
0,0,29
0,0,32
0,0,55
0,0,59
0,0,52
0,0,47
0,0,77
0,8297,36
0,0,35
0,0,41
0,0,64
0,8079,55
0,0,40
0,0,65
0,0,78
0,0,36
0,0,41
0,0,65
0,8276,30
0,8061,39
0,8061,63
0,8172,51
0,0,25
0,0,76
0,8284,39
0,8284,65
0,0,40
0,0,64
0,8346,35
0,8346,74
0,0,36
0,0,74
0,0,60
0,0,23
0,0,36
0,8381,61
0,0,31
0,8220,33
0,0,23
0,0,30
0,0,33
0,0,61
0,0,75
0,0,61
0,0,25
0,0,55
0,8226,46
0,8226,76
0,0,29
0,0,28
0,0,45
0,0,74
0,0,60
0,0,52
0,0,19
0,8466,46
0,8149,29
0,0,52
0,8091,51
0,0,50
0,0,59
0,0,69
0,0,61
0,8169,46
0,0,46
0,8168,38
0,8168,64
0,8061,35
0,8061,75
0,0,25
0,0,59
0,8428,39
0,8428,65
0,0,41
0,0,63
0,0,41
0,0,65
0,0,51
0,8322,40
0,8322,63
0,0,41
0,0,65
0,0,39
0,0,63
0,0,22
0,0,71
0,8271,29
0,0,23
0,8088,33
0,0,42
0,0,79
0,0,55
0,0,57
0,0,37
0,0,64
0,8044,33
0,8394,53
0,0,55
0,0,30
0,0,47
1,0,40
1,0,65
1,0,57
1,0,78
2,8064,31
2,8064,72
1,0,42
2,8154,24
2,0,34
1,0,59
1,8061,30
1,0,52
1,0,76
2,0,49
1,0,44
1,0,70
1,0,47
1,0,71
1,0,40
1,0,64
1,0,33
1,0,38
1,0,64
1,0,73
2,0,46
1,0,41
1,0,65
1,0,37
1,0,65
1,0,22
2,0,56
0,0,51
1,8152,61
2,8014,54
1,0,48
1,0,61
1,0,75
1,0,39
1,0,64
1,0,78
2,0,43
1,0,26
1,0,70
0,0,30
1,0,37
1,0,64
1,0,60
1,8236,47
1,0,55
1,0,72
1,0,43
1,0,70
1,0,51
1,0,78
1,0,36
1,0,49
2,0,29
2,0,58
1,8164,25
1,8164,74
2,8157,51
1,0,39
1,0,64
1,0,22
1,0,79
1,0,55
1,0,30
1,0,20
1,8287,57
2,0,36
1,0,29
2,0,37
2,0,64
1,0,50
2,0,28
1,0,54
1,0,33
1,0,43
1,8114,87
1,0,58
1,8197,24
1,8197,77
1,0,57
1,0,71
1,0,23
1,0,36
1,0,70
1,0,58
1,0,43
1,0,61
1,8050,40
1,8050,64
1,0,26
1,8070,36
2,8401,54
1,0,45
1,0,46
2,0,37
2,0,63
0,0,25
1,0,23
2,0,28
1,0,87
1,8228,36
2,0,57
1,0,33
1,8475,38
1,8475,65
1,8475,74
0,8136,59
2,8389,33
1,0,23
0,0,37
0,0,63
0,0,46
1,0,29
1,0,55
1,0,26
2,0,58
2,0,76
0,0,38
0,0,63
1,0,37
1,0,65
1,0,30
1,0,53
0,8353,61
1,8300,48
1,8471,37
1,8471,64
1,0,28
1,0,78
1,0,35
1,0,78
0,8083,47
1,0,50
1,0,44
1,0,53
1,0,73
1,0,25
1,0,71
1,8007,52
1,8007,74
1,8369,47
1,0,32
1,0,59
0,0,54
1,8224,28
1,8224,76
1,0,56
1,0,70
1,0,47
1,8495,26
1,8495,77
1,8455,36
2,0,45
2,0,27
2,0,75
1,8066,60
1,0,36
1,8319,56
1,0,56
1,0,60
1,0,23
1,8407,33
1,8088,56
0,8462,42
2,8252,35
2,0,55
1,0,41
1,0,64
2,8278,30
1,0,23
1,0,31
1,0,33
1,0,23
0,0,55
1,0,87
1,8016,32
1,0,38
1,0,63
1,0,51
1,0,57
1,0,74
2,0,52
2,0,58
1,0,35
1,0,69
1,0,55
1,0,73
1,0,32
2,8200,49
2,8477,55
1,0,31
1,0,78
2,0,27
1,0,59
1,8082,22
1,0,25
1,0,35
2,8320,54
1,8205,57
2,0,25
1,0,44
2,0,46
1,0,29
1,0,71
1,0,33
2,8324,37
2,8324,64
1,0,31
1,8052,56
2,0,35
2,0,27
0,0,52
1,0,45
1,0,31
1,0,79
1,8223,25
0,0,45
0,0,77
1,0,59
1,0,36
2,8117,22
2,8361,38
2,8361,65
1,0,41
1,0,63
2,0,29
2,8070,22
2,8368,55
1,0,43
1,0,36
2,0,30
2,0,70
0,160,52
0,172,44
0,179,24
0,92,58
0,89,35
0,769,30
0,0,48
0,208,25
0,208,70
0,0,39
0,0,63
0,0,39
0,0,65
0,520,46
0,562,55
0,0,52
0,0,41
0,0,84
0,0,27
0,0,30
0,0,37
0,0,63
0,0,41
0,0,63
0,0,60
0,0,27
0,0,54
0,0,77
0,0,49
0,323,46
0,323,75
0,0,28
0,318,56
0,318,73
0,0,45
0,67,48
0,0,24
0,0,69
0,0,38
0,0,65
0,0,76
0,146,61
0,625,48
0,0,41
0,0,65
0,0,61
0,10,58
0,0,38
0,0,63
0,685,46
0,0,31
0,117,56
0,198,38
0,198,64
0,198,71
0,0,44
0,0,41
0,0,84
0,0,39
0,0,65
0,0,44
0,0,72
0,0,32
0,0,33
0,0,50
0,0,75
0,480,35
0,0,50
0,0,51
0,287,50
0,0,60
0,0,51
0,0,29
0,547,39
0,547,84
0,0,39
0,0,63
0,0,55
0,0,35
0,0,69
0,687,48
0,0,60
0,71,22
0,0,32
0,0,42
0,310,51
0,310,73
0,760,50
0,0,57
0,0,46
0,0,22
0,266,42
0,548,51
0,548,75
0,4,25
0,456,44
0,456,71
0,0,26
0,255,26
0,255,70
0,0,54
0,0,35
0,762,56
0,0,60
0,0,32
0,0,44
0,0,52
0,0,34
0,0,75
0,0,59
0,0,46
0,0,69
0,0,46
0,0,71
0,0,59
0,0,69
0,295,42
0,315,42
0,315,71
0,0,52
0,328,22
0,409,24
0,409,77
0,0,25
0,571,47
0,529,56
0,254,52
0,0,23
0,0,58
0,0,76
0,0,35
0,180,60
0,275,55
0,448,54
0,0,41
0,0,64
0,0,74
0,0,46
0,197,38
0,197,63
0,0,35
0,651,24
0,248,50
0,0,52
0,468,37
0,468,63
0,0,23
0,0,73
0,301,45
0,430,25
0,0,35
0,154,57
0,0,23
0,99,61
0,217,46
0,39,29
0,154,30
0,0,56
0,273,31
0,0,54
0,0,77
0,95,29
0,22,52
0,0,59
0,0,36
0,0,29
0,0,69
0,133,43
0,0,30
0,0,56
0,269,28
0,269,70
0,0,30
0,0,39
0,0,65
0,413,53
0,413,70
0,0,32
0,645,27
0,645,71
0,0,38
0,0,65
0,463,47
0,101,43
0,101,76
0,131,57
0,131,76
0,48,26
0,733,27
0,0,24
0,744,60
0,0,53
0,0,37
0,130,45
0,154,40
0,154,63
0,0,35
0,692,36
0,0,60
0,319,31
0,0,41
0,0,65
0,27,26
0,605,57
0,0,43
0,0,44
0,302,28
0,0,53
0,747,52
0,0,53
0,0,73
0,0,45
0,0,74
0,0,60
0,0,54
0,0,42
0,112,51
0,608,45
0,119,55
0,570,35
0,56,37
0,56,64
0,746,55
0,0,45
0,0,76
0,0,41
0,0,63
0,0,53
0,0,37
0,0,74
0,0,51
0,0,76
0,0,41
0,0,65
0,249,23
0,0,45
0,329,43
0,169,59
0,0,53
0,714,58
0,0,61
0,0,56
0,587,31
0,0,43
0,16,50
0,16,75
0,547,49
0,541,34
0,0,49
0,0,26
0,0,25
0,0,72
0,0,32
0,0,43
0,0,25
0,11,25
0,11,71
0,492,56
0,656,57
0,0,39
0,0,64
0,237,49
0,693,57
0,0,49
0,0,45
0,33,53
0,0,71
0,617,71
0,212,71
0,471,71
0,717,71
0,277,71
0,85,71
0,779,71
0,0,49
0,0,50
0,0,49
0,0,25
0,176,23
0,0,31
0,420,29
0,26,31
0,338,52
0,577,46
0,577,70
0,307,33
0,0,42
0,0,35
0,0,71
0,578,29
0,0,22
0,485,48
0,485,75
0,0,28
0,0,48
0,638,36
0,0,29
0,0,76
0,0,50
0,0,26
0,624,29
0,0,44
0,0,44
0,0,39
0,0,63
0,355,40
0,355,65
0,0,33
0,494,43
0,0,28
0,795,38
0,795,64
0,0,40
0,0,64
0,614,55
0,0,34
0,220,22
0,772,49
0,249,52
0,0,27
0,0,77
0,707,34
0,707,74
0,132,57
0,0,31
0,0,45
0,0,55
0,0,74
0,0,35
0,233,57
0,776,59
0,344,50
0,344,19
0,683,40
0,683,64
0,0,25
0,214,36
0,0,59
1,79,45
1,0,47
1,0,76
1,695,34
2,0,36
1,722,59
0,109,25
1,0,47
1,0,55
2,3,57
2,3,78
1,34,35
1,358,27
1,0,51
2,0,53
1,758,46
1,0,39
2,0,61
2,0,73
1,180,45
1,757,28
1,726,36
1,726,71
1,95,22
1,95,78
2,683,57
2,101,37
2,101,64
2,101,70
2,0,52
2,0,34
1,0,22
1,0,48
1,0,38
1,0,29
1,51,46
0,0,24
0,0,49
1,0,37
1,0,84
1,234,24
2,670,55
2,670,79
2,681,50
1,0,42
1,0,39
1,0,84
1,80,38
1,80,63
1,80,76
2,0,35
0,0,36
0,0,31
1,0,35
2,784,40
2,784,84
0,0,31
0,0,78
1,0,56
1,0,54
1,395,60
1,395,75
1,46,22
1,332,29
1,565,46
2,452,59
1,0,37
1,0,65
2,145,60
2,145,70
1,44,42
1,798,49
1,0,58
2,0,30
1,180,25
1,180,73
1,0,40
1,0,64
1,799,39
1,799,65
1,0,53
1,0,37
1,0,71
1,0,23
1,0,59
1,0,39
1,0,65
0,461,48
1,0,56
1,587,60
1,0,61
1,0,28
2,46,44
1,720,37
1,720,63
1,507,60
1,0,24
1,179,60
0,194,54
1,0,32
0,0,23
1,0,37
1,0,84
0,0,42
1,650,42
2,661,57
2,588,37
2,588,65
2,0,49
1,0,30
1,324,46
1,0,47
1,370,36
1,370,76
1,108,47
1,83,25
1,221,43
1,532,53
1,532,72
2,0,54
2,0,71
1,130,35
0,658,23
1,8,32
1,691,40
1,691,84
1,0,39
1,0,84
1,409,43
2,300,51
1,0,23
1,0,78
2,0,23
2,195,54
1,621,53
1,190,39
1,190,63
0,483,22
1,546,43
1,546,74
0,0,34
0,0,74
1,0,38
1,0,63
1,637,53
1,0,46
1,0,59
1,0,76
1,791,50
2,563,61
2,351,23
1,366,25
1,366,78
1,0,38
1,0,50
1,0,22
1,0,33
1,586,26
1,0,22
1,777,58
1,0,23
1,0,50
1,0,37
1,0,65
1,0,30
1,0,31
1,726,42
1,726,20
1,0,24
2,774,47
1,608,36
2,0,39
2,0,58
1,0,29
0,0,38
0,0,64
1,670,42
1,0,27
2,0,36
1,0,61
1,0,53
1,0,37
1,218,58
1,218,72
1,74,48
1,282,37
1,282,65
1,759,47
1,738,42
2,4,23
1,0,32
1,0,72
1,0,60
0,0,30
1,0,54
1,0,39
1,0,84
1,11,51
1,0,23
2,0,55
0,5673,25
0,5673,73
0,0,42
0,0,45
0,5125,31
0,5885,54
0,5885,75
0,5563,56
0,5563,71
0,5769,27
0,5186,45
0,0,38
0,0,63
0,5261,37
0,5261,84
0,0,24
0,5828,50
0,5224,44
0,5045,48
0,5360,50
0,5338,31
0,5500,26
0,5917,36
0,5917,77
0,0,59
0,0,72
0,0,57
0,5523,31
0,0,60
0,0,38
0,0,63
0,0,79
0,5195,23
0,0,58
0,5279,34
0,5483,49
0,5483,75
0,5712,45
0,0,42
0,0,33
0,5126,54
0,5854,23
0,5303,58
0,5606,31
0,5606,77
0,5514,27
0,0,47
0,0,56
0,5926,33
0,0,54
0,0,72
0,0,41
0,0,65
0,5453,41
0,5453,63
0,5186,23
0,0,50
0,0,56
0,0,69
0,5525,56
0,5536,24
0,5086,23
0,5086,71
0,5801,58
0,5670,44
0,5670,77
0,5881,57
0,0,39
0,0,84
0,0,78
0,0,44
0,0,37
0,0,65
0,0,38
0,0,84
0,0,78
0,5232,58
0,5036,48
0,5556,45
0,5704,59
0,5305,36
0,5506,61
0,5506,79
0,5450,26
0,0,47
0,0,78
0,0,39
0,0,65
0,5626,36
0,0,51
0,5353,54
0,0,38
0,0,65
0,0,79
0,0,56
0,5279,50
0,5279,74
0,5399,33
0,5731,45
0,5632,50
0,5632,70
0,5331,50
0,5331,69
0,5810,57
0,0,48
0,0,58
0,0,59
0,5669,58
0,5669,77
0,0,51
0,5687,40
0,5687,64
0,5687,78
0,0,25
0,5749,59
0,5749,76
0,5534,33
0,5534,75
0,0,42
0,0,29
0,5322,25
0,5729,48
0,0,55
0,0,72
0,5265,51
0,5265,79
0,5440,40
0,5440,65
0,5000,48
0,0,43
0,5605,26
0,0,46
0,0,33
0,5827,49
0,5269,34
0,5491,59
0,5390,55
0,0,41
0,0,63
0,0,29
0,5586,22
0,5100,50
0,0,60
0,5618,56
0,5618,72
0,5908,51
0,0,28
0,5090,51
0,5600,28
0,0,52
0,0,78
0,5187,53
0,5187,79
0,5274,34
0,5401,44
0,0,37
0,0,84
0,5610,56
0,0,48
0,5342,60
0,5788,38
0,5788,84
0,0,50
0,0,46
0,0,41
0,0,65
0,5143,61
0,5673,58
0,5673,20
0,0,50
0,0,32
0,5601,50
0,5780,42
0,5099,52
0,0,32
0,0,23
0,0,35
0,5009,39
0,5009,64
0,5205,30
0,5205,75
0,0,33
0,5757,58
0,5591,40
0,5591,65
0,5685,27
0,5685,75
0,0,53
0,0,73
0,0,59
0,5228,33
0,5805,49
0,5805,77
0,0,27
0,5036,59
0,5765,53
0,0,46
0,5619,53
0,5456,47
0,0,31
0,0,57
0,0,76
0,5650,48
0,0,52
0,5624,52
0,0,61
0,0,41
0,0,64
0,0,78
0,5449,55
0,5807,57
0,5807,71
0,0,25
0,0,77
0,0,50
0,0,35
0,5262,35
0,5486,59
0,5482,56
0,5482,74
0,5607,26
0,5607,70
0,5499,36
0,5834,43
0,5424,57
0,0,44
0,5201,42
0,5706,50
0,0,25
0,5757,29
0,5722,41
0,5722,63
0,5920,57
0,5418,49
0,5845,41
0,5845,65
0,5753,25
0,5810,57
0,0,39
0,0,63
0,5526,22
0,5526,72
0,5455,52
0,5888,27
0,0,32
0,5164,35
0,0,57
0,0,54
0,0,78
0,5435,55
0,5430,46
0,5611,25
0,0,51
0,0,36
0,0,25
0,5562,59
0,5213,29
0,5082,39
0,5082,63
0,5082,79
0,5274,60
0,0,47
0,0,78
0,0,39
0,0,63
0,0,24
0,5504,47
0,0,44
0,5608,24
0,5644,57
0,0,71
0,0,71
0,5368,71
0,5332,71
0,0,71
0,5563,71
0,0,71
0,5358,52
0,0,59
0,5068,36
0,5344,53
0,0,34
0,5256,49
0,0,28
0,5084,39
0,5084,84
0,5857,28
0,5172,24
0,5915,60
0,5915,73
0,0,40
0,0,65
0,0,60
0,5746,60
0,0,58
0,0,56
0,0,57
0,5793,42
0,5756,34
0,5872,31
0,5798,44
0,5798,77
0,5401,53
0,0,43
0,0,71
0,5290,55
0,5740,36
0,5740,74
0,5464,27
0,5319,60
0,5807,58
0,5840,26
0,0,56
0,5786,38
0,5786,65
0,5880,35
0,5880,78
0,5464,44
0,0,31
0,5613,45
0,5613,76
0,0,28
0,5895,46
0,0,54
0,5785,57
0,0,46
0,0,20
0,5856,44
0,5134,25
0,5134,70
0,5011,27
0,5617,23
0,0,52
0,0,55
0,0,22
0,0,23
0,0,43
0,5456,47
0,0,30
0,0,49
0,5847,52
0,5847,71
0,0,45
0,5510,38
0,5510,84
0,0,46
0,5468,40
0,5468,65
0,5468,75
0,0,50
0,5933,42
0,0,39
0,0,84
0,0,36
0,0,43
0,5905,59
0,0,50
0,5909,24
1,5812,29
1,0,58
1,5910,55
1,0,24
1,0,70
0,5927,27
1,0,25
1,5232,22
1,0,45
0,5904,51
1,5124,48
1,0,42
2,0,57
0,5684,60
1,5437,39
1,5437,63
2,5592,38
2,5592,84
0,5565,49
2,5093,33
1,0,52
1,5431,54
0,5704,53
0,5704,77
1,5127,23
1,5127,74
1,5848,49
1,5848,79
1,0,37
1,0,63
2,5914,37
2,5914,63
2,5914,71
1,5845,24
1,0,59
1,0,49
1,5612,27
1,5338,53
1,5109,22
1,0,41
1,0,63
1,5096,22
1,5506,59
1,5303,34
1,5271,43
0,0,51
1,0,48
2,5824,26
2,5824,73
1,0,58
1,0,75
1,0,50
1,5245,28
1,5245,73
1,5398,42
1,5454,44
1,5382,23
1,5382,76
1,5027,30
1,5040,52
1,5040,79
1,0,41
1,0,65
1,0,69
1,0,51
1,5396,33
1,5685,48
0,5839,38
0,5839,63
0,5839,78
0,0,33
0,0,75
1,5464,46
1,0,34
1,5406,38
1,5406,63
1,5661,57
1,5671,33
1,0,44
1,0,76
1,0,31
1,0,75
1,5634,29
1,5637,40
1,5637,84
1,5353,35
1,0,47
1,5005,49
1,5005,76
1,5069,36
0,5646,36
1,0,34
1,0,32
1,0,79
0,5866,25
1,0,22
1,0,32
1,5868,50
0,0,61
1,5839,58
1,5384,30
2,5942,55
2,5942,76
0,5740,29
1,5715,33
1,5516,22
1,5638,24
1,5714,54
1,0,30
1,5075,27
1,0,44
1,0,44
1,5677,30
1,5677,76
0,5630,22
1,5733,26
0,5683,41
0,5683,64
2,5174,54
1,0,46
1,5438,47
1,5059,46
1,0,28
1,0,46
1,0,60
1,5034,22
1,5373,38
1,5373,65
1,5581,44
1,5752,31
1,0,34
1,5033,29
1,5398,45
1,0,25
0,0,39
0,0,84
0,5296,32
1,5496,55
1,5471,58
1,5446,29
2,0,39
2,0,64
1,5500,48
0,5557,23
1,0,34
1,5315,51
1,0,45
0,5920,46
1,5820,23
0,0,58
0,0,71
1,5858,36
1,5021,42
1,5807,48
1,5070,56
1,5229,59
1,5229,72
1,0,57
1,5145,61
1,5920,42
1,5278,35
1,5278,72
0,5750,41
0,5750,84
1,5368,25
1,5368,79
1,5733,22
1,5411,38
1,5411,65
1,5411,72
1,5537,49
1,5537,69
1,0,58
1,5120,39
1,5120,65
1,5431,53
2,5392,56
1,0,45
1,0,77
1,5609,22
1,5471,49
0,0,26
0,0,73
1,0,26
1,0,37
1,0,84
0,5286,59
1,0,50
1,0,73
1,0,40
1,0,84
2,0,22
0,5492,50
1,5943,45
1,0,32
1,5153,32
1,0,28
1,5209,47
1,5481,45
1,0,52
1,5414,58
1,5010,39
1,5010,63
1,5263,23
1,0,34
1,5398,50
1,5576,52
0,0,43
0,8007,55
0,0,39
0,0,63
0,8465,43
0,0,57
0,0,23
0,0,79
0,8221,50
0,0,37
0,0,65
0,8219,53
0,8219,70
0,8453,30
0,8453,69
0,0,54
0,8096,47
0,0,46
0,8006,87
0,0,55
0,8011,30
0,8397,51
0,8397,69
0,0,43
0,8285,35
0,8310,56
0,8061,60
0,0,52
0,8151,47
0,0,52
0,0,74
0,8495,61
0,8495,78
0,0,55
0,0,74
0,0,33
0,0,73
0,8087,45
0,0,29
0,0,52
0,8381,25
0,0,51
0,0,60
0,8356,47
0,0,44
0,8133,46
0,8336,31
0,0,31
0,0,70
0,0,47
0,0,43
0,0,78
0,8483,59
0,0,40
0,0,65
0,0,56
0,0,52
0,0,75
0,0,43
0,0,60
0,8037,60
0,8369,59
0,8369,72
0,0,24
0,8231,87
0,0,32
0,8048,48
0,8463,60
0,8060,57
0,8218,27
0,0,23
0,0,34
0,0,75
0,8054,55
0,0,45
0,0,25
0,0,72
0,8346,40
0,8346,63
0,8346,75
0,8449,25
0,0,25
0,0,47
0,0,46
0,0,73
0,0,60
0,8058,48
0,8419,26
0,8342,87
0,0,48
0,8312,87
0,8312,70
0,0,26
0,0,73
0,0,30
0,0,78
0,0,47
0,8201,46
0,8472,41
0,8472,65
0,0,31
0,0,57
0,8472,24
0,8472,78
0,0,40
0,0,64
0,0,21
0,0,24
0,0,58
0,0,23
0,8242,48
0,8242,69
0,0,43
0,8206,47
0,8052,41
0,8052,84
0,0,22
0,8438,34
0,0,61
0,8493,36
0,8493,73
0,0,28
0,8244,28
0,8163,43
0,8163,72
0,0,55
0,0,61
0,8164,58
0,0,24
0,0,70
0,8359,44
0,8359,70
0,0,33
0,0,54
0,0,69
0,8475,29
0,8347,26
0,8416,27
0,8488,29
0,8403,32
0,8091,23
0,8014,26
0,8014,19
0,8122,52
0,0,33
0,0,44
0,8242,49
0,0,36
0,0,79
0,0,56
0,0,79
0,8450,33
0,8310,26
0,0,26
0,8250,30
0,8002,45
0,8451,33
0,8451,69
0,8318,38
0,8318,63
0,0,56
0,0,27
0,0,51
0,8400,39
0,8400,65
0,8400,71
0,8100,54
0,8376,34
0,0,33
0,8364,35
0,8316,55
0,0,32
0,0,57
0,0,71
0,8111,55
0,0,60
0,0,41
0,0,63
0,0,56
0,8423,49
0,0,47
0,0,87
0,8052,24
0,0,61
0,0,74
0,0,33
0,8367,61
0,8019,47
0,8339,53
0,8078,53
0,0,55
0,0,28
0,8192,23
0,0,57
0,0,77
0,8247,54
0,0,27
0,0,50
0,8148,30
0,8261,87
0,0,32
0,8327,51
0,8176,33
0,8173,24
0,8350,37
0,8350,63
0,8432,46
0,8336,30
0,0,36
0,0,77
0,0,35
0,8238,35
0,8236,45
0,8370,60
0,8328,87
0,8283,57
0,8463,24
0,0,26
0,0,74
0,8335,34
0,8484,40
0,8484,65
0,0,44
0,8487,56
0,8487,78
0,0,57
0,8279,87
0,0,28
0,0,59
0,0,49
0,0,45
0,8162,27
0,8066,87
0,8166,25
0,8166,72
0,8183,34
0,0,26
0,0,51
0,8043,48
0,8141,32
0,8034,38
0,8034,65
0,0,44
0,8134,26
0,8043,43
0,0,42
0,8364,26
0,8364,73
0,8281,46
0,0,50
0,8094,27
0,0,25
0,8010,27
0,0,31
0,8382,51
0,8190,71
0,8120,71
0,8383,71
0,0,71
0,8345,71
0,8330,71
0,0,71
0,8210,71
0,8113,31
0,8113,69
0,0,46
0,0,77
0,0,49
0,0,42
0,8413,49
0,8364,27
0,8374,57
0,0,50
0,0,41
0,0,63
0,8361,28
0,8191,61
0,8209,57
0,8406,54
0,8209,61
0,8209,69
0,8070,55
0,8070,77
0,0,47
0,0,76
0,0,32
0,0,54
0,0,72
0,8110,23
0,8110,78
0,8099,43
0,8347,60
0,8251,24
0,0,26
0,0,34
0,0,69
0,0,26
0,8281,40
0,8281,84
0,8281,72
0,8292,53
0,0,54
0,0,79
0,8419,50
0,0,30
0,8310,33
0,0,31
0,0,76
0,8046,30
0,8046,74
0,8024,47
0,8228,22
0,8380,30
0,0,49
0,0,45
0,8406,41
0,8406,63
0,0,32
0,0,54
0,0,20
0,8071,35
0,8071,76
0,0,24
0,0,38
0,0,63
0,0,69
0,0,50
0,0,70
0,0,27
0,8295,46
0,8495,29
0,8250,40
0,8250,65
0,0,38
0,0,64
0,0,73
0,0,55
0,0,70
0,0,55
0,8352,26
0,8351,53
0,8313,47
0,0,32
0,8237,44
0,0,57
0,8340,24
0,8340,69
0,8121,45
0,8136,26
0,0,48
0,0,79
0,8241,34
0,8420,32
0,0,61
0,8009,34
0,8009,75
0,8244,43
0,0,46
0,8066,30
0,0,52
0,0,34
0,0,78
0,0,24
0,8063,87
0,8063,79
0,8349,54
0,0,36
0,8143,46
0,8061,39
0,8061,64
0,8301,27
0,8391,40
0,8391,84
0,8051,31
0,0,34
0,0,37
0,0,84
0,0,22
0,0,49
0,0,39
0,0,63
0,0,76
0,8415,52
0,0,34
0,0,76
0,8318,38
0,8318,63
0,8463,51
0,8395,38
0,8395,65
0,8395,77
0,0,28
0,8303,55
0,8011,29
0,8011,69
0,8125,87
0,8393,50
0,8393,77
0,0,38
0,0,84
0,0,78
0,8071,42
0,8071,74
1,0,34
1,0,29
1,0,25
1,0,73
1,8319,49
1,0,34
1,8471,32
1,8419,53
1,0,58
1,8388,45
1,8362,44
1,8414,47
1,0,45
1,8002,29
1,8002,77
2,0,87
2,0,71
1,8472,27
1,8472,74
1,8355,87
1,0,87
1,0,46
1,0,54
1,0,50
1,0,74
0,0,43
1,8027,58
2,0,46
2,8329,53
1,8306,39
1,8306,84
1,0,41
1,0,65
0,8379,57
2,8264,23
1,8305,53
1,8305,73
2,0,49
2,8345,40
2,8345,65
1,8121,36
1,8404,55
1,8206,41
1,8206,64
2,0,26
2,8492,48
2,0,31
1,0,45
1,0,53
2,8334,57
2,8334,70
1,0,50
1,8005,55
1,8359,34
1,8098,43
1,8098,79
2,8216,49
1,0,54
1,0,73
1,8008,52
2,8443,34
1,8368,32
1,8368,78
1,0,57
2,0,35
1,0,25
2,8100,47
1,8265,33
1,8223,53
1,0,26
1,8261,46
1,0,47
1,0,71
1,8205,31
1,8205,77
1,8147,42
1,8247,24
1,8272,49
1,8272,73
1,0,48
2,8470,55
2,8178,30
1,8372,26
1,8184,51
1,8194,47
1,0,56
1,8318,49
1,8296,51
1,0,26
1,0,43
1,8122,53
1,0,87
1,8482,33
1,8338,31
2,0,40
2,0,84
1,8210,38
1,8210,65
1,8191,58
1,8191,77
2,8377,49
2,8377,74
1,8294,36
1,8294,79
2,8429,45
2,8429,71
1,0,27
1,8232,48
1,0,33
1,8137,23
1,8137,73
1,8137,19
1,8265,32
1,8494,37
1,8494,65
1,0,28
1,0,50
1,8131,50
2,0,53
1,8387,55
1,0,29
1,8351,37
1,8351,63
2,0,42
0,0,22
1,8381,41
1,8381,84
1,0,51
1,0,55
1,8009,22
1,8446,48
1,8446,79
0,8036,58
0,8036,75
1,8292,27
1,8180,32
1,8180,70
1,0,44
1,0,76
1,8497,30
1,8057,41
1,8057,65
1,8305,42
2,0,23
1,8444,87
1,8022,42
1,8022,74
1,0,51
1,0,41
1,0,63
2,0,51
1,0,49
1,0,50
0,8173,61
1,8421,43
1,8473,28
2,0,87
1,0,23
2,0,27
2,0,71
1,8009,40
1,8009,65
1,8213,48
1,8227,27
1,8227,73
1,8046,24
1,8019,56
1,0,33
1,8221,44
2,8300,22
1,0,35
1,8138,55
1,0,25
2,8235,54
2,0,55
1,8184,49
1,8184,79
1,8183,48
1,8297,53
2,0,51
2,8422,23
1,8462,41
1,0,53
2,8009,46
2,8009,73
1,0,36
1,0,39
1,8101,54
1,8101,69
1,8345,53
1,8018,57
2,0,28
1,0,28
2,8453,29
1,8165,31
2,8380,55
1,8184,37
1,8184,63
1,8262,58
1,8172,27
1,0,33
1,0,78
1,8011,49
1,0,59
1,0,45
2,0,30
1,8137,53
1,8453,39
1,0,31
1,8069,45
1,8228,39
1,8228,74
2,0,57
1,0,61
2,0,51
1,8402,52
1,8402,78
2,8475,29
1,8228,22
1,0,31
1,8447,42
1,8447,76
1,0,35
2,0,24
1,8013,47
1,8111,27
0,381,31
0,7,25
0,766,56
0,0,45
0,437,40
0,437,64
0,718,23
0,254,27
0,0,22
0,106,25
0,128,53
0,362,35
0,24,39
0,24,65
0,0,49
0,0,61
0,0,77
0,0,29
0,0,31
0,0,74
0,80,39
0,80,64
0,676,23
0,754,34
0,335,34
0,0,26
0,0,35
0,731,23
0,520,29
0,728,32
0,557,35
0,592,59
0,676,51
0,676,72
0,0,38
0,0,42
0,0,26
0,0,30
0,584,32
0,0,47
0,0,70
0,0,46
0,0,32
0,0,45
0,0,50
0,0,84
0,0,37
0,0,65
0,415,43
0,0,33
0,406,56
0,406,71
0,112,43
0,112,73
0,180,46
0,0,38
0,352,58
0,0,39
0,0,84
0,100,39
0,100,84
0,0,53
0,0,48
0,0,53
0,65,24
0,0,55
0,391,28
0,0,39
0,0,64
0,0,43
0,156,60
0,764,36
0,764,77
0,424,30
0,701,23
0,0,47
0,599,56
0,780,56
0,215,38
0,463,61
0,0,27
0,0,77
0,0,30
0,481,54
0,733,32
0,0,48
0,307,25
0,260,46
0,260,78
0,755,45
0,601,44
0,0,25
0,0,57
0,0,73
0,727,56
0,0,48
0,0,77
0,0,57
0,428,58
0,0,32
0,0,28
0,90,31
0,366,61
0,0,48
0,394,27
0,0,54
0,0,24
0,500,33
0,440,22
0,208,57
0,438,39
0,438,65
0,0,32
0,0,47
0,0,27
0,341,52
0,0,57
0,0,33
0,0,36
0,0,42
0,0,60
0,0,42
0,86,24
0,688,40
0,688,65
0,0,61
0,689,23
0,224,32
0,0,22
0,0,22
0,0,50
0,0,51
0,0,61
0,709,31
0,0,36
0,287,46
0,640,32
0,0,51
0,652,22
0,700,53
0,777,60
0,777,71
0,0,43
0,0,53
0,0,71
0,0,32
0,0,47
0,64,24
0,68,27
0,0,42
0,148,44
0,264,45
0,247,44
0,0,49
0,0,74
0,0,46
0,486,55
0,179,42
0,0,59
0,0,41
0,0,65
0,597,37
0,597,84
0,0,58
0,0,37
0,0,84
0,411,50
0,377,31
0,0,50
0,0,48
0,0,53
0,0,38
0,0,33
0,410,53
0,0,35
0,0,78
0,0,52
0,0,84
0,0,44
0,0,58
0,0,28
0,0,30
0,0,78
0,0,33
0,0,26
0,565,30
0,0,37
0,0,63
0,653,61
0,0,23
0,0,53
0,372,25
0,587,55
0,587,77
0,0,44
0,0,43
0,0,76
0,0,43
0,0,65
0,0,29
0,758,60
0,606,36
0,0,55
0,0,36
0,0,65
0,13,23
0,0,29
0,512,33
0,245,32
0,472,59
0,711,23
0,0,55
0,0,31
0,0,50
0,421,25
0,421,70
0,28,52
0,409,49
0,67,57
0,519,36
0,273,37
0,273,64
0,543,59
0,505,53
0,0,47
0,318,46
0,707,50
0,707,71
0,683,27
0,0,50
0,240,23
0,716,49
0,0,44
0,88,54
0,0,24
0,0,57
0,0,50
0,0,71
0,59,41
0,59,63
0,0,30
0,0,44
0,235,71
0,721,71
0,0,71
0,490,71
0,0,71
0,14,71
0,767,71
0,0,71
0,0,60
0,456,41
0,456,63
0,0,59
0,0,75
0,0,55
0,0,44
0,169,26
0,0,59
0,0,32
0,0,24
0,192,47
0,0,24
0,0,75
0,0,28
0,708,37
0,708,63
0,600,58
0,777,33
0,376,33
0,0,27
0,416,38
0,320,51
0,194,58
0,0,42
0,0,54
0,56,57
1,0,27
1,164,39
1,164,65
1,164,70
0,0,25
1,0,39
1,0,63
1,113,29
1,0,57
1,606,51
2,0,40
2,0,65
2,80,59
1,496,24
1,0,54
1,0,41
1,0,64
1,530,55
1,168,37
1,168,63
1,479,36
1,59,48
1,483,39
1,483,64
1,0,37
1,0,84
1,0,53
1,0,69
1,0,46
1,0,74
2,437,51
1,0,22
0,0,36
1,31,27
1,0,54
1,0,45
1,176,57
1,0,32
0,0,51
1,0,32
1,0,71
1,0,37
1,0,63
1,312,57
1,612,26
2,567,57
1,0,52
1,697,46
1,0,55
1,496,52
0,62,45
1,0,58
1,0,79
1,511,51
1,0,58
1,0,25
1,0,52
0,388,50
1,0,61
1,0,78
1,580,26
1,580,69
1,76,41
1,76,84
1,370,43
1,370,74
1,54,31
1,0,24
1,0,45
2,0,52
2,0,79
1,214,61
2,0,35
2,0,71
1,0,39
1,0,64
1,0,27
2,0,37
2,0,65
2,0,69
1,0,30
1,687,37
1,687,65
1,0,53
1,789,24
0,294,22
2,464,32
1,0,51
1,83,34
2,0,42
0,0,32
2,721,34
2,721,71
1,595,33
1,595,69
0,689,50
1,0,42
2,406,58
2,663,31
1,670,53
1,272,25
1,672,58
1,0,54
0,549,57
1,0,57
1,0,71
1,91,56
1,0,52
1,0,70
2,200,33
2,200,71
1,0,42
1,0,58
1,0,44
1,0,36
1,6,40
1,6,65
1,187,56
1,0,51
1,621,25
1,329,44
1,329,71
2,0,49
0,745,42
0,745,71
1,0,43
0,0,31
0,0,69
2,479,61
1,0,29
1,186,46
1,6,33
1,0,35
1,0,73
0,0,31
2,315,31
1,301,56
0,0,22
1,594,53
1,0,58
1,0,78
1,0,29
1,0,72
1,355,52
2,771,28
1,0,23
1,0,31
1,0,69
1,178,55
0,0,43
2,755,58
0,648,53
1,0,47
2,772,45
1,344,33
1,344,78
0,320,34
2,244,48
1,619,36
1,62,26
1,324,44
0,317,57
1,0,43
1,510,61
2,540,25
1,508,37
1,508,63
1,0,30
1,0,20
1,0,58
1,0,75
0,0,40
0,0,65
1,74,40
1,74,64
1,0,29
1,409,35
2,0,47
2,132,49
1,561,28
1,248,37
1,248,84
1,248,76
1,0,50
1,735,37
1,735,64
0,0,55
0,0,43
0,0,72
2,0,49
1,0,43
2,0,49
1,242,42
1,707,30
2,406,26
1,0,57
1,0,74
2,0,22
1,0,51
1,0,32
2,511,44
1,0,48
1,0,33
0,0,44
0,5108,52
0,5108,69
0,5696,51
0,0,27
0,5017,45
0,5017,71
0,5320,52
0,5688,42
0,5124,61
0,5664,57
0,5664,78
0,0,28
0,0,38
0,0,65
0,0,77
0,5234,51
0,5283,42
0,0,50
0,5383,53
0,5383,78
0,5271,47
0,5020,23
0,5020,70
0,5627,32
0,5627,76
0,5485,33
0,5132,28
0,5578,38
0,5578,65
0,5476,33
0,5633,46
0,5633,79
0,5661,59
0,0,24
0,5032,52
0,5379,54
0,0,55
0,5428,57
0,5517,53
0,5517,75
0,0,35
0,0,60
0,5630,46
0,5630,70
0,5071,49
0,5372,37
0,5372,65
0,5903,30
0,5485,30
0,0,30
0,0,37
0,0,84
0,5662,35
0,5662,72
0,5576,50
0,0,50
0,0,41
0,0,84
0,0,73
0,5766,45
0,5222,39
0,5222,63
0,5222,70
0,5681,45
0,5223,32
0,5223,76
0,0,34
0,5645,54
0,5269,29
0,0,48
0,5188,27
0,0,29
0,0,35
0,5597,29
0,5471,57
0,5471,73
0,5634,45
0,0,25
0,0,79
0,5611,22
0,5865,30
0,5437,39
0,5437,84
0,5945,25
0,0,30
0,5016,45
0,5580,36
0,0,53
0,0,30
0,0,77
0,0,58
0,5708,37
0,5708,64
0,5071,45
0,5657,39
0,5657,65
0,5480,45
0,5480,69
0,5058,54
0,5785,23
0,5372,35
0,5777,30
0,5777,75
0,0,60
0,5647,22
0,5473,44
0,5473,71
0,5317,61
0,5402,61
0,5762,27
0,0,33
0,0,44
0,0,50
0,0,50
0,5884,58
0,5799,40
0,5799,64
0,5033,41
0,5033,84
0,5171,55
0,5171,73
0,5209,39
0,5209,65
0,5209,69
0,5783,56
0,5112,54
0,0,30
0,5001,57
0,0,24
0,5814,32
0,5318,43
0,5562,27
0,0,43
0,5485,51
0,5458,58
0,5149,43
0,0,34
0,5352,44
0,5352,77
0,0,57
0,0,55
0,5248,47
0,0,23
0,0,71
0,0,57
0,5779,61
0,0,58
0,0,73
0,5582,60
0,5294,60
0,5699,51
0,5032,29
0,5032,69
0,0,27
0,5615,56
0,5595,34
0,0,49
0,5565,34
0,0,53
0,5547,35
0,5140,34
0,5186,61
0,5636,42
0,5740,47
0,5740,73
0,5697,53
0,5538,45
0,5505,31
0,5409,28
0,5736,61
0,5736,70
0,5732,60
0,0,29
0,0,72
0,0,26
0,5724,46
0,0,45
0,5609,53
0,5609,70
0,5648,24
0,5013,26
0,0,23
0,5134,48
0,0,26
0,5777,51
0,5625,31
0,0,39
0,0,84
0,5426,41
0,5426,65
0,0,57
0,5538,36
0,5020,41
0,5020,65
0,0,23
0,5719,54
0,5284,25
0,0,52
0,5454,32
0,5813,50
0,0,42
0,5230,22
0,5291,40
0,5291,64
0,5496,29
0,5779,46
0,5723,40
0,5723,84
0,5723,69
0,5078,53
0,5078,77
0,0,26
0,0,71
0,5395,27
0,0,41
0,0,84
0,5544,35
0,5639,32
0,5464,42
0,5464,72
0,5531,50
0,0,23
0,0,79
0,0,35
0,0,50
0,5041,31
0,5292,48
0,5611,34
0,5039,33
0,5039,70
0,5878,36
0,5878,76
0,5866,25
0,5692,48
0,0,52
0,0,44
0,5468,44
0,5308,49
0,5461,40
0,5461,63
0,5265,50
0,5600,35
0,5600,76
0,0,44
0,0,22
0,5139,25
0,0,51
0,0,33
0,0,78
0,5330,37
0,5330,65
0,0,34
0,5270,52
0,5806,38
0,5806,64
0,5278,55
0,0,44
0,0,78
0,5470,41
0,5470,65
0,5777,42
0,5603,55
0,5603,69
0,5106,23
0,5548,71
0,5931,71
0,5647,71
0,0,71
0,5139,71
0,5440,71
0,5555,71
0,0,71
0,5805,49
0,5805,69
0,5082,32
0,5029,49
0,0,43
0,0,74
0,0,57
0,5727,60
0,5770,37
0,5770,65
0,0,42
0,5091,45
0,5091,70
0,5660,61
0,5660,78
0,5684,59
0,0,61
0,5071,60
0,5215,50
0,0,34
0,0,75
0,0,42
0,5467,49
0,5281,43
0,5831,45
0,0,46
0,5001,44
0,5492,50
0,0,60
0,0,32
0,5695,44
0,0,47
0,5756,39
0,5756,65
0,0,61
0,0,24
0,5588,41
0,5588,63
0,0,59
0,0,73
0,0,44
0,5498,57
0,5498,78
0,5243,36
0,5722,24
0,5250,61
0,5459,55
0,0,58
0,5669,60
0,5609,48
0,5090,48
0,5732,42
0,5732,72
0,5239,49
0,5701,37
0,5701,64
0,5630,59
0,5744,25
0,5673,37
0,5673,65
0,5781,40
0,5781,84
0,0,52
0,0,38
0,0,63
0,5419,46
0,5419,72
0,0,32
0,5694,28
0,5467,25
0,5106,46
0,0,60
0,5345,54
0,5662,46
0,5374,58
0,0,28
0,0,45
0,0,44
0,0,49
0,5055,38
0,5055,84
0,0,38
0,0,84
0,5184,60
0,5169,46
0,5791,61
1,5110,46
1,5110,74
1,5611,49
1,0,32
0,5540,55
1,5505,41
1,5505,65
1,5505,79
1,0,58
1,5769,47
0,5488,59
1,5384,28
1,5070,28
0,5026,37
0,5026,65
1,5075,24
2,5132,39
2,5132,84
2,5132,75
1,5580,45
2,5587,27
1,0,38
1,0,65
1,0,43
1,0,71
1,5789,46
1,5222,28
1,5705,27
1,5151,56
0,5919,25
1,0,60
1,0,72
1,5205,51
1,5384,54
1,0,53
1,0,56
1,0,79
1,5068,40
1,5068,64
1,5068,69
1,5503,43
1,0,60
1,0,54
1,5305,49
1,5305,69
1,5434,39
1,5434,65
1,0,52
1,5850,59
1,5628,25
1,5848,31
1,5889,44
1,5112,35
1,5112,78
1,5112,21
1,0,45
1,5911,27
1,0,58
2,5669,25
2,5669,76
0,0,33
1,5651,35
1,0,32
1,5720,37
1,5720,65
0,5224,25
0,5224,79
1,0,38
1,0,64
1,0,36
1,5585,44
1,5585,70
1,5153,52
2,5016,39
2,5016,65
1,5374,40
1,5374,64
0,5583,42
2,5405,29
1,5576,51
2,5706,51
2,5706,76
1,5941,39
1,5941,64
1,5941,72
1,5039,34
1,0,55
1,5514,53
1,0,56
1,5410,36
1,5410,78
1,5612,29
1,0,59
2,0,37
2,0,65
0,0,38
0,0,65
0,0,71
1,5772,53
1,5396,23
1,0,38
1,0,65
0,0,32
1,0,37
1,0,84
1,5757,23
1,5329,49
1,5113,27
1,5862,60
1,5159,61
1,0,34
2,5135,52
1,5652,50
1,5652,73
1,5021,54
1,0,34
1,5207,36
1,5752,48
1,5752,74
1,5107,31
1,5744,54
1,0,36
1,0,37
1,0,65
1,0,26
1,0,34
1,5502,27
1,0,43
1,0,61
1,5934,36
1,5451,24
1,0,49
1,0,47
1,5311,38
1,5311,65
1,5311,69
1,5594,53
1,5594,72
1,5097,48
1,0,51
1,5244,26
0,5196,55
0,5196,69
1,5203,41
1,5203,63
1,0,57
1,5272,47
1,5272,78
1,5535,53
1,0,32
1,0,48
1,5090,26
0,0,54
1,0,49
1,0,56
1,5789,32
1,5274,59
1,5274,77
1,0,47
1,0,42
1,0,32
1,0,50
1,5026,49
1,5776,49
0,5782,55
1,5804,22
1,5025,44
2,0,50
1,5269,49
1,5269,76
1,0,31
1,5334,30
1,5334,75
1,0,37
1,0,28
1,0,74
0,5385,54
1,5852,45
1,5737,61
1,0,26
1,5197,29
1,5197,70
1,5835,41
1,5123,44
1,5252,30
0,5238,58
2,5095,52
2,5095,75
1,5303,51
1,5847,29
1,0,26
2,5887,35
2,5817,39
2,5817,79
1,5945,28
1,5494,26
1,5494,75
1,5044,44
2,0,29
1,5082,54
1,5438,60
1,0,55
1,5132,34
1,0,36
1,0,25
1,0,56
1,0,72
1,5425,24
1,0,39
1,5776,27
1,0,35
1,0,43
1,0,75
0,0,50
1,5883,57
0,0,35
0,0,77
0,8271,35
0,8048,49
0,8438,38
0,8438,63
0,8075,29
0,0,58
0,8344,59
0,8344,70
0,0,52
0,0,76
0,0,25
0,8037,44
0,8336,46
0,8194,58
0,8180,47
0,8008,39
0,8008,84
0,0,26
0,0,87
0,8049,43
0,8018,31
0,0,60
0,0,34
0,8003,22
0,0,50
0,8298,61
0,8365,60
0,8476,38
0,8476,84
0,8476,72
0,8467,57
0,0,48
0,8165,44
0,8100,23
0,8318,57
0,8069,35
0,8069,78
0,8157,38
0,8157,63
0,8200,52
0,8200,79
0,8438,33
0,8359,48
0,8308,50
0,0,37
0,0,63
0,0,78
0,8202,25
0,8217,38
0,8217,84
0,8217,70
0,8475,54
0,8272,54
0,8109,48
0,8109,71
0,8447,38
0,8447,65
0,0,32
0,8296,49
0,8296,72
0,8010,61
0,8010,71
0,0,45
0,0,22
0,0,54
0,8411,25
0,8157,26
0,8157,71
0,8124,47
0,8278,44
0,8278,73
0,0,29
0,8114,61
0,8356,61
0,0,53
0,0,60
0,0,22
0,0,71
0,8003,46
0,8003,69
0,8151,24
0,0,52
0,0,72
0,8215,44
0,8060,41
0,8060,63
0,8069,29
0,8069,78
0,8226,43
0,0,45
0,0,69
0,8061,56
0,8056,59
0,0,37
0,0,84
0,8470,58
0,0,46
0,0,73
0,0,42
0,8040,39
0,8040,63
0,8445,40
0,8445,65
0,0,22
0,0,69
0,8009,30
0,8041,28
0,8413,48
0,8073,41
0,8073,63
0,8073,73
0,8285,25
0,8414,38
0,8414,63
0,8415,53
0,8319,41
0,8319,63
0,8319,21
0,0,45
0,8013,53
0,0,53
0,8423,43
0,0,42
0,8064,35
0,8083,25
0,8269,27
0,8257,25
0,8142,54
0,8142,69
0,0,29
0,0,72
0,8441,40
0,8441,84
0,8441,73
0,8280,39
0,8280,64
0,8280,72
0,0,47
0,0,79
0,8266,30
0,8266,69
0,8495,30
0,8485,33
0,8056,56
0,8288,46
0,0,24
0,0,69
0,8259,33
0,8259,72
0,8382,22
0,8364,28
0,8033,58
0,0,23
0,8423,56
0,8423,79
0,8086,24
0,8322,35
0,8322,69
0,8446,23
0,8494,31
0,8494,74
0,8349,33
0,8431,36
0,8483,40
0,8483,84
0,0,41
0,0,64
0,0,74
0,8075,61
0,8075,76
0,8075,20
0,0,22
0,0,36
0,0,61
0,0,37
0,0,63
0,0,57
0,8407,49
0,8328,34
0,8383,47
0,0,34
0,8058,35
0,0,28
0,8423,58
0,8359,60
0,8110,56
0,0,61
0,8138,38
0,8138,63
0,8138,19
0,8167,40
0,8167,65
0,8167,70
0,8410,58
0,8410,78
0,8092,27
0,8092,78
0,0,58
0,0,70
0,8084,22
0,8361,50
0,0,54
0,0,60
0,8127,61
0,8253,51
0,8259,29
0,8259,69
0,8487,40
0,8487,64
0,0,48
0,8496,36
0,8403,34
0,0,51
0,0,76
0,8203,38
0,8203,84
0,8010,22
0,8294,33
0,8443,22
0,8145,38
0,8145,63
0,0,24
0,0,79
0,8253,24
0,8014,28
0,8014,70
0,8486,38
0,8486,84
0,0,31
0,0,77
0,0,39
0,0,84
0,8069,55
0,8077,34
0,0,60
0,8191,34
0,8191,69
0,8464,45
0,0,26
0,8120,27
0,8158,38
0,8158,65
0,8158,69
0,8476,49
0,8443,57
0,8274,52
0,8450,50
0,8131,31
0,8131,70
0,8249,40
0,0,33
0,0,79
0,8164,36
0,8333,61
0,8121,45
0,8347,37
0,0,57
0,8477,35
0,8486,61
0,8106,38
0,8106,75
0,8341,38
0,8341,63
0,8500,29
0,8226,26
0,8264,49
0,8081,46
0,8249,38
0,0,25
0,0,31
0,0,69
0,8375,47
0,8375,70
0,0,26
0,0,74
0,8003,50
0,0,22
0,8423,42
0,8053,45
0,8053,77
0,8273,42
0,8475,56
0,8475,20
0,0,36
0,0,71
0,8158,71
0,8225,71
0,8020,71
0,0,71
0,8495,71
0,0,71
0,8101,71
0,8121,38
0,8021,41
0,0,39
0,0,63
0,8486,27
0,0,35
0,0,74
0,0,46
0,8436,38
0,8329,49
0,8338,25
0,8202,34
0,0,22
0,8242,37
0,8242,64
0,8135,27
0,8155,35
0,0,38
0,8130,55
0,8466,24
0,8466,79
0,0,50
0,8062,29
0,8333,40
0,8322,38
0,8324,53
0,8432,35
0,0,41
0,0,84
0,8455,43
0,0,48
0,8053,41
0,8095,48
0,8270,50
0,8270,70
0,8241,40
0,8258,29
0,0,58
0,8225,27
0,8000,26
0,0,45
0,8033,27
0,8310,33
0,8248,43
0,8183,30
0,8183,77
0,8471,61
0,0,23
0,8427,52
0,8384,49
0,8384,69
0,8040,39
0,8040,64
0,8482,32
0,8148,34
0,0,43
0,8038,46
0,8185,25
0,8487,47
0,8487,78
0,8393,39
0,0,44
0,8480,55
0,0,40
0,8261,24
0,0,42
0,0,53
0,8172,54
0,8172,71
0,0,48
0,8082,54
0,8128,48
0,8128,70
0,8342,43
0,0,43
0,8481,41
0,8481,65
0,8390,27
0,8390,74
0,8496,33
0,8026,61
0,8085,35
0,0,36
0,0,40
2,8299,46
0,0,61
2,0,55
2,0,21
2,8225,45
1,8021,49
1,8021,77
1,0,43
1,8118,27
2,8166,32
2,8351,53
1,8044,50
1,0,44
1,0,36
2,8252,41
2,8252,63
2,8252,78
0,8111,61
1,8246,26
1,8318,38
1,0,57
1,0,77
1,8475,37
1,8475,84
2,8122,49
1,0,42
2,0,28
2,0,70
1,8269,22
2,0,56
1,0,56
1,0,70
1,8218,23
0,8323,47
0,0,34
2,8297,48
2,8297,70
1,8028,55
1,8389,46
2,8342,29
1,8078,37
1,8078,65
1,8307,32
1,0,25
1,0,31
1,0,50
1,8371,47
1,8192,49
2,8003,29
1,8181,27
1,8181,75
2,0,36
2,8424,22
2,8424,74
1,8498,60
1,8174,24
1,8377,28
0,8406,31
2,8083,25
1,0,45
0,0,35
1,8491,28
1,8411,28
1,0,60
1,8171,23
1,8420,28
2,8419,36
1,8474,42
1,8426,48
1,8255,50
2,8157,48
2,8128,54
2,8128,73
2,8170,45
2,8141,61
2,8141,76
0,0,44
2,8062,31
1,0,44
2,0,31
1,8361,43
2,8176,50
1,8258,42
1,8052,38
1,8408,49
1,8334,46
1,0,33
1,0,20
1,8238,52
1,8356,46
0,8154,25
1,8265,54
1,0,56
1,8364,48
1,0,31
1,0,20
2,8066,22
2,8066,69
1,8372,43
1,8341,32
1,8339,47
1,8339,74
1,8021,43
1,8021,32
1,8256,40
1,8256,84
1,8260,48
1,8126,43
0,0,60
1,0,51
2,0,37
2,8279,87
2,0,44
1,8208,60
1,8068,58
1,8037,54
1,8037,76
1,8140,36
1,8198,33
1,8410,32
2,8115,27
1,8025,49
1,8025,75
1,0,23
1,0,46
1,8276,38
1,8276,84
1,0,22
0,8120,35
2,8328,45
1,8285,58
1,8275,24
2,8129,57
0,0,25
1,0,47
1,8284,30
1,0,36
1,8394,24
1,0,26
1,0,52
1,0,43
1,0,71
2,8246,38
2,8246,64
2,8246,71
1,0,56
1,0,26
2,8034,28
2,8034,78
1,8179,29
1,0,34
1,8035,43
2,8454,47
1,8196,56
1,8196,70
1,8351,42
1,8351,73
1,8450,39
1,8450,63
2,8452,30
1,8243,40
1,8243,63
1,8067,87
2,8195,48
1,8017,61
1,0,39
1,0,84
1,8030,36
1,8008,28
2,0,61
2,0,74
1,0,56
1,8236,29
1,0,24
0,8119,33
0,8119,77
1,8428,29
1,8365,58
1,8406,58
1,8247,33
1,8457,87
1,0,28
1,0,77
1,0,31
1,0,74
1,0,24
1,8492,56
0,0,23
1,8147,34
1,8144,33
1,8144,78
1,0,38
1,0,65
1,8466,56
2,0,32
1,8473,60
1,8400,23
1,0,39
1,0,63
1,0,51
0,0,59
0,0,71
1,8021,23
1,8042,53
2,8151,32
2,8478,51
1,8455,33
1,8455,77
1,8113,59
1,8364,43
1,8364,71
1,0,45
2,8249,57
2,8249,19
0,490,59
0,325,57
0,753,30
0,0,24
0,0,31
0,414,27
0,0,79
0,0,75
0,798,61
0,0,35
0,0,43
0,741,59
0,436,72
0,548,54
0,80,52
0,730,36
0,364,47
0,48,74
0,0,20
0,233,29
0,601,42
0,0,73
0,453,61
0,0,75
0,735,22
0,620,58
0,51,36
0,174,28
0,0,84
0,0,41
0,316,44
0,731,23
0,48,84
0,48,37
0,0,47
0,0,74
0,0,46
0,0,57
0,403,79
0,0,72
0,0,42
0,389,31
0,0,34
0,732,49
0,0,27
0,0,63
0,0,39
0,0,70
0,191,36
0,512,60
0,0,84
0,0,40
0,0,29
0,0,37
0,0,26
0,0,55
0,0,25
0,0,72
0,0,24
0,111,84
0,111,39
0,0,54
0,779,31
0,0,50
0,661,52
0,581,77
0,127,76
0,53,74
0,0,32
0,0,52
0,0,28
0,0,50
0,425,58
0,0,32
0,0,60
0,0,46
0,192,71
0,0,37
0,0,75
0,282,31
0,330,69
0,0,63
0,0,38
0,429,31
0,577,60
0,95,72
0,526,60
0,0,79
0,790,35
0,208,56
0,0,51
0,549,65
0,549,74
0,549,39
0,176,54
0,0,57
0,584,34
0,0,44
0,0,23
0,754,27
0,410,32
0,0,84
0,0,41
0,0,70
0,125,25
0,689,26
0,0,77
0,0,22
0,148,46
0,440,63
0,440,37
0,363,22
0,772,28
0,0,72
0,0,50
0,0,50
0,0,84
0,0,75
0,0,39
0,208,34
0,0,27
0,0,58
0,619,50
0,0,84
0,0,38
0,0,36
0,279,75
0,566,79
0,0,50
0,0,76
0,479,34
0,312,23
0,306,59
0,420,57
0,0,30
0,100,24
0,0,31
0,473,27
0,0,61
0,0,35
0,41,43
0,211,69
0,0,69
0,0,59
0,63,54
0,0,71
0,0,37
0,0,52
0,93,36
0,192,47
0,0,29
0,200,75
0,136,42
0,586,61
0,678,70
0,0,22
0,0,58
0,0,77
0,26,71
0,208,63
0,208,40
0,0,36
0,747,28
0,0,44
0,0,23
0,716,47
0,70,46
0,0,57
0,395,42
0,418,31
0,0,63
0,0,41
0,0,34
0,629,49
0,0,27
0,431,69
0,119,36
0,636,60
0,373,77
0,0,29
0,756,26
0,0,74
0,9,84
0,9,41
0,0,55
0,575,25
0,0,24
0,529,84
0,529,40
0,0,54
0,0,69
0,218,31
0,37,50
0,0,52
0,0,32
0,271,52
0,0,21
0,0,28
0,739,50
0,0,58
0,706,71
0,0,71
0,44,71
0,24,71
0,0,71
0,539,71
0,220,71
0,435,71
0,306,63
0,306,39
0,570,60
0,0,60
0,669,35
0,144,63
0,144,40
0,0,56
0,323,51
0,0,54
0,0,69
0,0,57
0,0,69
0,466,34
0,0,44
0,475,77
0,0,73
0,679,20
0,0,23
0,143,27
0,236,32
0,32,25
0,0,26
0,0,22
0,501,46
0,0,22
0,0,28
0,0,50
0,0,76
2,0,50
1,0,84
1,0,40
0,0,75
1,0,34
2,679,84
2,679,41
1,571,27
1,681,58
1,691,50
1,297,69
2,0,69
1,229,36
1,0,50
2,554,65
2,554,40
1,0,34
1,0,77
2,0,23
0,0,59
1,0,77
0,0,57
1,210,30
1,0,24
1,0,74
1,107,79
2,440,31
1,327,27
1,393,61
0,651,35
1,177,43
1,53,59
2,0,54
2,0,52
1,0,36
1,0,47
1,0,29
1,344,42
2,522,77
2,0,71
1,171,61
1,0,22
1,0,63
1,0,41
1,209,58
2,0,36
1,0,28
1,0,69
2,270,44
0,693,23
0,792,47
2,52,73
1,0,46
1,0,57
1,99,42
0,0,31
2,0,34
2,0,49
1,731,27
1,0,36
1,181,60
1,0,29
1,0,26
1,493,55
1,0,76
1,230,25
1,167,70
1,0,24
1,741,54
1,174,31
1,678,50
1,556,70
0,220,52
1,0,32
2,693,52
1,0,28
1,628,69
0,457,77
1,0,50
2,0,58
1,610,63
1,610,37
2,670,79
1,585,75
1,0,84
1,0,39
1,0,65
1,0,74
1,0,40
1,279,77
1,0,84
1,0,39
1,40,32
1,717,79
1,0,60
1,483,84
1,483,38
0,0,46
1,0,31
0,0,31
1,0,60
1,0,70
1,0,60
1,216,35
1,130,64
1,130,71
1,130,39
1,0,56
1,0,51
0,0,54
1,0,57
1,0,79
1,754,34
0,453,44
1,0,73
2,0,23
1,0,84
1,0,41
1,0,73
2,0,63
2,0,76
2,0,37
1,125,27
1,0,32
1,380,25
1,375,26
2,96,22
1,688,46
2,0,22
2,182,28
1,0,50
0,212,73
0,209,50
1,0,34
1,0,27
1,481,84
1,481,39
1,0,63
1,0,38
2,624,58
2,725,50
1,420,36
1,171,50
1,0,34
0,579,23
0,0,26
1,491,22
1,0,46
1,0,22
2,0,28
2,0,50
0,0,31
0,0,58
0,0,56
0,0,76
0,5932,23
0,5932,75
0,0,49
0,0,36
0,5760,28
0,0,23
0,0,69
0,5608,33
0,5852,60
0,0,54
0,5660,34
0,0,49
0,5725,51
0,0,56
0,5883,59
0,0,34
0,0,52
0,0,56
0,0,70
0,5176,39
0,5176,63
0,5320,55
0,5320,75
0,0,60
0,5610,33
0,0,50
0,0,58
0,0,73
0,5299,49
0,5299,73
0,0,60
0,0,29
0,5105,49
0,5827,55
0,5692,40
0,5692,84
0,0,25
0,5249,54
0,5303,49
0,0,29
0,5715,29
0,5715,76
0,5918,41
0,5918,63
0,5918,72
0,5856,34
0,5856,73
0,5856,19
0,5267,50
0,5267,79
0,5909,24
0,5376,38
0,5376,64
0,0,48
0,0,57
0,5231,55
0,5310,23
0,0,37
0,0,84
0,5629,39
0,5629,64
0,0,23
0,5523,52
0,5289,50
0,5289,77
0,5381,29
0,5798,25
0,5304,40
0,5304,64
0,5482,33
0,0,30
0,5174,41
0,5174,65
0,0,36
0,5608,27
0,0,50
0,0,58
0,0,57
0,5627,42
0,5070,31
0,5002,43
0,0,37
0,0,63
0,5431,42
0,5431,73
0,0,30
0,0,75
0,0,26
0,0,48
0,0,20
0,0,51
0,5808,58
0,5790,39
0,5790,63
0,0,49
0,0,48
0,0,52
0,0,78
0,0,23
0,0,75
0,5447,60
0,0,27
0,5695,56
0,5696,41
0,5696,64
0,0,40
0,0,65
0,0,61
0,5158,37
0,5158,64
0,5407,26
0,0,40
0,0,63
0,5298,39
0,5298,65
0,5298,73
0,5556,28
0,0,52
0,0,36
0,0,78
0,0,23
0,5913,34
0,5376,31
0,5535,39
0,5535,64
0,5535,79
0,5874,39
0,5874,65
0,5874,72
0,0,48
0,0,37
0,0,65
0,5820,39
0,5820,65
0,5820,78
0,0,36
0,0,28
0,5448,48
0,5237,40
0,5237,65
0,5237,73
0,0,56
0,5464,32
0,5828,22
0,5828,75
0,0,32
0,0,38
0,0,84
0,5003,23
0,0,59
0,0,71
0,5802,48
0,0,29
0,0,45
0,0,36
0,5901,48
0,5206,51
0,5206,75
0,0,60
0,5596,47
0,5628,50
0,5628,73
0,5624,44
0,5624,71
0,5829,54
0,5829,70
0,5026,48
0,5062,42
0,5062,74
0,5753,22
0,5580,61
0,0,50
0,0,74
0,0,55
0,5532,40
0,5532,65
0,0,44
0,5559,56
0,5286,55
0,5286,78
0,5286,19
0,0,54
0,0,37
0,0,65
0,0,78
0,5770,26
0,5259,24
0,5259,77
0,0,24
0,5880,48
0,5901,60
0,0,52
0,0,57
0,0,73
0,5471,30
0,0,49
0,0,72
0,0,60
0,5252,51
0,0,27
0,0,56
0,5060,35
0,5060,73
0,0,51
0,0,22
0,5129,28
0,5129,70
0,0,27
0,0,27
0,0,39
0,0,65
0,5842,30
0,0,31
0,5874,49
0,5874,69
0,5412,23
0,5412,78
0,0,48
0,5932,42
0,5809,29
0,0,57
0,5016,53
0,5016,79
0,5845,32
0,0,48
0,5697,25
0,5697,79
0,5257,45
0,0,53
0,0,52
0,0,29
0,0,72
0,0,32
0,5502,45
0,5093,25
0,0,49
0,5433,53
0,0,33
0,5565,49
0,5318,22
0,5318,74
0,0,46
0,5310,47
0,0,52
0,0,75
0,0,53
0,0,79
0,5925,22
0,5805,43
0,5410,53
0,5368,22
0,5620,24
0,5322,23
0,5287,38
0,5287,84
0,5102,42
0,5933,52
0,5069,36
0,0,48
0,5766,38
0,5766,64
0,0,50
0,5785,45
0,5455,52
0,0,58
0,0,76
0,5824,51
0,5321,44
0,5583,44
0,5583,71
0,5513,35
0,5214,27
0,0,24
0,5438,26
0,5857,71
0,0,71
0,5061,71
0,5392,71
0,5396,71
0,5874,71
0,5117,71
0,0,59
0,0,42
0,0,71
0,0,33
0,5571,59
0,5062,29
0,5623,55
0,5623,75
0,5676,27
0,5758,34
0,0,61
0,5246,59
0,0,60
0,5880,42
0,0,40
0,0,63
0,5733,29
0,5009,60
0,5009,78
0,5469,39
0,5469,64
0,5469,75
0,5118,46
0,0,55
0,0,72
0,5360,54
0,0,25
0,0,28
0,5795,40
0,5795,65
0,5388,32
0,0,25
0,0,22
0,5229,35
0,5229,77
0,5636,61
0,5636,73
0,5700,42
0,0,35
0,0,76
0,5218,39
0,5218,65
0,5654,41
0,5654,64
0,0,22
0,0,34
0,0,57
0,0,49
0,5260,43
0,5760,52
0,0,31
0,0,75
0,5141,42
0,5704,28
0,5704,70
0,0,45
0,0,50
0,0,76
0,5416,27
0,5416,79
0,0,53
0,0,69
0,5625,26
0,5625,75
0,5498,49
0,5498,76
0,5543,54
0,5776,31
0,5776,74
0,5128,37
0,5128,65
0,5634,54
0,5634,71
0,0,26
0,0,25
0,0,71
0,0,33
0,5871,39
0,5871,63
0,5826,54
0,5258,46
0,5199,54
0,5584,22
0,5925,59
0,5879,52
0,5879,72
0,5115,24
0,5115,76
0,5798,50
0,5798,69
0,0,22
0,5562,24
0,5562,70
0,5690,45
0,5592,57
0,5592,78
1,5542,46
1,0,52
1,0,27
1,0,73
1,5247,32
1,0,27
1,5102,42
1,5752,48
1,5088,51
1,5393,22
1,5393,70
1,0,35
1,0,76
1,0,43
1,5032,37
1,5032,65
1,5032,72
1,5663,51
1,5663,79
1,0,36
1,0,79
1,0,59
1,5146,30
2,5232,49
1,5192,46
1,5897,46
1,0,24
1,0,40
1,0,65
1,0,56
1,5826,36
1,5718,61
1,5368,31
1,5368,72
1,0,42
1,0,72
1,5785,48
1,5598,25
2,0,39
2,0,65
1,0,32
1,0,48
1,5177,33
1,5256,35
1,5163,32
2,5005,27
1,5314,47
1,5691,51
1,5688,58
1,0,56
1,5169,55
0,0,44
0,0,79
1,0,29
1,5776,32
1,5720,61
1,5085,29
1,5720,56
1,0,31
1,0,43
1,0,33
1,0,75
1,5766,42
0,0,41
0,0,84
1,5666,32
1,5629,51
0,5916,28
1,0,37
1,0,64
2,5609,34
1,5620,25
1,5355,23
1,5857,32
2,5205,27
1,5719,43
1,5719,71
1,5169,49
1,5169,73
1,5620,60
1,0,26
1,0,73
2,0,44
2,0,73
1,5879,50
1,5879,75
1,0,53
1,5045,22
1,0,43
1,5477,38
1,5477,63
1,0,23
1,0,27
1,0,69
1,5348,60
1,5348,75
1,5760,60
1,5760,69
1,5236,25
1,5236,76
1,0,24
1,0,79
1,0,49
1,5702,23
1,0,33
1,0,40
1,0,63
1,0,72
2,0,44
2,0,79
1,0,29
1,0,76
1,0,50
0,5490,26
1,5244,30
1,5244,69
1,5040,49
1,5040,72
1,5208,34
1,5704,48
1,5704,70
1,5092,50
1,5092,73
0,5084,46
0,5084,71
1,5765,31
1,0,49
0,0,49
1,5386,26
1,5617,42
1,5637,28
1,0,39
1,0,84
2,5092,38
2,5092,84
1,5006,23
1,0,57
1,0,71
1,5944,52
1,5944,76
1,5392,41
1,5392,63
1,0,51
1,5144,31
1,5354,56
1,5354,79
2,0,54
1,0,51
1,0,78
2,0,34
2,0,72
1,5016,46
1,5256,28
1,5101,43
1,5101,76
1,5228,41
1,5228,65
1,5879,34
1,5792,58
1,0,49
1,0,41
1,0,63
0,5035,37
0,5035,64
1,5072,48
1,0,60
0,0,27
2,5162,35
2,0,28
1,5117,31
1,0,36
1,5577,42
1,5211,24
1,5211,75
1,5447,43
1,5447,77
1,0,54
1,5242,35
2,0,57
1,0,36
1,0,37
1,0,63
2,0,23
1,5842,38
1,5842,64
1,0,35
1,0,58
1,0,24
1,0,79
1,0,60
2,5610,60
1,0,34
1,0,73
1,5480,32
1,5480,75
1,5450,47
1,5328,35
1,5328,72
1,0,59
1,0,26
1,5599,55
1,5599,79
0,5334,45
0,5431,37
0,5431,65
1,5643,46
1,0,30
1,5786,28
1,5786,71
1,5520,60
1,0,34
0,5594,60
2,0,48
2,0,73
1,0,22
1,5509,39
1,5509,63
1,0,60
0,5022,42
1,0,41
1,0,63
1,0,69
0,5767,48
0,5767,72
1,5439,33
1,5898,53
1,5898,76
1,0,27
1,5006,26
1,5675,45
1,5460,26
1,5776,39
1,5363,46
1,0,45
1,0,36
1,5178,48
1,0,42
1,5887,60
0,0,51
0,8441,47
0,8310,57
0,8468,87
0,8434,56
0,0,42
0,0,75
0,8135,37
0,8135,84
0,0,30
0,8106,33
0,0,39
0,0,84
0,0,53
0,8224,48
0,0,49
0,0,42
0,8106,59
0,0,53
0,8111,46
0,0,48
0,0,52
0,8094,54
0,0,32
0,8183,22
0,8493,46
0,8344,47
0,0,23
0,8248,58
0,8194,59
0,0,52
0,8500,48
0,0,36
0,0,57
0,0,36
0,0,43
0,0,77
0,0,39
0,0,24
0,0,39
0,0,63
0,8095,43
0,8050,54
0,8050,40
0,8050,84
0,8475,57
0,8475,76
0,8338,58
0,0,59
0,8340,59
0,0,33
0,8055,22
0,8055,72
0,0,41
0,0,84
0,0,48
0,8104,31
0,0,42
0,8223,23
0,0,51
0,0,44
0,0,87
0,0,71
0,8348,23
0,0,59
0,0,34
0,0,24
0,8049,23
0,0,38
0,0,65
0,0,76
0,0,33
0,0,41
0,0,63
0,0,43
0,0,46
0,0,42
0,0,31
0,0,76
0,8223,42
0,8223,75
0,8114,26
0,0,57
0,8145,53
0,0,46
0,0,52
0,8072,46
0,0,25
0,8025,36
0,0,42
0,0,25
0,0,32
0,8406,31
0,8211,51
0,0,87
0,0,59
0,8300,42
0,8300,75
0,0,42
0,8297,43
0,8230,44
0,8347,56
0,8188,41
0,8188,63
0,8437,23
0,0,59
0,8067,45
0,8228,87
0,8228,72
0,0,39
0,0,84
0,0,45
0,0,31
0,0,78
0,0,49
0,0,78
0,0,56
0,0,73
0,0,61
0,8098,24
0,8377,57
0,8064,50
0,8415,24
0,0,59
0,0,60
0,8304,54
0,8364,44
0,8364,78
0,0,22
0,0,78
0,8331,43
0,0,25
0,8461,58
0,0,25
0,8285,29
0,8343,44
0,8234,61
0,0,35
0,8495,61
0,0,59
0,8219,27
0,8415,37
0,8415,64
0,8245,61
0,8241,38
0,8241,63
0,8383,23
0,8297,61
0,0,49
0,0,52
0,8319,31
0,8345,51
0,0,24
0,8113,25
0,0,38
0,0,63
0,8409,26
0,8328,54
0,8221,29
0,0,39
0,0,84
0,0,36
0,0,27
0,0,34
0,0,33
0,0,42
0,8412,24
0,0,59
0,0,77
0,8280,61
0,0,23
0,0,57
0,0,30
0,0,22
0,8405,55
0,8341,43
0,0,57
0,0,25
0,0,39
0,8296,55
0,0,57
0,8495,25
0,8141,57
0,8229,33
0,0,53
0,8400,38
0,8400,84
0,0,31
0,8429,34
0,8429,76
0,8259,43
0,0,38
0,0,65
0,0,48
0,0,23
0,0,75
0,0,40
0,0,65
0,0,56
0,8288,29
0,8028,25
0,8098,52
0,8098,73
0,8144,59
0,8144,69
0,0,41
0,0,65
0,0,72
0,0,35
0,0,46
0,0,26
0,0,51
0,8384,61
0,8186,45
0,8186,74
0,8208,40
0,8109,49
0,8150,39
0,8150,64
0,8170,37
0,8170,84
0,8196,38
0,8196,64
0,0,33
0,0,55
0,0,60
0,0,70
0,0,42
0,8257,46
0,8257,75
0,0,52
0,0,52
0,0,60
0,0,51
0,0,55
0,0,50
0,0,87
0,0,42
0,8364,42
0,8330,53
0,0,34
0,0,48
0,8448,25
0,8405,28
0,8071,45
0,0,32
0,0,71
0,0,71
0,8212,71
0,0,71
0,8440,71
0,8195,71
0,0,71
0,8049,71
0,0,40
0,0,63
0,0,75
0,0,87
0,0,23
0,0,57
0,0,59
0,0,75
0,0,58
0,0,25
0,0,45
0,0,43
0,8135,47
0,0,44
0,0,73
0,8474,59
0,8115,22
0,8115,73
0,8386,51
0,0,29
0,8221,31
0,0,56
0,8301,36
0,0,35
0,0,47
0,0,76
0,0,39
0,0,65
0,0,48
0,0,78
0,0,60
0,0,24
0,0,47
0,0,42
0,0,31
0,0,35
0,8500,22
0,8112,52
0,0,61
0,0,54
0,0,53
0,8041,47
0,8041,75
0,0,22
0,0,23
0,8444,48
0,8441,33
0,0,50
0,8306,54
0,0,37
0,0,84
0,0,43
0,8093,29
0,8370,48
0,8282,51
0,8282,69
0,0,55
0,0,52
0,0,49
0,8178,44
0,8222,40
0,8222,84
0,0,44
0,0,22
0,8329,49
0,0,28
0,8423,37
0,8423,64
0,0,59
0,0,75
0,0,53
0,0,58
0,8148,41
0,8148,84
0,0,32
0,8256,50
0,8277,50
0,0,30
0,8226,37
0,0,37
0,0,84
0,8409,30
0,8409,69
0,8318,34
0,8342,56
0,8373,54
0,8093,38
0,8093,63
0,0,59
0,0,42
0,0,43
0,8386,33
1,0,37
1,0,84
1,0,39
1,0,22
1,0,75
2,8465,53
2,0,29
1,0,38
1,0,84
2,8309,58
1,0,53
1,8104,24
2,8242,28
2,8242,69
2,0,25
1,0,45
2,8058,41
2,8058,65
1,8138,25
1,8062,42
0,8182,25
1,8286,48
1,8441,26
1,0,23
2,8073,53
0,0,42
2,0,36
1,8086,45
1,8086,77
1,0,27
1,8496,54
1,8496,69
1,0,56
1,0,45
1,0,79
1,8421,30
1,8166,27
2,8074,47
1,0,25
1,8385,44
1,0,34
1,0,26
1,0,71
2,8262,87
1,8323,60
1,8323,74
1,0,24
1,8001,50
2,0,51
2,0,75
1,8043,56
1,0,40
1,0,63
1,0,71
1,8244,25
1,0,48
2,0,41
2,0,63
0,8448,26
1,0,87
1,0,79
2,8285,24
1,0,46
2,8360,52
1,0,28
1,0,70
1,8224,29
1,8297,34
0,8255,34
1,8221,87
1,8221,72
1,8457,37
1,8457,84
1,8457,71
2,8017,26
0,8497,34
1,8361,43
1,8218,50
1,0,57
1,0,79
1,0,50
1,0,42
1,0,37
2,8117,43
2,8463,25
2,8463,79
1,8407,29
1,0,39
1,0,64
1,0,33
1,0,47
1,0,48
1,8008,61
1,8008,71
1,0,34
1,0,79
2,8282,52
0,0,59
1,0,41
1,0,63
1,0,77
2,0,38
2,0,54
1,0,87
1,0,33
1,0,53
1,8173,30
1,0,58
1,0,33
0,0,71
0,0,31
1,0,23
2,0,40
2,0,63
1,0,56
1,0,30
1,8022,57
1,8195,29
2,8015,50
2,8015,79
1,8399,50
1,0,56
2,0,36
2,8072,44
1,8399,57
1,0,25
1,0,23
1,0,56
1,8251,57
1,8251,74
1,8211,52
1,8211,71
2,0,41
2,0,84
1,8451,25
1,0,26
1,8068,37
1,8068,84
1,8037,25
1,8037,79
2,8125,25
1,8189,87
2,8206,51
1,0,52
2,0,36
1,0,47
1,0,34
1,0,48
1,8405,46
1,8066,23
0,8292,59
1,8455,60
1,0,28
2,0,23
1,8213,42
1,0,50
0,0,50
1,8250,35
1,0,58
1,0,60
2,8454,48
2,8454,70
2,0,50
2,0,69
2,8087,42
2,8087,70
1,0,49
1,0,41
1,0,65
2,0,32
2,0,71
1,0,53
1,8306,35
1,0,50
1,0,41
1,0,65
1,0,69
1,8031,35
1,8113,26
1,8131,60
1,8131,70
1,0,46
1,0,31
1,8483,26
1,8156,40
1,8156,65
1,0,22
2,0,25
1,8270,44
1,8270,78
1,8034,39
1,8034,64
2,8341,59
1,8305,59
2,0,57
1,8245,30
1,8367,32
1,0,24
1,0,52
1,0,52
0,8362,37
0,8362,84
1,8395,40
1,8395,64
1,0,29
1,8054,49
1,0,45
2,0,44
1,0,27
1,8363,55
1,8264,58
1,8264,74
1,8272,38
1,8272,63
1,8094,50
2,0,46
2,0,58
1,0,54
2,0,50
2,0,24
1,0,58
1,0,57
1,0,70
1,0,44
1,0,87
2,0,28
2,0,74
1,8430,26
1,0,87
1,0,31
1,0,69
1,8022,36
1,0,39
1,0,63
1,0,79
1,8265,57
1,0,47
1,0,28
2,8237,49
1,8074,22
1,8392,48
1,0,53
1,0,71
2,0,47
1,0,46
1,0,25
2,8500,53
2,8500,73
2,8500,19
1,8424,37
1,8424,65
1,8007,27
1,8160,47
1,0,50
1,8197,47
1,8115,26
1,8115,69
1,8386,28
1,0,49
2,8231,52
1,8196,25
1,8196,70
1,8130,26
1,8096,41
1,8096,84
1,8096,69
0,682,37
0,682,63
0,138,32
0,138,69
0,111,34
0,175,46
0,175,69
0,407,57
0,0,46
0,8,28
0,524,41
0,524,84
0,0,61
0,0,36
0,0,35
0,0,45
0,0,71
0,0,58
0,0,56
0,738,31
0,738,73
0,338,51
0,296,55
0,0,41
0,0,84
0,193,54
0,0,48
0,0,23
0,0,48
0,0,74
0,0,43
0,0,58
0,44,27
0,0,24
0,0,76
0,134,58
0,0,29
0,124,53
0,0,55
0,0,79
0,23,52
0,0,58
0,0,33
0,0,53
0,0,32
0,0,57
0,0,22
0,214,33
0,0,51
0,0,73
0,69,55
0,655,24
0,497,51
0,476,26
0,503,42
0,0,47
0,0,72
0,0,55
0,742,41
0,742,63
0,0,31
0,9,55
0,9,74
0,0,32
0,0,50
0,0,57
0,260,28
0,0,30
0,180,43
0,0,23
0,0,71
0,0,27
0,0,39
0,0,64
0,0,30
0,678,36
0,0,27
0,220,29
0,220,69
0,0,53
0,0,34
0,0,77
0,0,49
0,488,43
0,0,45
0,248,60
0,0,61
0,0,75
0,0,23
0,0,24
0,612,52
0,0,31
0,0,42
0,0,30
0,0,75
0,350,35
0,31,27
0,49,60
0,49,74
0,0,61
0,0,69
0,221,45
0,221,69
0,343,54
0,0,34
0,0,31
0,0,74
0,0,39
0,0,64
0,347,34
0,347,78
0,497,45
0,0,48
0,0,61
0,307,35
0,0,44
0,0,48
0,0,37
0,289,39
0,289,65
0,289,78
0,0,38
0,0,65
0,0,53
0,219,31
0,0,37
0,0,63
0,22,49
0,22,69
0,472,25
0,689,48
0,0,38
0,0,84
0,0,40
0,0,65
0,0,22
0,0,29
0,430,37
0,430,65
0,430,77
0,42,49
0,42,73
0,0,30
0,566,35
0,199,23
0,0,41
0,0,63
0,0,47
0,0,79
0,0,36
0,0,46
0,0,32
0,0,43
0,0,71
0,428,46
0,491,37
0,684,46
0,173,61
0,50,32
0,288,54
0,288,73
0,707,28
0,707,73
0,0,54
0,0,51
0,0,77
0,5,60
0,796,24
0,201,53
0,0,30
0,629,49
0,508,50
0,185,42
0,0,41
0,0,63
0,0,25
0,573,47
0,201,31
0,0,32
0,152,58
0,0,54
0,0,22
0,0,30
0,0,57
0,785,27
0,0,22
0,0,26
0,0,70
0,0,45
0,0,71
0,0,26
0,0,75
0,0,34
0,126,47
0,0,35
0,0,27
0,0,74
0,0,39
0,0,65
0,251,42
0,344,59
0,0,47
0,0,55
0,247,55
0,364,35
0,98,31
0,0,26
0,0,59
0,0,50
0,0,61
0,0,42
0,0,24
0,0,24
0,0,28
0,0,77
0,456,56
0,212,46
0,0,55
0,276,41
0,276,84
0,652,40
0,652,84
0,0,31
0,382,58
0,0,48
0,0,35
0,0,29
0,0,72
0,480,54
0,0,61
0,0,48
0,0,78
0,0,59
0,0,78
0,177,27
0,0,24
0,0,41
0,0,63
0,0,76
0,319,28
0,212,35
0,0,53
0,296,46
0,0,28
0,0,55
0,0,56
0,230,26
0,149,45
0,467,42
0,0,53
0,511,55
0,295,38
0,295,65
0,0,40
0,0,84
0,0,39
0,0,84
0,0,53
0,0,77
0,0,25
0,687,25
0,0,71
0,0,71
0,434,71
0,441,71
0,0,71
0,0,71
0,0,71
0,641,71
0,0,28
0,0,55
0,0,72
0,0,24
0,0,75
0,0,47
0,441,40
0,441,64
0,500,31
0,500,71
0,139,40
0,139,64
0,0,48
0,0,61
0,81,46
0,0,44
0,483,53
0,49,45
0,650,40
0,650,63
0,378,52
0,548,31
0,0,53
0,0,60
0,0,43
0,0,56
0,0,73
0,0,32
0,0,53
0,0,71
0,636,34
0,636,70
0,376,46
0,0,27
0,0,31
0,0,76
0,563,42
0,593,28
0,0,44
0,0,22
0,0,70
0,0,58
0,0,51
0,0,24
1,0,39
1,0,84
1,763,26
1,607,45
2,0,48
1,0,27
1,0,38
1,0,63
2,0,53
0,0,46
1,0,58
1,0,41
1,0,64
1,0,42
1,728,31
1,0,37
1,0,63
1,606,25
1,637,47
1,0,22
1,381,42
2,0,34
2,0,32
1,0,43
1,0,76
2,31,28
0,793,34
1,27,59
2,581,55
1,0,61
2,0,51
0,0,60
2,320,27
1,726,36
2,0,42
1,674,24
2,0,47
1,0,30
1,0,30
1,0,54
2,57,24
1,0,31
1,0,40
1,0,63
1,0,31
1,0,53
1,537,38
1,537,65
2,0,24
1,0,30
1,354,25
1,0,46
1,0,69
1,84,42
1,0,41
1,0,79
1,440,48
1,0,28
1,0,40
0,31,40
2,0,33
1,0,27
2,118,41
2,118,84
0,0,45
2,0,39
2,0,63
0,248,22
0,248,71
1,0,47
0,552,54
1,560,46
2,0,50
0,0,34
0,0,69
1,54,41
1,54,64
2,0,47
1,0,36
1,0,76
1,0,48
1,0,23
2,0,40
2,0,84
0,0,50
0,0,79
1,0,58
1,0,72
1,0,59
1,0,48
1,0,79
1,0,42
1,527,31
1,613,22
2,552,60
2,0,60
1,0,44
0,303,55
1,493,31
1,493,78
0,133,48
1,0,42
1,0,59
1,549,47
1,549,73
2,581,58
2,581,79
1,0,50
1,0,50
1,0,45
1,240,26
2,68,42
2,0,40
2,0,63
1,64,25
1,670,44
2,686,56
2,0,37
2,0,63
2,0,69
2,515,57
2,0,56
1,0,61
1,164,43
1,0,24
1,156,37
1,734,45
1,145,26
1,145,73
1,663,46
2,90,38
2,90,63
1,0,48
1,0,48
2,0,61
1,0,36
1,0,71
1,774,28
2,128,41
2,0,25
0,424,58
2,0,51
2,0,52
1,0,49
1,699,30
1,0,48
1,0,25
1,0,37
1,0,63
0,95,48
1,708,56
1,456,48
2,437,49
0,42,52
0,42,73
2,190,42
1,0,61
1,0,73
1,0,29
2,611,38
1,580,26
1,0,61
1,0,59
1,0,28
1,15,36
1,15,74
1,671,44
1,671,71
1,700,54
1,0,55
0,0,28
1,0,28
1,176,28
2,419,52
1,0,56
1,0,26
1,562,44
0,0,32
0,518,61
2,672,31
2,128,52
1,242,60
1,242,73
1,105,46
1,0,52
1,369,54
1,276,34
1,0,35
0,5867,61
0,5819,55
0,0,42
0,5546,42
0,5546,73
0,5062,60
0,0,31
0,0,23
0,0,73
0,5650,27
0,0,49
0,0,72
0,0,51
0,5924,59
0,5924,75
0,5255,32
0,0,49
0,0,33
0,0,59
0,0,52
0,5832,35
0,5700,28
0,0,52
0,0,50
0,5502,44
0,5748,43
0,5064,36
0,5064,77
0,5818,31
0,0,50
0,0,26
0,0,36
0,5580,48
0,5655,49
0,0,23
0,0,78
0,0,26
0,5508,56
0,5508,77
0,5138,38
0,5138,63
0,5134,45
0,5356,32
0,5677,46
0,5677,75
0,0,23
0,5060,38
0,5060,63
0,5060,75
0,0,36
0,0,77
0,0,23
0,5112,57
0,5112,78
0,5112,21
0,0,53
0,5229,60
0,0,49
0,5433,29
0,5433,76
0,0,40
0,0,63
0,5492,22
0,5754,55
0,5754,78
0,0,38
0,0,64
0,0,71
0,0,38
0,0,84
0,0,70
0,0,42
0,5075,36
0,5075,76
0,0,54
0,0,36
0,0,73
0,0,34
0,0,22
0,5923,52
0,5923,73
0,0,31
0,5822,32
0,5570,60
0,5184,53
0,5583,37
0,5583,63
0,0,53
0,5288,51
0,5773,32
0,5046,40
0,5046,84
0,0,30
0,0,51
0,0,51
0,5399,33
0,5120,37
0,5120,84
0,5120,71
0,0,40
0,0,65
0,5728,35
0,0,42
0,0,43
0,0,41
0,0,63
0,0,70
0,5331,34
0,0,28
0,0,45
0,0,42
0,0,47
0,0,75
0,5592,61
0,5778,41
0,5778,63
0,0,46
0,0,70
0,5072,40
0,5072,63
0,0,43
0,5432,24
0,5432,70
0,0,25
0,5653,42
0,5408,59
0,0,31
0,0,79
0,0,53
0,5269,54
0,5336,50
0,0,51
0,5446,44
0,0,36
0,0,44
0,0,60
0,5838,48
0,5590,36
0,0,54
0,5892,22
0,0,28
0,0,30
0,0,75
0,0,56
0,0,60
0,0,73
0,5376,45
0,5376,71
0,5301,41
0,5301,84
0,0,45
0,0,32
0,0,78
0,5359,27
0,5359,75
0,5298,43
0,5298,70
0,5720,27
0,5536,41
0,5536,63
0,5536,76
0,0,50
0,5123,46
0,5123,69
0,0,40
0,0,63
0,5455,55
0,5455,79
0,5628,33
0,0,42
0,0,78
0,0,38
0,0,84
0,0,72
0,5923,53
0,0,33
0,0,51
0,5143,37
0,5143,84
0,5912,40
0,5912,64
0,5752,45
0,5752,75
0,0,35
0,5340,38
0,5340,84
0,5340,75
0,5600,37
0,5600,64
0,5116,40
0,5116,64
0,0,60
0,0,78
0,0,46
0,0,30
0,0,60
0,0,69
0,0,46
0,0,29
0,5417,33
0,5417,78
0,5554,33
0,0,35
0,0,73
0,5226,29
0,0,44
0,0,71
0,5925,42
0,5342,29
0,5342,75
0,5900,36
0,5900,77
0,0,23
0,0,38
0,0,63
0,0,35
0,5377,55
0,5590,56
0,5236,55
0,0,34
0,0,37
0,0,64
0,0,73
0,5465,41
0,5465,84
0,0,34
0,0,73
0,0,49
0,0,76
0,5352,25
0,0,47
0,0,76
0,0,25
0,0,60
0,5829,27
0,5829,78
0,5942,30
0,0,49
0,5511,31
0,5441,52
0,5018,45
0,5038,50
0,5038,79
0,5672,33
0,5835,22
0,0,40
0,0,65
0,0,69
0,0,59
0,0,22
0,5531,26
0,0,59
0,0,28
0,0,49
0,5702,29
0,0,42
0,5783,53
0,5644,32
0,5879,39
0,5879,65
0,5489,52
0,0,39
0,0,63
0,0,69
0,0,26
0,0,78
0,5880,34
0,5199,47
0,0,34
0,0,70
0,0,22
0,0,39
0,0,64
0,5643,27
0,0,34
0,0,75
0,5855,53
0,5760,59
0,5406,60
0,5818,60
0,0,34
0,0,48
0,0,76
0,0,53
0,5430,36
0,5811,41
0,5811,63
0,5873,71
0,0,71
0,0,71
0,5853,71
0,0,71
0,5243,71
0,0,71
0,0,35
0,0,56
0,0,73
0,0,21
0,5935,50
0,5935,72
0,0,23
0,0,74
0,0,48
0,0,30
0,0,78
0,0,29
0,0,74
0,0,54
0,5738,59
0,5268,28
0,5275,57
0,5667,45
0,5667,76
0,0,51
0,5818,48
0,0,42
0,0,47
0,0,40
0,0,84
0,0,37
0,0,64
0,5914,23
0,5170,37
0,5170,64
0,5345,29
0,5174,33
0,5174,79
0,5802,49
0,0,30
0,0,74
0,5113,25
0,0,41
0,0,65
0,5695,50
0,0,27
0,0,36
0,0,52
0,0,32
0,0,46
0,5898,25
0,5449,32
0,5449,77
0,5658,47
0,5658,79
0,0,48
1,5489,40
1,5489,84
1,0,24
1,5247,57
1,5247,69
2,5471,49
1,5014,58
0,0,47
1,0,43
0,0,39
0,0,84
1,0,39
1,0,64
1,5671,38
1,5671,84
1,5194,49
1,5475,61
1,0,36
1,0,22
1,0,77
0,0,22
1,5414,55
1,0,29
2,0,52
1,5867,54
0,0,30
1,5180,24
0,0,49
1,0,48
1,0,39
1,0,84
2,5144,48
0,5764,46
1,5587,59
1,0,30
1,0,27
1,5225,51
1,5225,46
2,5163,34
1,5089,27
2,0,61
2,0,70
1,5538,57
1,5029,27
1,5916,58
1,0,23
2,5616,38
2,5616,84
2,5616,69
2,5004,31
2,5004,74
1,0,50
1,0,79
1,5600,61
1,5600,73
2,5448,30
0,0,37
0,0,63
2,0,25
1,0,59
1,0,72
0,0,33
0,0,77
1,5356,26
1,5356,77
1,5502,45
1,5502,76
1,5739,49
1,0,57
1,0,71
1,5873,51
1,0,49
1,0,77
1,5829,29
1,5829,79
1,0,32
1,0,76
1,0,41
1,0,64
0,0,32
0,0,75
0,0,55
0,0,72
1,5154,44
1,5154,75
0,0,39
0,0,65
1,0,22
1,0,56
0,0,43
1,5673,47
1,5673,77
1,0,30
1,0,57
1,5458,42
1,5900,33
1,5900,69
1,0,30
0,5132,53
1,5000,50
2,0,46
1,0,39
1,0,65
1,0,76
2,5366,54
2,5366,76
0,5708,57
1,5290,24
1,0,38
1,0,84
1,0,33
0,0,50
0,0,72
0,5487,39
0,5487,63
1,0,44
1,5462,44
0,0,39
0,0,65
1,0,54
1,0,56
1,5422,39
1,5422,65
0,5728,24
0,5728,79
0,5052,34
1,5502,31
0,5705,50
0,5705,70
1,5026,22
1,5026,78
1,5114,37
1,5114,63
1,5518,46
1,0,27
1,5598,26
0,0,44
0,0,76
1,5019,48
1,0,48
0,5151,30
0,5577,51
1,0,43
1,0,69
2,0,48
1,5073,59
1,5038,22
1,5734,37
1,5734,65
1,0,40
1,0,63
1,0,36
1,0,69
1,0,52
1,0,79
1,0,41
1,0,75
1,0,26
2,0,51
2,0,75
1,0,53
1,5576,52
1,0,60
1,0,30
2,5004,30
2,0,35
1,5705,58
1,5136,57
0,5091,27
0,5619,52
1,0,58
1,5854,27
1,5854,78
1,0,41
1,0,71
1,5158,59
1,5158,74
1,0,41
1,0,84
1,0,75
0,0,40
0,0,84
0,0,71
1,0,28
1,0,71
1,5274,38
1,5274,63
0,0,53
1,0,26
1,0,53
2,5138,27
1,5238,56
1,5238,76
1,5238,20
1,5939,31
1,5133,42
1,5133,76
1,0,54
1,0,58
0,5762,36
1,5043,35
1,5220,47
1,5289,58
1,5289,76
1,5399,38
1,5399,84
1,5432,37
1,5432,65
1,5281,33
1,5745,30
1,5459,58
1,5658,23
1,0,60
1,5108,55
1,5862,29
1,5348,22
1,5348,74
1,0,38
1,0,63
0,0,50
0,0,69
1,5696,40
1,5658,58
0,5422,61
1,5557,47
1,5557,69
0,5314,40
0,5314,71
1,0,24
1,0,75
1,5778,55
1,0,45
1,5309,29
1,0,33
1,0,36
1,5061,60
1,0,27
1,0,46
1,5077,31
1,0,36
1,0,58
1,5744,24
1,0,48
1,5403,34
1,0,43
1,0,73
0,5301,61
2,0,53
1,0,53
1,5860,60
1,5860,75
1,5789,30
1,0,58
1,0,79
2,5414,34
1,5283,40
1,5283,72
0,8294,57
0,0,39
0,0,65
0,0,79
0,8225,37
0,8225,65
0,8013,57
0,0,38
0,0,79
0,0,52
0,0,28
0,0,35
0,0,30
0,8429,24
0,8045,25
0,8315,32
0,8315,78
0,8086,29
0,8500,44
0,0,56
0,0,72
0,8455,25
0,8397,55
0,8265,22
0,8265,73
0,8080,38
0,8080,84
0,8130,27
0,0,28
0,8002,47
0,0,44
0,0,61
0,0,27
0,0,60
0,0,58
0,8383,33
0,8253,51
0,8471,48
0,0,61
0,0,56
0,8297,61
0,0,48
0,8392,23
0,0,58
0,0,78
0,8227,33
0,8305,52
0,8072,55
0,8328,24
0,0,28
0,0,34
0,8124,27
0,0,59
0,0,79
0,0,36
0,8471,25
0,8236,23
0,8236,73
0,0,38
0,0,64
0,8039,61
0,8500,87
0,0,40
0,0,64
0,0,79
0,8251,42
0,8251,70
0,8457,51
0,8457,79
0,0,37
0,0,63
0,0,78
0,8328,87
0,0,50
0,8295,35
0,8323,36
0,8118,48
0,8118,74
0,8459,87
0,8016,34
0,0,28
0,0,77
0,8322,40
0,8322,65
0,8322,75
0,8252,50
0,8257,52
0,8456,39
0,8370,31
0,0,49
0,8076,39
0,8076,64
0,0,54
0,8287,52
0,8236,59
0,0,45
0,0,47
0,0,79
0,0,47
0,0,43
0,0,31
0,0,48
0,8013,38
0,8013,64
0,8228,53
0,0,36
0,0,56
0,0,50
0,0,70
0,0,31
0,0,30
0,0,28
0,8331,26
0,8218,40
0,8218,65
0,0,52
0,0,78
0,8038,36
0,8038,73
0,0,46
0,0,55
0,0,47
0,8063,35
0,8159,56
0,0,22
0,0,58
0,0,41
0,0,63
0,0,48
0,8083,48
0,8352,57
0,8352,78
0,0,39
0,8370,87
0,8370,70
0,0,44
0,8246,44
0,8246,77
0,0,48
0,0,54
0,0,77
0,8090,37
0,8090,84
0,8090,78
0,8311,26
0,0,28
0,8006,25
0,8179,56
0,0,48
0,8322,43
0,0,58
0,8145,37
0,8145,63
0,8072,43
0,0,37
0,0,63
0,8280,27
0,8280,75
0,8479,48
0,8479,71
0,8442,39
0,0,87
0,8195,34
0,8364,51
0,8154,52
0,8394,48
0,8375,38
0,8375,64
0,8072,42
0,0,53
0,8459,61
0,8459,79
0,8156,30
0,8156,70
0,8023,23
0,0,45
0,0,34
0,8251,47
0,8353,50
0,0,57
0,0,75
0,0,23
0,8271,38
0,8271,65
0,0,22
0,8321,25
0,0,55
0,0,73
0,8142,53
0,8142,70
0,8365,29
0,8075,53
0,8079,26
0,8481,60
0,8185,37
0,8185,84
0,0,40
0,0,64
0,8480,34
0,0,41
0,0,63
0,8236,52
0,8236,79
0,8331,46
0,8260,39
0,8260,64
0,8260,73
0,8054,40
0,8054,84
0,8039,34
0,0,34
0,0,22
0,8466,22
0,8213,52
0,8213,74
0,8452,44
0,8452,79
0,8343,44
0,0,51
0,8231,59
0,8069,58
0,8187,47
0,0,52
0,0,69
0,8408,49
0,8036,29
0,0,54
0,8417,87
0,0,42
0,8436,87
0,8436,76
0,8206,37
0,8206,65
0,0,61
0,8410,60
0,8003,37
0,8003,64
0,8480,55
0,8161,54
0,0,30
0,0,79
0,8179,26
0,0,57
0,0,76
0,8109,23
0,0,35
0,0,24
0,8491,41
0,0,54
0,8101,39
0,8101,64
0,8282,24
0,0,23
0,8481,61
0,8004,52
0,0,38
0,0,63
0,0,40
0,0,63
0,8335,36
0,8029,51
0,0,51
0,0,73
0,0,47
0,8078,51
0,0,50
0,0,77
0,0,52
0,0,19
0,8001,71
0,0,71
0,0,71
0,8233,71
0,8064,71
0,8291,71
0,8327,71
0,8229,71
0,8439,58
0,0,34
0,8034,31
0,8050,30
0,8403,46
0,8234,59
0,8245,28
0,8245,76
0,8352,47
0,0,39
0,0,64
0,0,71
0,8430,40
0,8071,39
0,8071,63
0,0,27
0,8464,52
0,0,38
0,0,64
0,0,47
0,0,71
0,8499,54
0,8281,34
0,8474,26
0,8322,49
0,8322,74
0,8154,37
0,8154,64
0,8461,59
0,8461,78
0,8461,20
0,0,39
0,0,63
0,0,24
0,8176,36
0,8001,49
0,8001,79
0,0,31
0,0,75
0,8006,26
0,8453,34
0,0,35
0,0,69
0,0,44
0,0,47
0,8058,43
0,0,52
0,8483,24
0,8124,32
0,8015,27
0,8015,77
0,0,35
0,0,50
0,0,52
0,0,41
0,0,65
0,0,77
0,0,23
0,8283,36
0,8419,48
0,0,22
0,8128,47
0,8143,33
0,8143,78
0,0,36
0,8111,61
0,8370,24
0,8182,59
0,8196,32
0,8071,23
0,8032,25
0,0,36
0,0,20
0,8410,33
0,8410,19
0,0,59
0,8097,87
0,0,26
0,8349,24
0,0,44
0,0,58
0,0,46
0,8067,55
0,8042,60
0,8120,38
0,8120,65
0,0,23
0,8022,36
0,8287,28
0,0,87
0,0,74
0,0,29
0,0,39
0,0,84
0,8195,48
0,8032,30
0,8091,37
0,8091,63
0,8087,26
0,8087,71
0,8144,26
0,8144,37
0,8144,84
0,8163,87
0,8073,61
0,8101,57
0,8101,71
0,8323,48
0,8385,29
0,8456,24
0,0,59
0,0,77
0,8106,23
0,8443,36
0,8150,25
0,0,36
0,0,61
0,0,74
0,8483,51
0,8006,50
0,8148,30
0,0,28
0,8252,22
0,8199,37
0,8199,63
0,8158,25
0,8158,72
0,8396,61
0,8396,70
0,0,23
0,8355,50
0,8382,53
0,0,38
0,0,63
0,8027,48
0,8321,61
0,8321,73
0,8121,55
0,8022,30
0,0,49
0,8003,51
0,0,38
0,0,64
0,0,78
0,8186,43
0,8250,27
0,8109,28
0,0,41
0,0,63
1,0,53
0,0,28
0,0,70
1,0,56
1,0,23
1,0,41
1,0,64
2,8125,29
2,8125,78
1,8066,46
1,8246,26
2,8338,35
2,8241,53
1,0,32
1,8457,36
2,8071,25
2,8071,71
1,0,53
1,8321,55
1,8076,56
1,8414,46
2,0,55
1,0,33
1,0,79
1,0,31
1,0,49
2,8485,23
2,8485,79
2,0,31
0,0,35
1,8042,42
2,0,55
1,8199,87
2,8423,45
1,8221,43
2,8471,43
2,8141,53
1,0,40
1,0,37
1,0,84
1,0,74
1,0,55
1,8467,35
2,0,87
1,8022,87
2,0,34
2,8077,50
2,8181,40
2,8181,65
2,8181,74
2,0,31
1,8241,61
1,8241,70
1,8417,27
1,0,33
1,0,74
0,8336,56
0,8336,75
2,8181,60
2,0,43
1,8123,36
1,0,48
1,0,19
1,8225,33
1,8273,54
1,0,37
1,0,65
1,8397,43
2,8169,25
1,0,22
1,0,75
1,8060,33
2,8450,46
2,8450,75
1,0,42
1,0,76
1,8214,46
2,8110,55
2,8110,78
1,8184,58
1,8147,23
2,8131,33
1,8345,59
1,8142,41
1,8497,60
1,8497,73
1,0,22
1,8430,56
1,8430,79
1,8337,32
1,8337,71
1,0,54
1,0,41
1,0,64
2,8444,49
2,8444,70
1,8404,36
1,0,29
1,0,35
1,0,28
1,8311,58
1,0,60
2,8275,35
2,8275,77
0,0,59
2,8102,28
2,8482,22
2,0,22
2,0,32
2,8416,40
2,8416,63
2,8416,77
2,0,38
2,0,63
1,8411,42
1,8410,40
1,8410,63
2,8133,38
2,8133,64
1,8144,27
2,0,25
2,8105,44
2,8237,55
2,8206,48
1,8052,59
1,0,35
2,8042,59
1,0,26
2,8245,22
1,8039,32
1,8039,78
1,8371,42
2,0,33
2,0,75
1,0,53
1,8273,46
2,8190,25
1,8310,42
1,8310,73
1,8033,51
1,8033,74
1,8071,27
1,8147,34
1,8469,22
1,0,32
1,8060,57
2,8353,46
2,8353,77
1,0,23
2,0,26
2,8125,60
2,8125,78
2,0,27
1,8268,38
2,8419,50
2,0,37
2,0,64
1,8305,49
1,8242,49
2,0,57
1,8252,31
2,0,52
1,8019,87
1,8121,59
2,8390,60
1,0,60
0,8039,27
0,8039,76
1,0,56
1,0,76
1,8341,60
1,8341,74
1,8204,40
1,8204,65
2,8121,54
2,8121,69
1,8316,29
1,8382,46
2,8192,41
2,8192,65
2,0,27
2,8136,30
2,8091,29
0,8259,51
2,8472,87
2,8158,56
2,0,29
2,0,49
1,8080,26
1,8219,37
1,8219,65
2,8363,50
1,0,25
1,0,35
2,8091,37
1,8145,55
1,8145,78
1,8007,54
1,0,33
0,8437,26
1,8054,45
0,8485,32
2,8262,51
1,0,44
1,0,34
2,8082,32
1,8399,41
1,8399,64
1,8399,77
1,0,43
2,8043,42
2,8043,69
1,8365,53
1,0,34
1,8208,27
1,8208,71
2,8208,40
2,8208,63
1,8357,47
1,0,27
1,8024,55
0,8081,54
2,8068,56
1,8458,54
1,0,41
1,0,64
1,0,87
1,0,71
1,0,38
1,0,64
1,0,37
1,0,84
2,8214,59
1,0,59
1,8389,50
1,8481,51
1,8481,79
1,0,61
1,8373,61
1,8486,50
1,8486,20
1,0,35
1,0,27
1,8375,22
0,130,23
0,764,29
0,764,79
0,0,47
0,0,29
0,0,52
0,136,48
0,0,50
0,0,54
0,0,54
0,214,26
0,461,33
0,86,35
0,368,42
0,0,50
0,627,35
0,0,26
0,161,23
0,15,39
0,15,65
0,396,44
0,393,31
0,334,43
0,478,29
0,432,29
0,0,33
0,0,75
0,768,52
0,130,60
0,706,54
0,0,59
0,500,35
0,33,61
0,0,49
0,80,46
0,493,29
0,493,79
0,0,53
0,0,37
0,0,84
0,610,38
0,610,63
0,0,49
0,0,29
0,3,46
0,3,72
0,762,43
0,0,48
0,0,40
0,0,64
0,0,53
0,0,72
0,46,42
0,135,56
0,797,42
0,599,32
0,433,49
0,448,61
0,432,41
0,432,63
0,432,72
0,0,39
0,0,65
0,0,25
0,0,69
0,0,27
0,496,44
0,88,28
0,0,24
0,0,45
0,0,74
0,336,42
0,0,45
0,642,30
0,438,38
0,438,64
0,678,51
0,678,69
0,0,45
0,411,45
0,156,44
0,686,45
0,0,30
0,0,26
0,570,55
0,602,50
0,437,23
0,437,76
0,0,55
0,0,54
0,406,44
0,406,70
0,381,38
0,381,64
0,0,59
0,0,53
0,301,22
0,301,75
0,0,57
0,0,70
0,148,56
0,575,24
0,0,31
0,2,49
0,0,22
0,0,30
0,679,23
0,42,38
0,42,63
0,81,40
0,81,63
0,39,31
0,39,69
0,209,48
0,0,58
0,0,47
0,335,28
0,335,75
0,141,39
0,141,84
0,0,56
0,736,61
0,147,51
0,147,72
0,466,46
0,597,56
0,38,39
0,38,63
0,38,72
0,384,41
0,384,65
0,0,44
0,0,76
0,72,48
0,481,50
0,0,22
0,0,35
0,313,28
0,342,23
0,0,56
0,0,34
0,0,46
0,0,51
0,8,44
0,592,41
0,592,64
0,283,51
0,0,23
0,601,40
0,601,84
0,714,28
0,771,59
0,0,26
0,739,59
0,0,44
0,616,25
0,799,53
0,0,61
0,555,53
0,0,42
0,590,32
0,550,54
0,550,71
0,0,46
0,3,22
0,0,41
0,0,84
0,0,48
0,37,59
0,328,37
0,328,64
0,284,25
0,408,51
0,424,27
0,608,51
0,608,72
0,0,59
0,0,27
0,289,49
0,464,57
0,0,35
0,322,39
0,322,84
0,278,36
0,0,30
0,461,29
0,48,33
0,0,23
0,0,34
0,194,30
0,0,55
0,0,57
0,403,42
0,346,23
0,0,57
0,83,55
0,267,46
0,795,43
0,0,60
0,504,60
0,504,72
0,504,20
0,367,52
0,598,42
0,64,57
0,115,53
0,115,76
0,151,26
0,168,39
0,168,65
0,0,47
0,0,61
0,692,44
0,0,40
0,0,65
0,796,55
0,440,24
0,0,61
0,401,30
0,0,51
0,424,40
0,424,84
0,710,41
0,710,84
0,310,52
0,197,46
0,747,33
0,0,36
0,0,72
0,170,54
0,0,55
0,0,45
0,0,74
0,435,60
0,0,25
0,60,46
0,60,21
0,0,52
0,603,27
0,0,48
0,0,25
0,0,56
0,317,49
0,0,41
0,0,63
0,0,73
0,743,37
0,743,84
0,779,26
0,779,76
0,0,61
0,0,71
0,0,28
0,0,74
0,3,53
0,3,75
0,410,34
0,18,23
0,254,33
0,112,57
0,647,53
0,646,58
0,202,36
0,0,25
0,389,58
0,389,79
0,0,24
0,408,61
1,125,34
1,648,52
1,681,52
1,681,79
0,589,36
1,178,57
1,0,56
2,742,50
1,330,27
2,320,43
0,0,55
1,0,42
2,476,53
2,476,77
1,274,43
2,0,47
1,0,61
1,0,70
2,661,40
2,661,84
2,661,74
1,0,23
2,143,53
1,767,59
1,767,20
0,0,44
2,562,53
1,634,59
1,0,42
1,237,35
0,428,47
0,0,61
0,0,41
0,0,63
2,610,51
2,247,43
1,0,37
1,0,69
1,267,44
1,267,75
1,553,27
2,258,54
2,0,48
1,469,30
1,624,34
1,98,41
0,527,22
1,62,57
1,0,55
1,429,30
1,429,69
0,41,52
1,176,60
2,432,41
1,393,55
1,200,54
1,200,72
2,729,28
1,0,58
1,14,38
1,14,63
1,636,28
1,0,50
1,0,58
1,229,34
0,659,44
1,114,39
1,114,65
1,0,42
0,0,43
0,0,69
1,649,42
1,0,43
1,0,71
0,354,52
0,241,32
1,58,39
1,58,65
1,0,50
0,546,50
2,483,41
2,483,84
1,30,37
1,30,65
1,30,76
1,495,35
1,0,31
1,0,61
2,179,44
1,323,28
1,136,61
1,0,36
1,0,26
2,0,40
2,0,64
1,495,45
1,552,46
2,0,32
2,193,26
1,628,30
1,6,28
1,786,28
1,531,48
1,0,27
1,388,59
1,388,72
1,0,59
1,115,44
1,115,78
0,0,61
1,579,46
1,579,79
2,466,28
1,489,40
1,489,64
2,286,38
2,286,63
0,775,61
1,746,49
2,0,40
2,0,65
1,0,31
2,0,61
1,64,45
2,581,32
2,581,79
2,759,51
1,646,24
2,683,50
2,719,58
1,0,61
2,0,48
2,0,73
1,37,50
2,3,37
2,3,84
1,279,31
1,279,77
1,0,42
1,659,28
1,0,61
1,0,72
1,0,44
1,0,73
1,30,58
2,0,53
1,360,38
1,360,64
2,578,49
1,222,47
1,767,38
1,767,64
0,74,22
1,103,42
1,103,79
2,0,47
2,141,23
1,70,35
2,0,48
1,541,37
1,541,63
2,0,31
0,787,53
1,418,61
2,141,47
0,39,61
1,0,53
1,668,56
1,276,44
1,563,40
1,563,64
2,0,40
2,0,64
1,0,39
1,0,65
1,388,55
1,712,59
1,0,24
0,0,38
0,0,64
1,0,30
0,0,30
0,0,24
0,0,39
0,0,84
0,0,61
0,0,38
0,0,84
0,0,70
0,0,37
0,0,84
0,0,28
0,0,60
0,0,40
0,0,65
0,0,58
0,0,27
0,0,43
0,0,74
0,0,57
0,0,21
0,0,52
0,5441,46
0,5233,27
0,5233,79
0,0,25
0,0,75
0,0,51
0,5816,31
0,0,25
0,0,74
0,0,37
0,0,65
0,0,76
0,0,28
0,5228,42
0,5228,73
0,0,22
0,0,60
0,0,38
0,0,84
0,0,73
0,0,23
0,0,77
0,0,36
0,0,53
0,0,55
0,0,27
0,0,36
0,0,36
0,0,48
0,0,76
0,0,57
0,0,70
0,0,22
0,0,75
0,0,45
0,0,39
0,0,65
0,0,72
0,0,61
0,0,76
0,0,47
0,0,35
0,0,58
0,0,32
0,0,76
0,0,30
0,0,39
0,0,63
0,0,78
0,0,26
0,0,48
0,0,20
0,0,52
0,0,38
0,0,64
0,0,30
0,0,69
0,0,30
0,0,77
0,0,29
0,0,61
0,0,70
0,0,21
0,0,39
0,0,64
0,5552,54
0,5552,74
0,0,34
0,0,55
0,0,52
0,0,41
0,0,84
0,0,40
0,0,64
0,0,55
0,0,35
0,0,50
0,0,76
0,0,32
0,0,21
0,0,24
0,0,45
0,0,38
0,0,63
0,0,74
0,0,39
0,0,64
0,0,26
0,0,71
0,0,42
0,5464,46
0,0,38
0,0,84
0,5123,49
0,5194,49
0,0,45
0,0,59
0,0,29
0,0,69
0,0,55
0,0,76
0,0,54
0,0,54
0,0,51
0,0,59
0,0,76
0,0,50
0,0,32
0,0,33
0,0,55
0,0,35
0,5260,25
0,0,48
0,5416,41
0,5416,84
0,5416,71
0,0,32
0,0,61
0,0,25
0,0,79
0,0,32
0,0,72
0,0,24
0,0,34
0,0,77
0,0,41
0,0,65
0,0,32
0,0,24
0,0,22
0,0,34
0,5496,53
0,5496,77
0,0,36
0,0,69
0,0,37
0,0,63
0,0,57
0,0,43
0,0,73
0,0,60
0,0,23
0,0,69
0,0,24
0,0,47
0,0,70
0,0,32
0,0,32
0,0,71
0,0,43
0,0,22
0,0,76
0,0,58
0,0,61
0,0,58
0,0,59
0,0,70
0,0,55
0,0,32
0,0,70
0,0,39
0,0,64
0,0,87
0,0,76
0,0,60
0,0,73
0,0,50
0,0,43
0,0,24
0,0,41
0,0,65
0,0,70
0,0,29
0,0,79
0,0,41
0,0,63
0,0,30
0,0,77
0,0,28
0,0,69
0,0,40
0,0,63
0,0,36
0,0,77
0,0,53
0,0,51
0,0,74
0,0,39
0,0,63
0,0,42
0,0,73
0,0,46
0,0,33
0,0,78
0,5093,58
0,5120,35
0,5120,71
0,0,47
0,0,52
0,0,57
0,0,23
0,0,33
0,0,37
0,0,84
0,0,51
0,0,75
0,0,38
0,0,65
0,0,46
0,0,79
0,0,40
0,0,65
0,0,79
0,0,30
0,0,74
0,0,37
0,0,84
0,0,79
0,0,48
0,0,76
0,0,52
0,0,30
0,0,79
0,5119,35
0,5119,79
0,0,31
0,0,51
0,0,39
0,0,64
0,0,75
0,0,54
0,0,28
0,0,24
0,0,73
0,0,53
0,0,33
0,0,73
0,0,24
0,0,37
0,0,84
0,0,56
0,0,34
0,5847,60
0,0,40
0,0,65
0,0,24
0,0,40
0,0,84
0,0,52
0,0,31
0,5687,55
0,5687,70
0,0,32
0,0,41
0,0,65
0,0,27
0,0,29
0,0,55
0,0,24
0,5792,36
0,0,43
0,0,59
0,0,79
0,0,33
0,0,44
0,0,69
0,0,28
0,0,53
0,0,29
0,0,52
0,0,69
0,0,54
0,0,77
0,0,49
0,0,69
0,0,22
0,5148,43
0,0,30
0,0,76
0,0,71
0,0,71
0,0,71
0,0,71
0,0,71
0,5417,30
0,0,42
0,0,43
0,0,39
0,0,63
0,0,53
0,0,73
0,5327,34
0,0,31
0,0,53
0,0,75
0,0,33
0,0,58
0,0,60
0,0,71
0,0,19
0,0,30
0,0,48
0,0,24
0,5622,27
0,0,45
0,5637,53
0,5637,79
0,0,51
0,0,57
0,0,75
0,0,29
0,0,39
0,0,64
0,0,30
0,0,43
1,0,56
1,0,33
1,0,40
1,0,65
1,0,69
1,0,29
1,0,33
2,0,56
2,0,74
1,0,25
1,0,31
1,0,25
1,0,37
1,0,63
1,0,34
1,0,45
1,0,72
1,0,50
1,0,70
2,0,34
1,0,41
1,0,65
1,0,78
1,0,23
1,0,73
1,0,48
2,5032,37
2,5032,65
1,0,41
1,0,63
2,0,56
2,0,71
1,0,40
1,0,84
1,0,77
0,5796,57
0,5796,69
1,0,41
1,0,64
1,0,73
0,5496,51
0,0,38
0,0,84
0,0,29
2,0,50
0,0,52
1,0,87
1,0,79
1,0,27
1,5341,45
1,0,30
1,0,69
1,0,32
1,0,72
1,0,58
1,0,30
2,0,23
1,0,36
1,0,36
1,0,78
1,0,52
1,0,24
1,0,39
1,0,63
1,0,74
1,5597,33
1,0,31
1,0,49
1,0,38
1,0,65
1,0,70
1,0,36
1,0,52
1,0,44
1,0,58
2,5155,22
2,5155,73
0,0,40
0,0,84
1,0,31
1,0,54
1,0,71
1,0,22
0,5475,29
0,5475,71
1,0,32
0,0,27
1,0,60
1,0,73
1,0,61
1,0,28
1,0,60
1,0,31
1,0,33
0,0,47
0,0,73
1,0,27
1,0,76
1,0,30
1,0,32
1,0,41
1,0,64
1,0,74
1,0,33
1,0,77
1,0,53
1,0,32
1,5459,50
1,0,58
1,0,29
1,0,32
1,0,57
1,0,57
1,0,73
1,0,27
0,0,25
1,0,31
1,0,47
1,0,61
1,5069,23
1,5069,69
1,0,32
1,0,75
1,0,87
1,0,74
1,0,60
0,0,24
0,0,71
1,0,87
0,5841,55
1,0,42
1,0,56
1,0,78
1,0,40
1,0,84
1,0,73
1,0,33
1,0,78
1,0,30
1,0,77
1,0,60
1,0,59
1,0,43
1,0,78
1,0,25
1,0,54
1,0,59
1,0,26
1,0,79
1,0,36
1,0,38
1,0,84
1,5351,29
1,5351,69
1,5496,53
1,5496,69
1,0,25
1,0,48
1,0,33
1,0,26
1,5020,58
1,0,29
1,0,71
1,0,23
1,0,28
2,0,25
2,0,79
1,0,50
1,0,47
1,0,77
1,0,59
0,0,29
0,0,35
0,0,73
0,0,44
0,0,75
0,0,48
0,8025,31
0,0,40
0,0,84
0,0,22
0,0,74
0,0,53
0,0,40
0,0,84
0,0,78
0,0,40
0,0,64
0,0,75
0,0,44
0,0,78
0,0,45
0,8269,22
0,0,30
0,8323,28
0,0,40
0,0,65
0,8412,52
0,8412,76
0,0,28
0,0,23
0,0,38
0,0,64
0,0,40
0,0,65
0,8261,23
0,8261,79
0,0,43
0,0,79
0,8326,22
0,0,28
0,0,33
0,0,72
0,0,32
0,0,31
0,0,50
0,0,50
0,0,35
0,0,77
0,0,37
0,0,63
0,0,46
0,0,22
0,0,48
0,0,38
0,0,63
0,0,58
0,0,51
0,0,50
0,0,58
0,0,77
0,0,38
0,0,84
0,0,69
0,8428,39
0,8428,63
0,0,87
0,0,28
0,8033,25
0,8167,53
0,8167,71
0,0,27
0,0,70
0,0,43
0,0,74
0,0,23
0,0,48
0,0,69
0,8109,36
0,8109,77
0,0,30
0,0,79
0,0,49
0,8109,51
0,0,55
0,0,70
0,0,50
0,0,77
0,0,36
0,0,74
0,0,30
0,0,76
0,8165,35
0,0,52
0,0,39
0,0,64
0,0,31
0,0,49
0,0,36
0,0,78
0,0,34
0,0,41
0,0,63
0,0,69
0,8134,50
0,8134,73
0,0,53
0,0,45
0,0,37
0,0,65
0,0,41
0,0,64
0,0,41
0,0,65
0,0,26
0,0,69
0,0,23
0,0,57
0,0,52
0,0,69
0,0,60
0,0,53
0,0,56
0,0,75
0,8196,50
0,8196,73
0,0,30
0,0,24
0,0,32
0,0,53
0,0,22
0,0,69
0,8350,37
0,8350,63
0,0,30
0,0,22
0,0,75
0,0,54
0,0,53
0,0,79
0,0,22
0,0,87
0,0,42
0,0,38
0,0,64
0,0,36
0,0,76
0,0,44
0,0,69
0,0,38
0,0,84
0,0,31
0,0,44
0,0,35
0,8107,46
0,8107,79
0,8428,23
0,8428,71
0,8037,31
0,8037,72
0,8378,45
0,8378,78
0,0,35
0,0,47
0,0,34
0,0,32
0,0,78
0,0,30
0,0,55
0,8269,57
0,0,34
0,8476,26
0,0,59
0,0,74
0,0,49
0,0,49
0,0,55
0,0,69
0,0,45
0,0,79
0,0,50
0,0,77
0,0,44
0,0,58
0,0,73
0,8449,22
0,8449,73
0,8251,23
0,8251,70
0,8385,37
0,8385,84
0,0,31
0,8158,41
0,8158,65
0,0,51
0,0,75
0,8098,46
0,0,36
0,0,38
0,0,84
0,0,69
0,0,31
0,0,36
0,8118,27
0,8118,70
0,8092,41
0,8092,64
0,0,39
0,0,84
0,0,25
0,0,37
0,0,63
0,0,77
0,8161,42
0,8161,78
0,8279,60
0,8279,73
0,0,32
0,0,78
0,0,48
0,0,60
0,0,22
0,0,38
0,0,64
0,0,36
0,0,69
0,0,36
0,0,74
0,0,35
0,0,61
0,0,58
0,0,29
0,0,53
0,0,29
0,0,52
0,8132,41
0,8132,65
0,0,22
0,8048,22
0,8048,76
0,0,48
0,0,30
0,0,75
0,0,36
0,0,52
0,8148,50
0,8148,69
0,0,33
0,0,54
0,0,70
0,0,31
0,8222,34
0,0,43
0,0,53
0,0,42
0,0,25
0,0,70
0,0,41
0,0,64
0,8176,25
0,0,40
0,0,64
0,8223,22
0,8189,52
0,8003,48
0,0,24
0,0,42
0,0,69
0,0,60
0,0,43
0,0,51
0,0,20
0,0,44
0,0,69
0,0,28
0,0,75
0,0,35
0,8128,27
0,8048,55
0,8106,70
0,0,60
0,0,41
0,0,65
0,0,87
0,0,59
0,0,73
0,0,56
0,0,79
0,0,46
0,0,35
0,8036,28
0,8036,79
0,0,34
0,0,70
0,0,42
0,0,72
0,0,34
0,0,76
0,8500,22
0,0,38
0,0,84
0,8336,48
0,8336,77
0,0,26
0,0,70
0,0,71
0,0,71
0,0,71
0,0,71
0,0,71
0,0,71
0,8401,34
0,0,32
0,0,71
0,0,61
0,8368,37
0,8368,63
0,8368,70
0,0,23
0,0,33
0,0,51
0,0,60
0,0,26
0,8314,33
0,0,37
0,0,65
0,8392,49
0,0,29
0,0,44
0,0,23
0,0,78
0,0,50
0,8040,35
0,8243,42
0,0,60
0,0,28
0,0,54
0,0,76
0,0,49
0,0,79
0,0,49
0,0,41
0,0,65
0,0,40
0,0,65
0,0,75
0,0,27
0,0,28
0,8032,36
0,8032,72
0,0,29
0,0,87
0,0,69
0,8456,23
0,0,53
0,0,45
0,0,41
0,0,64
0,8403,32
0,0,32
0,0,47
0,0,49
0,0,27
0,0,49
0,0,79
0,0,34
0,0,47
0,0,29
0,0,71
0,0,25
0,0,74
0,0,59
0,0,37
0,0,65
0,0,55
0,0,25
0,0,39
0,0,84
0,0,21
0,0,29
0,0,44
0,0,79
0,0,41
0,0,64
0,0,43
0,8485,51
0,8485,71
0,0,44
0,0,39
0,0,65
0,0,39
0,0,65
0,0,77
0,0,49
0,0,39
0,0,64
0,0,75
0,8284,42
0,0,28
0,0,59
0,0,79
0,8373,50
0,0,29
0,0,75
0,0,42
0,0,37
0,0,64
0,0,43
0,0,34
0,0,26
0,8362,34
0,0,36
0,0,52
0,0,34
0,0,27
0,0,36
0,8259,36
0,8259,19
0,0,54
0,0,52
0,0,87
0,0,75
0,0,39
0,0,84
0,0,79
0,0,47
0,8057,59
0,0,46
0,8401,26
0,8401,76
0,0,24
0,0,79
0,8377,26
0,0,41
0,0,63
0,8344,29
0,8344,69
0,0,46
0,0,38
0,0,63
0,0,27
0,0,33
0,0,71
0,0,28
0,0,77
0,0,34
0,0,22
0,8461,40
0,8461,65
0,8281,40
0,8281,65
0,0,40
0,0,84
0,0,73
0,0,45
0,0,76
0,8446,55
0,8446,75
0,0,57
0,0,70
0,0,27
0,0,41
0,0,84
0,0,74
0,0,31
0,8132,28
0,0,40
0,0,64
1,0,22
1,0,58
1,0,77
0,0,40
0,0,84
1,8355,46
1,0,61
1,0,78
1,0,35
2,0,54
2,0,76
2,0,40
2,0,84
2,8387,53
2,8387,76
0,0,39
0,0,65
1,0,37
1,0,63
1,0,41
1,0,65
1,0,78
1,8321,39
2,0,53
2,8438,44
2,0,24
2,0,70
1,0,33
1,8498,49
1,8498,77
1,0,87
1,0,28
2,0,46
2,0,79
1,0,44
1,8020,49
1,0,24
1,0,77
1,8351,49
1,0,28
1,0,76
1,0,46
2,0,50
2,0,69
1,0,50
1,0,71
1,0,25
1,0,24
1,0,36
1,0,44
2,0,39
1,0,36
1,0,34
1,0,28
2,0,61
2,0,55
0,0,47
0,0,51
1,8473,60
1,8473,72
1,0,44
1,8153,28
1,0,55
0,0,25
0,0,69
1,0,49
1,0,61
2,8211,38
1,0,87
0,0,26
2,0,59
0,0,53
1,0,23
1,8427,34
1,8427,70
1,0,36
1,0,48
0,0,26
1,0,54
2,8500,51
1,0,25
1,0,78
1,0,43
1,0,69
1,0,87
1,0,31
1,0,42
1,0,73
0,0,29
0,0,78
1,8256,35
1,8256,70
2,8498,43
1,0,52
1,0,56
1,8139,45
2,0,57
1,8224,40
1,8217,25
2,0,58
2,0,78
0,0,50
2,0,52
2,0,75
2,0,59
1,0,52
1,8087,59
1,8087,70
0,8098,54
2,0,38
0,0,49
0,0,78
2,0,25
2,0,41
2,0,41
2,0,74
1,0,51
1,0,79
1,0,37
1,0,87
2,8129,36
2,8129,76
1,0,57
2,0,58
1,0,27
2,0,49
2,0,71
0,0,44
1,0,38
1,0,79
2,0,57
2,0,77
1,0,30
1,0,54
1,0,29
2,0,41
0,0,41
1,0,26
1,0,51
2,0,41
1,0,40
1,0,54
2,8411,36
2,0,59
1,8266,50
1,0,24
1,0,70
1,0,57
2,0,27
2,8381,33
2,0,25
2,0,41
1,0,38
1,0,24
1,0,50
2,0,47
2,0,79
1,8436,45
1,8436,73
1,0,59
1,0,31
2,0,39
1,8341,35
1,0,59
1,0,48
2,0,55
2,0,75
1,0,47
1,8003,42
1,8003,74
2,0,48
1,0,32
0,0,46
1,0,87
1,0,41
2,0,25
1,0,32
1,0,73
1,0,41
2,0,56
2,8267,36
2,0,51
2,8220,87
2,8109,54
2,8109,20
2,8187,55
2,8187,71
1,0,36
1,8442,22
1,0,23
1,0,71
2,0,61
2,0,42
2,0,87
1,0,38
2,8031,34
2,8031,74
2,0,41
2,0,35
2,0,78
1,8046,43
1,8112,49
1,8112,75
2,0,57
2,0,21
2,0,46
1,0,31
1,0,39
1,0,21
1,0,54
1,0,38
0,0,51
0,0,48
0,151,29
0,0,23
0,0,45
0,263,22
0,0,37
0,0,65
0,622,56
0,0,46
0,0,58
0,420,29
0,0,41
0,0,48
0,0,53
0,0,57
0,0,76
0,0,35
0,534,52
0,0,25
0,0,58
0,0,54
0,0,60
0,0,55
0,0,23
0,0,39
0,0,64
0,0,78
0,0,30
0,0,53
0,0,50
0,0,71
0,0,40
0,0,84
0,0,56
0,0,70
0,0,23
0,162,28
0,0,32
0,0,40
0,0,84
0,0,56
0,0,51
0,0,21
0,0,29
0,0,49
0,477,61
0,477,70
0,477,21
0,573,59
0,0,55
0,0,23
0,0,47
0,0,60
0,0,44
0,0,54
0,172,31
0,0,71
0,0,71
0,0,38
0,0,65
0,0,70
0,701,25
0,0,57
0,0,38
0,0,65
0,0,47
0,0,27
0,0,29
0,54,35
0,0,33
0,0,55
0,723,44
0,704,36
0,704,76
0,0,51
0,0,44
0,0,51
0,0,78
0,0,49
0,0,52
0,0,40
0,0,65
0,0,36
0,177,42
0,0,51
0,0,70
0,0,45
0,0,76
0,432,47
0,432,79
0,0,57
0,0,36
0,655,48
0,0,30
0,0,70
0,0,24
0,0,45
0,526,30
0,0,41
0,0,64
0,0,30
0,0,24
0,409,55
0,84,47
0,0,58
0,0,72
0,568,22
0,0,42
0,0,59
0,0,55
0,0,26
0,0,49
0,0,61
0,0,25
0,0,58
0,0,27
0,0,27
0,0,34
0,128,57
0,0,35
0,0,25
0,0,27
0,0,46
0,382,44
0,0,48
0,0,42
0,0,29
0,355,32
0,355,74
0,0,52
0,642,46
0,0,38
0,0,84
0,0,44
0,0,32
0,0,30
0,0,36
0,0,77
0,0,26
0,0,41
0,0,84
0,0,38
0,0,65
0,251,24
0,0,38
0,0,84
0,0,54
0,0,46
0,0,79
0,0,38
0,0,64
0,0,71
0,121,35
0,0,51
0,0,55
0,0,72
0,548,28
0,548,79
0,323,60
0,323,69
0,0,40
0,0,63
0,0,39
0,0,65
0,0,57
0,0,37
0,0,64
0,0,69
0,0,24
0,0,59
0,0,24
0,0,37
0,0,84
0,0,54
0,794,32
0,794,76
0,0,26
0,746,40
0,746,63
0,746,20
0,0,60
0,0,71
0,0,53
0,0,33
0,0,39
0,0,63
0,0,56
0,502,37
0,502,84
0,0,23
0,0,43
0,0,34
0,0,29
0,0,23
0,285,50
0,285,75
0,205,52
0,0,51
0,525,43
0,0,59
0,556,44
0,0,44
0,295,46
0,0,40
0,0,65
0,0,32
0,0,76
0,0,60
0,0,69
0,0,39
0,0,64
0,0,79
0,26,48
0,26,69
0,1,28
0,0,50
0,643,61
0,0,44
0,0,70
0,0,30
0,0,53
0,0,48
0,0,59
0,0,38
0,0,84
0,0,40
0,0,84
0,0,32
0,0,70
0,0,42
0,0,44
0,0,44
0,88,55
0,88,72
0,574,52
0,502,37
0,502,65
0,0,57
0,0,59
0,0,54
0,0,29
0,0,52
0,0,59
0,0,41
0,0,65
0,574,50
0,0,57
0,0,55
0,0,56
0,0,49
0,0,30
0,0,26
0,0,70
0,769,42
0,0,52
0,0,73
0,377,31
0,0,34
0,0,28
0,0,73
0,0,23
0,0,47
0,0,37
0,0,84
0,0,70
0,0,27
0,396,26
0,0,45
0,0,45
0,669,59
0,634,24
0,634,79
0,0,40
0,0,65
0,0,60
0,0,25
0,0,36
0,0,41
0,0,65
0,0,73
0,0,28
0,0,51
0,0,74
0,520,61
0,674,61
0,0,42
0,765,41
0,765,64
0,564,59
0,0,58
0,0,71
0,0,33
0,0,57
0,0,26
0,0,45
0,0,22
0,0,70
0,0,49
0,0,45
0,0,33
0,0,36
0,0,73
0,0,57
0,0,57
0,0,30
0,0,42
0,0,27
0,0,39
0,0,63
0,0,45
0,0,51
0,0,75
0,0,36
0,0,33
0,0,31
0,0,27
0,0,48
0,0,76
0,0,23
0,0,59
0,0,78
0,0,58
0,141,34
0,0,51
0,718,24
0,698,45
0,698,78
0,0,44
0,0,41
0,0,63
0,0,76
0,0,22
0,0,52
0,0,39
0,0,84
0,0,75
0,0,28
0,0,58
0,0,60
0,0,79
0,0,35
0,0,73
0,0,23
0,309,49
0,0,37
0,0,65
0,0,42
0,0,41
0,0,84
0,0,71
0,0,22
0,0,71
0,0,35
0,0,22
0,342,38
0,342,65
0,0,27
0,0,46
0,765,52
0,0,27
0,0,29
0,302,29
0,0,50
0,0,37
0,0,64
0,0,61
0,0,58
0,0,59
0,163,28
0,498,55
0,0,39
0,0,64
0,100,22
0,100,79
0,0,28
0,0,35
0,0,59
0,516,48
0,0,42
0,558,31
0,340,27
0,0,35
0,0,40
0,0,63
0,0,28
0,0,47
0,629,34
0,69,44
0,69,73
0,0,34
0,0,31
0,709,29
0,0,35
0,0,56
0,0,72
0,369,48
0,547,36
0,547,75
0,0,37
0,0,63
0,0,31
0,0,72
0,0,56
0,0,70
0,0,42
0,0,44
0,0,55
0,0,79
0,0,22
0,0,37
0,0,69
2,0,47
1,429,29
2,356,35
1,0,35
1,0,26
1,0,51
1,0,24
1,0,46
1,0,54
1,0,44
1,280,42
2,475,47
2,475,77
1,281,24
1,0,26
1,720,53
1,0,56
2,0,42
2,0,61
2,0,58
1,320,29
1,0,60
1,0,56
1,0,35
1,0,45
1,0,77
1,0,36
2,0,23
1,0,60
1,0,32
1,0,42
1,0,71
1,236,49
2,0,40
1,0,56
0,0,32
1,649,47
2,0,22
2,0,74
0,0,56
1,0,34
1,548,57
1,548,76
1,0,48
1,0,24
1,0,24
1,0,46
1,0,43
1,0,77
0,0,35
1,0,45
1,0,72
1,0,46
1,0,25
2,0,47
2,0,39
2,0,76
1,0,26
1,0,75
2,0,54
1,0,59
2,0,54
1,0,46
1,0,42
1,602,28
2,0,43
1,208,44
0,387,36
0,387,75
0,202,25
0,202,76
1,0,49
1,0,32
1,0,56
1,0,57
1,0,55
1,0,58
1,0,42
1,0,45
0,0,25
2,0,44
0,0,28
0,0,71
1,0,59
1,0,36
1,632,35
1,0,48
1,53,54
1,0,57
1,756,50
1,0,60
1,0,22
2,0,47
2,0,27
1,795,36
2,0,30
2,0,55
2,0,73
1,0,56
1,0,37
1,0,55
1,0,28
1,0,69
1,0,32
2,0,61
0,0,51
0,0,79
1,0,29
1,0,36
1,0,43
1,214,35
1,214,77
1,0,30
1,778,44
2,0,59
2,0,75
2,0,41
0,0,50
1,0,44
1,15,33
1,0,27
1,0,60
2,0,32
2,0,51
1,0,25
2,0,42
1,664,32
1,0,52
0,0,29
2,793,22
1,0,30
0,150,28
2,317,37
2,317,69
1,0,24
1,121,38
2,0,35
2,0,74
2,215,31
2,215,69
1,0,57
2,0,37
2,0,73
1,0,58
1,0,33
1,0,76
1,221,60
1,250,53
2,0,42
1,0,41
1,0,84
2,0,24
1,0,51
1,0,26
1,199,49
1,0,22
1,0,51
2,0,35
2,0,51
2,767,30
2,767,74
2,0,39
2,0,84
1,0,44
1,0,26
0,0,59
2,0,43
2,0,33
0,0,35
2,0,59
2,0,61
2,66,58
2,66,75
1,0,34
1,0,79
1,0,47
0,0,36
1,328,26
2,699,28
1,0,52
1,0,76
1,118,61
1,0,29
1,0,43
1,0,60
1,183,61
1,0,42
2,0,30
1,107,36
1,224,48
1,0,41
1,0,63
1,0,57
1,0,24
1,0,47
0,652,22
1,0,57
1,0,27
1,0,75
2,0,23
1,117,39
1,117,64
1,0,45
1,0,72
1,0,30
1,0,77
1,0,31
2,0,61
1,197,29
1,0,37
1,0,25
1,631,32
1,0,46
2,33,35
1,395,35
0,0,31
0,0,72
1,0,57
1,0,75
2,0,38
2,0,57
1,0,36
1,0,44
2,695,53
2,0,48
2,0,72
1,437,23
0,493,39
0,651,24
0,651,73
0,0,29
1,0,43
1,0,70
1,0,60
1,0,45
2,0,54
2,182,30
2,523,41
1,0,31
0,5635,42
0,5279,59
0,0,39
0,0,64
0,0,53
0,0,72
0,0,26
0,0,33
0,5315,59
0,5315,77
0,5315,73
0,0,40
0,0,65
0,0,44
0,5323,33
0,5322,29
0,5322,78
0,5564,27
0,5159,41
0,5159,84
0,0,60
0,0,76
0,5815,47
0,5231,87
0,5617,23
0,0,36
0,0,27
0,5874,47
0,0,61
0,0,35
0,0,69
0,0,36
0,0,24
0,5570,24
0,5570,72
0,0,36
0,0,79
0,0,44
0,0,71
0,0,23
0,0,42
0,0,77
0,5078,56
0,5295,58
0,5295,77
0,0,31
0,0,59
0,0,76
0,0,50
0,0,59
0,0,26
0,0,72
0,0,49
0,5402,71
0,5626,71
0,0,54
0,5865,51
0,0,27
0,0,46
0,0,32
0,5740,40
0,5740,84
0,5690,50
0,0,51
0,0,71
0,0,61
0,0,36
0,0,71
0,0,41
0,0,65
0,0,36
0,0,25
0,0,38
0,0,63
0,0,72
0,5811,28
0,5811,74
0,0,57
0,0,69
0,0,38
0,0,63
0,0,56
0,0,31
0,0,53
0,5829,41
0,5829,63
0,0,36
0,0,61
0,0,36
0,0,74
0,0,40
0,0,63
0,5429,22
0,0,57
0,0,27
0,5709,41
0,5709,84
0,0,60
0,0,38
0,0,84
0,0,44
0,0,70
0,0,37
0,0,84
0,5171,28
0,0,50
0,5094,33
0,0,46
0,0,42
0,5416,51
0,0,32
0,5273,49
0,5106,55
0,0,23
0,0,56
0,5485,55
0,0,23
0,0,69
0,0,46
0,5700,50
0,0,61
0,0,71
0,0,23
0,0,39
0,0,84
0,0,37
0,0,65
0,0,59
0,0,31
0,0,46
0,0,50
0,0,46
0,0,44
0,0,69
0,5397,32
0,5180,54
0,0,30
0,0,59
0,0,75
0,0,38
0,0,64
0,5824,29
0,0,53
0,0,26
0,0,75
0,0,42
0,0,49
0,5602,22
0,0,36
0,0,73
0,0,33
0,0,50
0,0,52
0,0,56
0,0,58
0,0,41
0,0,63
0,0,35
0,0,24
0,5865,59
0,5068,48
0,0,58
0,0,42
0,0,37
0,0,65
0,5601,48
0,0,53
0,0,30
0,5527,42
0,0,27
0,0,24
0,0,72
0,5909,31
0,0,58
0,0,41
0,0,65
0,0,27
0,0,23
0,0,76
0,5185,27
0,5201,26
0,5100,30
0,0,27
0,0,37
0,0,63
0,0,43
0,5282,45
0,5282,73
0,0,57
0,0,22
0,0,69
0,0,61
0,0,39
0,0,65
0,0,87
0,0,46
0,0,34
0,0,73
0,0,39
0,0,64
0,5461,53
0,5049,55
0,0,51
0,5658,54
0,0,37
0,0,84
0,0,28
0,0,45
0,5797,34
0,5832,59
0,0,29
0,0,25
0,5652,52
0,0,42
0,0,76
0,0,39
0,0,64
0,0,52
0,5134,35
0,0,55
0,0,43
0,0,39
0,0,64
0,0,58
0,0,61
0,5765,61
0,5765,69
0,5046,30
0,0,51
0,0,87
0,0,27
0,0,74
0,0,34
0,0,78
0,0,51
0,0,42
0,0,87
0,0,36
0,0,36
0,0,28
0,0,61
0,0,70
0,0,60
0,0,30
0,0,28
0,0,77
0,0,28
0,5422,43
0,5221,30
0,5611,43
0,5541,26
0,0,43
0,0,43
0,0,75
0,0,61
0,0,29
0,5151,41
0,5151,84
0,0,46
0,0,33
0,0,38
0,0,64
0,5822,40
0,5822,65
0,0,49
0,5823,24
0,0,58
0,0,52
0,0,28
0,0,79
0,0,41
0,0,64
0,0,73
0,0,50
0,0,78
0,0,61
0,0,39
0,0,64
0,0,40
0,0,84
0,0,51
0,0,50
0,0,46
0,0,73
0,0,27
0,0,59
0,0,70
0,5232,25
0,0,59
0,0,20
0,0,37
0,0,65
0,0,47
0,0,43
0,0,24
0,0,48
0,0,29
0,5279,41
0,5279,64
0,5332,38
0,5332,65
0,5546,23
0,5388,27
0,0,23
0,5735,45
0,0,36
0,0,87
0,0,74
0,0,57
0,5111,27
0,5111,71
0,0,27
0,0,75
0,5053,24
0,5393,44
0,0,87
0,0,46
0,0,34
0,0,75
0,0,24
0,0,43
0,5522,36
0,0,42
0,0,59
0,0,44
0,0,24
0,0,35
0,0,37
0,0,84
0,0,28
0,0,28
0,0,44
0,0,36
0,0,35
0,0,35
0,0,27
0,0,24
0,0,70
0,0,36
0,0,78
0,5682,24
1,5451,51
1,5797,31
1,0,46
1,0,56
1,0,33
1,0,60
0,0,43
0,0,77
0,5756,50
1,5515,51
1,5729,87
1,0,22
1,0,61
1,0,59
1,0,54
1,0,79
1,5845,25
1,5726,87
0,0,29
1,5746,49
0,5566,44
1,0,28
1,0,34
1,0,49
2,0,32
1,0,37
1,0,84
1,0,27
1,0,71
2,0,29
2,0,77
1,0,33
1,0,46
0,0,40
0,0,65
1,0,49
1,5642,45
1,0,33
1,5187,29
0,0,60
1,5921,53
1,0,26
1,0,50
1,0,77
2,0,30
2,0,70
1,0,46
1,0,87
1,0,54
1,0,26
1,0,28
1,5597,46
1,0,31
1,5351,53
1,0,30
0,0,55
1,0,45
1,0,54
1,5418,27
2,0,59
1,0,26
1,0,58
1,0,72
1,0,42
1,0,87
1,0,87
1,0,61
2,0,59
2,0,74
1,0,35
1,5874,28
2,5642,48
1,0,28
1,0,53
1,5740,59
0,0,61
0,0,72
1,5271,60
0,0,58
1,5439,59
1,0,31
1,0,76
1,0,45
1,0,38
1,0,65
1,0,79
1,0,32
1,0,46
1,0,73
2,0,27
1,0,32
1,0,39
1,0,84
1,5582,43
1,0,45
1,0,39
1,0,64
1,0,55
1,5159,35
1,0,47
0,0,45
1,5533,33
1,5192,24
1,0,60
0,0,55
1,5845,48
1,0,52
1,0,25
2,0,36
1,0,23
1,0,47
1,0,25
1,0,70
1,5526,50
2,0,57
1,0,57
1,5033,50
1,5033,71
0,0,51
1,0,32
1,0,76
1,5408,60
1,0,57
1,0,50
1,0,71
0,5732,59
1,0,54
2,5287,41
2,5287,64
1,0,24
1,5731,54
1,0,40
1,0,63
1,5785,49
1,5785,73
1,0,59
1,0,59
2,0,87
1,0,30
0,0,52
1,0,49
1,0,20
0,5543,32
1,0,34
1,5559,38
1,5559,63
2,0,44
0,5200,38
0,5200,63
1,5302,46
0,0,24
0,0,76
1,0,54
1,0,60
1,0,69
1,5123,36
1,0,30
1,0,22
1,0,30
1,5045,26
1,5045,73
1,5451,37
1,5451,63
1,0,40
1,0,84
0,0,22
1,5146,36
1,5146,72
1,5902,59
1,5146,35
0,0,37
0,0,84
1,5408,41
1,5408,64
2,0,36
2,0,58
1,5757,31
0,0,44
0,0,73
1,0,46
1,0,30
1,0,24
1,0,43
0,5459,60
1,0,31
1,0,20
1,0,28
1,0,32
1,0,24
1,0,40
1,0,63
1,0,37
1,0,64
1,0,22
1,0,29
1,0,73
1,0,42
2,5928,36
1,0,61
1,0,76
0,0,48
1,0,23
1,5215,60
1,5926,50
1,5926,77
1,5040,22
1,0,47
1,0,76
1,5013,52
0,0,54
0,0,87
0,0,72
0,0,30
0,0,75
0,0,43
0,8061,25
0,0,54
0,0,72
0,0,38
0,0,64
0,0,75
0,0,40
0,0,46
0,8453,22
0,8453,69
0,8048,25
0,0,37
0,0,65
0,8182,57
0,8182,70
0,0,22
0,0,78
0,0,36
0,0,77
0,0,32
0,0,77
0,0,42
0,0,35
0,0,76
0,8438,49
0,0,60
0,0,74
0,8446,35
0,8446,73
0,0,50
0,0,22
0,0,59
0,0,53
0,0,78
0,8119,48
0,8119,70
0,0,37
0,0,65
0,8352,27
0,8352,79
0,8425,60
0,8049,42
0,0,30
0,0,70
0,0,54
0,0,47
0,8377,87
0,8377,72
0,0,33
0,0,78
0,0,55
0,0,75
0,8231,39
0,0,39
0,0,64
0,0,73
0,8323,35
0,0,59
0,0,76
0,0,61
0,0,73
0,0,53
0,0,55
0,8314,26
0,8314,73
0,0,52
0,0,71
0,0,22
0,0,23
0,0,71
0,0,27
0,0,25
0,0,75
0,0,22
0,8352,46
0,8352,71
0,0,50
0,0,72
0,0,25
0,0,70
0,0,23
0,0,73
0,0,75
0,0,49
0,0,79
0,0,30
0,0,76
0,0,61
0,0,29
0,0,36
0,0,71
0,0,58
0,0,74
0,0,49
0,0,70
0,0,49
0,8380,26
0,8380,71
0,0,38
0,0,65
0,0,73
0,8361,42
0,0,27
0,0,79
0,0,26
0,0,69
0,8433,52
0,8433,71
0,0,72
0,0,87
0,0,79
0,0,43
0,0,78
0,8189,33
0,8181,24
0,8083,41
0,8083,64
0,8083,71
0,0,72
0,0,87
0,0,70
0,0,23
0,0,72
0,0,59
0,0,70
0,0,49
0,0,71
0,0,38
0,0,73
0,8122,87
0,8122,70
0,0,39
0,0,64
0,0,70
0,0,35
0,0,75
0,0,24
0,0,78
0,0,45
0,0,69
0,0,46
0,0,77
0,0,29
0,0,42
0,0,79
0,8301,27
0,0,48
0,0,46
0,0,45
0,8368,49
0,8368,79
0,0,38
0,0,65
0,0,71
0,0,57
0,0,69
0,0,29
0,0,76
0,0,38
0,0,75
0,0,46
0,0,77
0,0,58
0,0,74
0,0,51
0,0,73
0,0,53
0,0,28
0,0,74
0,8297,43
0,8283,61
0,8237,36
0,8237,70
0,0,29
0,0,71
0,0,37
0,0,71
0,0,36
0,0,61
0,0,23
0,8248,49
0,8248,70
0,8131,53
0,8002,59
0,8370,38
0,8370,64
0,8291,30
0,0,50
0,0,40
0,0,65
0,8320,38
0,8320,65
0,8320,77
0,0,26
0,0,76
0,0,45
0,0,43
0,8369,37
0,0,59
0,0,61
0,0,52
0,0,50
0,8364,27
0,0,53
0,0,37
0,8497,58
0,0,55
0,0,20
0,0,47
0,0,42
0,0,70
0,0,22
0,0,41
0,0,65
0,0,54
0,0,54
0,0,37
0,8099,49
0,8348,47
0,8238,58
0,8181,56
0,8129,40
0,8127,55
0,8127,75
0,0,33
0,0,42
0,0,40
0,0,63
0,0,44
0,0,70
0,8236,45
0,0,41
0,0,65
0,0,73
0,0,42
0,0,60
0,0,44
0,0,50
0,0,35
0,0,55
0,0,59
0,0,27
0,0,51
0,0,37
0,0,64
0,0,44
0,0,43
0,0,30
0,0,60
0,0,60
0,0,36
0,0,43
0,0,27
0,0,48
0,8251,36
0,8006,32
0,8006,19
0,0,52
0,0,51
0,0,33
0,0,27
0,8304,51
0,0,42
0,0,49
0,0,87
0,8076,51
0,8036,35
0,0,30
0,0,58
0,8107,53
0,0,50
0,8385,53
0,0,59
0,0,87
0,0,30
0,8489,55
0,0,56
0,0,61
0,8025,50
0,0,59
0,0,39
0,0,64
0,8339,53
0,8430,55
0,0,48
0,8268,43
0,0,49
0,0,46
0,0,29
0,0,49
0,0,61
0,0,45
0,0,28
0,8349,87
0,8349,72
0,0,33
0,0,39
0,0,64
0,0,28
0,0,54
0,0,48
0,0,48
0,0,28
0,0,39
0,0,65
0,0,52
0,0,53
0,0,25
0,0,29
0,0,45
0,8016,27
0,0,54
0,0,25
0,0,23
0,8388,25
0,0,36
0,0,47
0,8134,41
0,8134,84
0,0,37
0,0,64
0,8334,53
0,8146,30
0,0,42
0,8445,87
0,0,42
0,0,27
0,0,45
0,0,49
0,0,41
0,8220,27
0,0,37
0,0,65
0,8434,56
0,8313,28
0,0,33
0,8381,59
0,0,35
0,8288,45
0,0,49
0,8034,22
0,0,46
0,0,36
0,0,24
0,0,38
0,0,84
0,0,61
0,0,23
0,8348,44
0,0,50
0,8442,45
0,8091,57
0,0,49
0,8200,28
0,0,56
0,0,61
0,0,87
0,0,55
0,8403,23
0,0,44
0,8280,42
0,8482,50
0,0,61
0,8145,33
0,0,87
0,0,58
0,0,50
1,8029,34
1,0,59
1,8500,55
2,0,54
2,0,23
1,0,51
1,0,33
2,8190,31
1,0,46
1,0,39
1,0,84
1,0,61
2,0,28
1,0,87
1,0,72
1,0,42
0,0,27
2,0,35
1,0,49
2,8090,40
2,8090,64
1,0,61
2,0,58
1,0,32
1,8187,60
2,0,46
1,0,28
2,8059,87
2,8059,72
1,0,58
2,0,46
2,8008,48
1,8498,49
1,0,87
1,0,27
0,0,24
1,8289,37
1,0,56
1,0,60
1,0,59
1,0,27
1,0,56
1,0,38
1,0,43
1,0,51
1,0,32
1,0,54
1,0,38
1,0,84
1,0,23
1,0,60
1,0,53
0,8110,28
1,8347,23
1,0,40
1,0,84
1,0,30
1,0,52
2,0,87
1,8451,33
1,0,41
2,0,55
1,0,52
1,0,49
2,0,39
2,0,63
1,0,51
2,0,28
2,0,29
1,0,43
1,8235,54
1,8151,60
2,0,30
2,0,28
2,0,29
1,0,56
1,0,87
1,0,72
2,8490,45
2,0,50
1,0,29
1,0,87
1,0,72
2,8192,61
2,0,57
2,0,26
1,0,25
1,0,26
1,0,49
2,0,46
2,0,29
1,8148,49
1,0,40
1,0,54
1,8043,61
1,0,42
1,0,55
1,0,37
1,0,65
1,8041,32
1,0,46
2,0,34
1,0,37
2,0,38
1,0,56
2,0,22
1,0,58
1,0,54
2,0,31
1,0,53
1,0,43
1,0,57
2,0,38
2,0,84
2,0,59
1,0,46
1,0,59
0,0,45
1,0,33
0,0,27
2,0,48
1,0,38
1,0,75
1,8114,52
1,8114,74
1,8055,37
1,8055,65
1,0,59
1,0,70
1,0,59
1,0,47
1,0,41
1,8205,24
1,0,45
1,0,26
1,0,48
2,8413,57
1,0,37
2,0,40
2,0,72
1,8300,39
1,8300,73
1,0,60
1,0,69
1,8269,43
1,8269,79
1,8488,44
1,0,61
1,0,38
1,0,70
1,8054,29
1,8054,74
1,0,42
1,0,55
1,0,77
1,0,27
1,8372,25
1,0,34
1,0,60
1,0,56
1,0,48
0,0,22
0,0,77
1,0,87
1,0,72
1,8383,41
1,8383,65
1,0,51
1,0,57
1,8202,43
1,0,34
2,0,59
1,0,39
1,0,28
0,0,25
1,0,41
1,0,59
1,0,21
1,0,30
2,8348,87
2,8348,72
1,8345,87
1,0,52
1,0,43
0,0,61
0,0,57
0,151,23
0,0,35
0,0,50
0,0,31
0,0,39
0,0,59
0,0,29
0,0,28
0,0,44
0,0,61
0,0,22
0,358,57
0,0,44
0,0,35
0,0,24
0,0,73
0,560,30
0,687,24
0,520,59
0,242,43
0,0,31
0,0,61
0,0,37
0,0,84
0,0,41
0,0,38
0,0,63
0,0,59
0,0,69
0,0,32
0,0,54
0,314,37
0,314,65
0,314,77
0,0,52
0,0,42
0,0,46
0,0,69
0,0,61
0,553,54
0,0,28
0,83,57
0,662,31
0,0,56
0,0,60
0,0,44
0,0,75
0,0,54
0,0,50
0,0,52
0,0,25
0,409,39
0,409,63
0,0,42
0,0,78
0,0,22
0,0,76
0,0,71
0,0,38
0,0,64
0,0,24
0,0,23
0,0,25
0,0,41
0,0,63
0,0,49
0,0,42
0,0,72
0,0,26
0,0,76
0,0,49
0,227,23
0,0,46
0,12,32
0,12,72
0,0,34
0,0,31
0,645,46
0,0,33
0,0,44
0,0,75
0,0,60
0,0,28
0,0,35
0,0,51
0,0,44
0,0,42
0,0,22
0,0,79
0,0,27
0,0,23
0,0,47
0,0,74
0,0,44
0,0,59
0,0,73
0,0,61
0,0,26
0,0,39
0,0,65
0,0,77
0,0,31
0,0,60
0,0,59
0,0,35
0,0,31
0,0,73
0,0,27
0,0,34
0,0,52
0,0,56
0,0,39
0,0,63
0,558,60
0,0,33
0,0,32
0,392,23
0,0,48
0,0,22
0,0,57
0,0,46
0,0,33
0,0,61
0,560,49
0,0,23
0,0,71
0,0,42
0,0,37
0,0,84
0,0,54
0,0,47
0,0,39
0,0,84
0,0,26
0,0,48
0,0,71
0,0,58
0,0,25
0,0,74
0,0,44
0,0,31
0,0,44
0,0,56
0,0,55
0,0,53
0,432,54
0,0,56
0,0,46
0,0,55
0,0,54
0,0,59
0,0,44
0,0,69
0,0,39
0,0,63
0,0,55
0,0,32
0,0,25
0,162,37
0,162,64
0,0,25
0,0,52
0,0,37
0,0,64
0,0,74
0,234,34
0,234,74
0,0,50
0,0,25
0,0,46
0,0,58
0,0,36
0,0,79
0,701,48
0,0,23
0,0,33
0,0,30
0,0,47
0,0,25
0,0,58
0,0,41
0,0,64
0,0,26
0,0,70
0,0,57
0,0,38
0,0,84
0,0,55
0,0,61
0,0,70
0,540,58
0,0,31
0,0,79
0,34,59
0,34,72
0,0,55
0,0,49
0,0,36
0,0,69
0,0,31
0,0,27
0,0,30
0,0,32
0,0,44
0,0,77
0,0,30
0,0,41
0,0,84
0,0,29
0,0,30
0,0,71
0,0,36
0,0,49
0,0,40
0,0,63
0,0,24
0,0,25
0,0,33
0,0,29
0,0,60
0,0,44
0,0,47
0,0,31
0,0,26
0,0,33
0,499,50
0,0,31
0,0,26
0,0,27
0,0,41
0,0,84
0,0,52
0,533,23
0,533,73
0,0,55
0,0,58
0,749,32
0,749,70
0,40,42
0,0,22
0,0,44
0,0,28
0,0,48
0,556,55
0,556,72
0,0,24
0,0,35
0,0,39
0,0,84
0,0,79
0,0,28
0,0,37
0,0,65
0,0,69
0,0,49
0,0,31
0,0,40
0,0,63
0,0,46
0,0,37
0,0,63
0,0,28
0,0,75
0,0,60
0,0,72
0,320,28
0,272,51
0,0,40
0,0,84
0,0,51
0,0,34
0,0,35
0,0,23
0,0,38
0,0,84
0,0,74
0,342,53
0,463,53
0,0,38
0,0,63
0,0,52
0,0,31
0,0,53
0,674,49
0,0,43
0,652,26
0,227,57
0,0,40
0,0,63
0,0,54
0,0,43
0,0,69
0,0,33
0,332,23
0,0,25
0,0,28
0,0,51
0,0,50
0,0,74
0,468,46
0,0,51
0,0,78
0,0,46
0,0,52
0,0,56
0,0,69
0,0,50
0,0,55
0,0,32
0,0,74
0,0,51
0,0,38
0,0,65
0,0,44
0,0,37
0,0,63
0,396,28
0,396,70
0,0,41
0,0,84
0,0,79
0,55,31
0,301,36
0,301,71
0,0,33
0,0,61
0,0,24
0,0,55
0,48,33
0,0,40
0,0,84
0,0,70
0,0,39
0,0,63
0,0,29
0,0,47
0,0,33
0,70,28
0,0,46
0,0,55
0,0,57
0,0,30
0,0,72
0,0,51
0,0,47
0,0,73
0,0,47
0,0,58
0,0,39
0,0,84
0,0,43
0,794,25
0,0,56
0,444,42
0,0,36
0,0,31
0,580,58
0,0,56
0,0,61
0,0,60
0,0,32
0,392,42
0,392,72
0,692,32
0,0,22
0,0,54
0,0,47
0,0,53
0,0,29
0,0,55
0,0,49
0,325,34
0,325,78
0,0,37
0,0,64
0,0,33
0,0,27
0,146,49
0,0,25
0,380,32
0,0,34
0,0,79
0,0,30
1,579,50
0,0,53
0,0,44
1,0,40
1,0,63
2,0,33
1,0,42
2,0,32
2,0,70
2,0,51
2,0,71
1,0,53
1,0,39
1,0,65
1,0,77
0,0,53
1,0,39
1,0,64
2,0,24
2,0,40
2,0,64
1,0,29
1,0,43
1,0,79
2,0,49
1,0,60
1,622,55
2,0,27
2,208,23
1,284,33
1,128,55
1,0,32
2,0,50
1,0,42
1,0,54
0,0,48
0,0,74
1,0,59
1,0,71
1,0,24
1,0,49
1,0,42
2,0,54
2,0,79
1,684,41
1,325,35
1,0,45
2,0,33
1,0,57
1,291,33
1,291,71
1,0,33
1,0,60
2,0,28
1,0,40
2,0,60
1,603,57
2,0,27
1,0,50
1,0,27
2,0,60
0,0,50
1,542,59
0,0,42
0,0,79
1,738,38
1,0,33
1,0,73
1,665,48
1,0,38
1,28,56
2,0,37
1,0,25
2,0,26
1,0,31
1,479,33
2,0,45
0,0,43
0,0,79
2,0,60
1,0,29
1,0,42
2,0,45
2,0,73
1,0,35
1,574,61
2,0,37
1,723,61
1,0,52
1,0,45
1,0,50
1,0,22
2,0,41
2,0,39
2,0,59
2,541,33
2,0,48
1,361,36
1,0,26
1,0,55
1,751,41
1,751,79
1,0,26
1,0,23
2,0,61
2,0,37
2,0,22
1,651,42
1,0,53
1,0,72
1,0,45
1,0,33
1,0,47
1,0,77
1,0,44
2,0,33
1,0,28
1,0,29
0,0,43
1,0,55
1,515,28
2,0,45
2,0,79
1,751,53
2,0,53
1,0,49
2,0,50
2,140,59
1,0,22
1,0,22
1,0,48
0,0,49
0,0,25
1,0,44
1,98,24
1,546,39
1,0,40
1,0,43
1,0,31
1,0,44
1,0,51
2,0,60
1,0,27
1,0,49
2,0,28
2,0,23
1,677,42
2,0,50
1,0,29
1,0,78
0,10,31
1,43,32
1,0,27
1,0,51
2,0,29
1,0,22
1,0,75
1,0,58
2,0,24
1,233,55
1,57,48
1,57,73
1,0,48
1,0,71
1,174,49
1,174,78
0,0,35
1,0,53
1,0,53
1,0,60
1,0,79
1,0,55
1,0,72
1,0,44
1,0,40
1,0,63
0,0,46
1,311,51
1,0,38
1,0,65
2,725,43
0,0,58
0,0,21
1,0,49
2,0,59
2,0,75
1,0,32
1,0,33
0,0,31
1,0,28
1,0,28
1,485,57
1,0,49
1,0,78
1,0,29
1,0,28
2,0,29
2,0,28
2,0,72
1,0,40
1,0,64
1,0,70
0,0,55
1,167,51
1,167,20
0,0,61
1,0,47
2,0,41
2,0,65
2,561,23
2,561,77
1,0,58
1,0,74
1,751,28
1,751,71
1,0,47
1,0,70
1,0,49
1,0,79
1,0,29
1,0,49
1,0,22
2,0,61
1,0,29
1,0,70
2,0,23
1,0,44
1,0,37
1,0,51
2,0,31
0,0,57
0,0,70
1,0,29
1,0,47
1,0,52
1,0,51
1,403,40
1,403,65
1,0,38
1,0,64
2,449,31
2,0,27
0,0,29
1,0,30
1,0,61
1,0,30
1,0,27
0,729,48
1,0,61
1,543,54
1,543,73
2,352,30
0,0,28
1,0,27
1,0,34
1,0,25
1,482,25
1,0,24
2,0,39
1,0,45
1,0,38
0,0,46
0,0,71
0,0,26
0,0,40
0,0,63
0,0,77
0,0,36
0,0,61
0,0,71
0,0,56
0,0,48
0,0,70
0,0,60
0,5347,87
0,5504,54
0,0,23
0,0,87
0,0,27
0,0,55
0,0,27
0,0,72
0,5545,43
0,5545,70
0,5701,29
0,5384,50
0,5755,45
0,5509,57
0,0,57
0,0,58
0,0,33
0,0,34
0,0,53
0,0,28
0,0,30
0,0,55
0,0,44
0,5844,54
0,0,53
0,0,58
0,5519,22
0,5519,74
0,0,28
0,0,60
0,0,34
0,5506,22
0,0,29
0,5055,48
0,0,71
0,5906,71
0,0,24
0,0,70
0,0,48
0,0,79
0,5386,26
0,0,41
0,0,64
0,0,36
0,0,41
0,0,65
0,0,53
0,0,44
0,5368,53
0,0,87
0,0,51
0,0,54
0,0,34
0,0,31
0,5483,38
0,5483,84
0,0,23
0,0,41
0,0,63
0,5532,58
0,0,36
0,5197,35
0,0,60
0,0,54
0,5350,48
0,0,45
0,0,48
0,0,31
0,0,29
0,0,38
0,0,63
0,5239,35
0,5239,76
0,0,29
0,0,69
0,0,36
0,0,59
0,5282,57
0,0,55
0,5672,39
0,5672,63
0,0,33
0,0,39
0,0,84
0,0,37
0,0,65
0,0,55
0,5063,57
0,0,48
0,0,71
0,0,44
0,5105,58
0,0,36
0,0,30
0,0,35
0,0,69
0,0,34
0,0,50
0,0,53
0,0,55
0,0,71
0,0,28
0,0,70
0,0,39
0,0,63
0,5102,48
0,0,22
0,5323,55
0,0,29
0,0,52
0,0,28
0,0,53
0,0,29
0,5870,30
0,5870,73
0,0,44
0,5612,40
0,5612,64
0,5272,40
0,5272,64
0,5272,71
0,5536,22
0,0,36
0,0,60
0,0,44
0,0,53
0,0,70
0,0,36
0,5444,25
0,0,41
0,0,63
0,0,44
0,0,32
0,5756,56
0,5756,69
0,5204,59
0,5204,78
0,0,38
0,0,84
0,0,74
0,0,23
0,0,39
0,0,63
0,0,45
0,0,61
0,0,79
0,0,49
0,0,51
0,0,46
0,0,24
0,0,34
0,0,43
0,5308,26
0,5442,53
0,0,26
0,0,77
0,0,35
0,0,78
0,0,43
0,0,54
0,0,22
0,0,50
0,0,32
0,0,69
0,5302,47
0,0,51
0,0,25
0,5118,24
0,0,27
0,5803,51
0,0,36
0,5006,33
0,0,47
0,0,35
0,0,44
0,0,49
0,0,60
0,5469,61
0,5711,61
0,0,36
0,0,55
0,0,33
0,0,46
0,0,71
0,5055,31
0,0,55
0,0,35
0,5681,32
0,0,33
0,0,87
0,0,42
0,0,51
0,5507,41
0,5507,84
0,0,26
0,0,69
0,0,35
0,0,46
0,0,29
0,0,51
0,0,49
0,0,69
0,0,51
0,0,60
0,0,30
0,0,31
0,0,74
0,5208,48
0,0,41
0,0,64
0,0,58
0,0,87
0,0,32
0,0,50
0,0,77
0,0,30
0,0,50
0,0,29
0,0,23
0,5173,23
0,5498,48
0,0,47
0,0,23
0,0,56
0,0,36
0,0,61
0,0,56
0,0,69
0,5088,44
0,0,26
0,0,48
0,0,32
0,0,79
0,0,47
0,0,61
0,0,41
0,0,84
0,0,39
0,0,63
0,0,60
0,0,75
0,0,55
0,0,38
0,0,64
0,0,32
0,0,59
0,0,36
0,0,56
0,0,53
0,5062,60
0,5183,38
0,5183,65
0,0,87
0,0,49
0,0,87
0,0,42
0,0,34
0,0,50
0,0,87
0,0,36
0,0,38
0,0,64
0,5802,52
0,0,48
0,0,45
0,0,54
0,5412,47
0,0,87
0,0,72
0,0,21
0,5181,44
0,5181,72
0,0,28
0,5447,48
0,0,49
0,0,71
0,0,51
0,0,79
0,0,33
0,0,44
0,0,79
0,5396,47
0,5396,78
0,0,50
0,0,71
0,0,23
0,0,74
0,0,42
0,0,29
0,0,52
0,0,71
0,5726,59
0,0,32
0,0,69
0,5935,29
0,5935,71
0,0,51
0,0,27
0,5856,48
0,5568,46
0,5301,37
0,5301,84
0,5699,46
0,0,37
0,0,65
0,0,49
0,0,38
0,0,63
0,0,56
0,0,36
0,0,70
0,0,23
1,0,36
0,0,48
1,0,57
1,0,23
1,5311,29
1,0,30
1,0,41
1,0,65
1,0,61
1,5213,31
1,0,51
2,0,48
0,0,36
0,0,71
1,5738,23
1,0,26
2,0,50
2,0,74
1,0,29
1,0,54
1,0,70
1,5395,34
1,0,53
1,0,53
1,5662,50
1,0,26
1,0,35
1,0,76
1,5088,36
1,5088,73
1,0,26
1,0,31
1,0,27
1,5513,48
1,5513,72
1,5430,56
1,0,58
1,0,28
1,0,78
1,5468,26
1,5532,43
1,0,39
1,0,84
1,0,54
1,0,71
0,5404,52
1,0,55
1,0,77
1,0,60
1,5095,33
1,0,39
1,0,65
0,0,59
0,0,69
1,0,36
1,0,71
1,0,36
1,0,34
1,0,75
1,0,40
1,0,65
1,0,19
1,0,60
1,0,32
1,0,60
1,0,38
1,0,84
1,0,48
1,0,35
1,0,56
1,0,52
1,0,44
1,0,59
1,0,25
1,0,77
2,0,29
1,0,49
1,0,48
1,0,76
0,0,23
1,0,45
2,0,28
1,0,31
1,5161,35
1,0,87
1,0,28
1,0,34
1,0,75
1,5660,23
1,5114,43
1,5220,27
0,0,32
1,0,30
0,0,29
0,0,70
1,5187,26
1,5455,22
1,5455,73
1,0,26
1,0,75
1,0,52
1,0,45
1,0,69
1,0,36
1,0,24
1,0,45
0,5339,34
1,5889,30
1,5901,43
1,5901,69
1,0,40
1,0,64
1,5322,38
1,5322,65
1,5927,43
2,0,34
1,5286,61
1,0,32
1,0,53
1,0,59
1,5880,87
1,0,36
1,0,74
1,0,31
1,0,60
0,0,32
1,0,51
1,0,41
1,0,65
2,5884,27
0,5535,45
2,0,53
1,0,37
1,0,64
1,0,50
1,0,30
0,5348,22
0,5348,71
1,0,44
1,0,38
1,0,63
1,5418,40
1,5418,65
1,5757,59
0,0,87
0,0,28
0,0,39
0,0,84
1,0,36
1,0,46
1,0,54
1,0,74
1,5831,53
1,0,33
1,0,71
1,0,59
1,0,76
1,0,20
1,5311,87
1,0,55
0,0,49
0,0,48
0,0,47
1,0,33
1,0,46
1,0,39
1,0,65
1,5707,57
1,5707,79
0,5611,51
0,5611,78
1,0,32
1,5100,31
1,0,41
1,0,65
0,0,60
0,0,75
1,0,35
1,0,52
1,0,38
1,0,63
1,0,39
1,0,64
1,0,29
1,0,76
1,5038,59
1,0,56
1,0,44
1,0,32
1,0,57
1,0,48
1,0,55
2,0,42
1,5617,32
1,0,23
1,0,48
1,0,61
1,0,75
1,5397,44
1,5171,26
1,0,45
0,0,53
0,0,42
1,0,44
1,0,29
1,5055,40
1,5055,63
1,0,26
1,0,46
1,0,45
1,0,52
1,5359,87
0,0,59
0,0,70
1,0,31
1,0,25
1,0,34
1,0,26
0,0,28
0,0,74
1,5521,25
1,5163,60
1,0,57
1,5688,22
1,5688,78
1,0,47
1,0,40
1,0,64
1,5900,30
1,0,38
1,0,63
1,0,55
1,0,36
1,0,79
1,5198,52
1,0,23
1,0,71
1,0,28
1,0,43
1,0,26
1,0,25
1,5830,56
2,0,37
2,0,65
1,0,52
1,0,59
1,0,53
2,0,27
1,0,53
1,0,77
2,5722,60
1,5274,42
1,5225,37
1,5225,65
1,0,87
2,0,55
0,8292,32
0,0,33
0,8147,44
0,8230,61
0,8230,70
0,0,33
0,0,76
0,0,36
0,0,87
0,0,42
0,0,39
0,0,64
0,0,76
0,0,46
0,0,77
0,0,50
0,0,35
0,0,53
0,0,75
0,0,29
0,0,75
0,0,32
0,8388,61
0,0,32
0,0,76
0,0,47
0,0,75
0,0,55
0,0,78
0,0,28
0,8330,32
0,8363,50
0,8363,78
0,8185,53
0,8185,72
0,0,59
0,0,33
0,8400,41
0,8400,84
0,8400,75
0,8345,24
0,0,27
0,8111,47
0,0,52
0,0,78
0,0,31
0,0,57
0,0,75
0,8018,33
0,0,46
0,0,69
0,0,49
0,0,60
0,0,61
0,0,44
0,0,74
0,0,24
0,0,78
0,8328,44
0,0,43
0,0,47
0,0,73
0,0,35
0,0,79
0,0,71
0,0,71
0,0,71
0,0,25
0,8210,44
0,8210,78
0,0,52
0,0,24
0,0,73
0,0,27
0,0,75
0,0,54
0,0,69
0,0,30
0,0,69
0,0,28
0,0,79
0,8311,54
0,8015,52
0,8015,75
0,8422,47
0,8422,79
0,0,44
0,0,71
0,0,48
0,0,77
0,0,23
0,0,69
0,0,42
0,0,79
0,0,57
0,0,70
0,0,40
0,0,84
0,0,75
0,0,46
0,0,75
0,8158,44
0,8158,70
0,0,57
0,0,75
0,0,60
0,0,78
0,0,38
0,0,63
0,0,77
0,0,43
0,0,79
0,8066,87
0,8066,69
0,8066,72
0,0,40
0,0,63
0,0,70
0,0,55
0,8428,25
0,0,75
0,0,53
0,0,23
0,0,78
0,8036,38
0,8036,84
0,8036,74
0,0,31
0,0,58
0,0,30
0,0,74
0,8123,87
0,8123,72
0,0,48
0,8389,37
0,8389,70
0,0,37
0,0,64
0,8269,59
0,8269,73
0,0,32
0,0,49
0,0,78
0,0,32
0,0,79
0,8245,42
0,8245,72
0,0,49
0,8366,32
0,0,35
0,0,41
0,0,78
0,0,47
0,0,74
0,0,32
0,0,70
0,0,60
0,0,57
0,0,37
0,0,69
0,0,53
0,0,70
0,0,37
0,0,63
0,0,40
0,0,64
0,0,87
0,0,73
0,0,87
0,0,79
0,0,72
0,0,24
0,0,73
0,8314,29
0,0,50
0,0,69
0,0,40
0,0,73
0,0,43
0,0,77
0,0,51
0,0,76
0,0,23
0,0,70
0,8253,61
0,0,49
0,0,77
0,0,26
0,0,74
0,0,28
0,0,77
0,8059,39
0,8059,69
0,0,41
0,0,78
0,8047,47
0,8047,71
0,0,42
0,0,78
0,0,23
0,0,59
0,8289,55
0,0,58
0,0,57
0,0,78
0,0,38
0,0,64
0,0,71
0,0,28
0,0,27
0,0,23
0,8355,31
0,0,29
0,0,87
0,0,54
0,8408,42
0,0,51
0,0,28
0,8059,49
0,0,54
0,0,32
0,0,27
0,0,32
0,8199,52
0,0,46
0,0,79
0,0,56
0,0,25
0,8422,49
0,0,44
0,0,37
0,0,24
0,8456,28
0,0,38
0,0,65
0,8335,35
0,8003,55
0,8003,20
0,8439,53
0,8439,71
0,0,43
0,0,76
0,8166,54
0,0,60
0,0,26
0,8482,59
0,0,56
0,0,26
0,0,27
0,0,28
0,8142,52
0,0,31
0,0,27
0,8056,41
0,8056,63
0,0,46
0,0,48
0,0,46
0,8104,31
0,8458,53
0,0,87
0,0,54
0,8054,32
0,8326,43
0,8326,78
0,8405,35
0,0,56
0,0,40
0,0,39
0,0,64
0,8050,32
0,0,24
0,8086,39
0,8086,65
0,0,44
0,0,41
0,0,63
0,0,59
0,8129,30
0,0,87
0,0,54
0,8366,46
0,8027,46
0,8020,22
0,8056,55
0,8056,21
0,0,60
0,0,50
0,0,52
0,8278,46
0,8049,42
0,0,29
0,8303,87
0,8303,72
0,0,24
0,0,27
0,8261,54
0,8374,49
0,0,44
0,0,48
0,8227,24
0,8128,38
0,8128,65
0,0,24
0,0,36
0,8042,54
0,0,38
0,0,65
0,8306,40
0,8306,63
0,8044,46
0,8109,25
0,0,27
0,0,41
0,0,65
0,0,61
0,8000,33
0,0,50
0,0,87
0,0,22
0,0,25
0,0,87
0,0,72
0,0,32
0,0,60
0,0,22
0,8060,49
0,0,26
0,8225,61
0,0,23
0,8248,55
0,0,87
0,0,72
0,0,54
0,0,29
0,0,57
0,0,54
0,0,27
0,0,56
0,0,87
0,0,72
0,8266,38
0,8266,63
0,8305,45
0,0,50
0,0,54
0,0,87
0,0,49
0,0,25
0,0,39
0,0,84
0,0,55
0,8314,51
0,8234,50
0,0,47
0,0,23
0,0,29
0,0,37
0,0,23
0,0,37
0,0,65
0,0,52
0,0,29
0,0,87
0,0,72
0,0,43
0,8383,29
0,0,44
0,0,37
0,0,84
0,0,48
0,0,60
0,8220,54
0,0,50
0,8051,44
0,8030,87
0,8030,72
0,0,23
0,0,32
0,0,39
0,0,63
0,0,51
0,0,25
0,0,37
0,0,65
0,0,51
0,0,39
0,0,65
0,0,56
0,0,30
0,0,24
0,0,32
0,0,46
0,0,41
0,0,64
0,0,57
0,8029,42
0,8359,37
0,0,23
0,8396,58
0,8409,40
0,8398,26
0,0,25
0,0,60
0,0,38
0,0,87
0,0,61
0,0,48
0,0,40
0,0,63
0,8166,38
0,8083,25
0,0,58
0,0,87
0,0,72
0,0,59
0,0,37
0,0,37
0,0,64
0,0,31
0,0,23
0,0,26
0,8294,23
0,0,50
0,0,24
0,0,38
1,0,60
1,0,25
1,0,24
2,8118,54
2,0,38
1,8427,36
1,0,26
2,0,39
2,0,64
2,0,26
1,0,42
1,8346,32
1,0,44
1,8135,32
2,0,26
2,0,51
2,8249,40
2,8249,65
1,0,50
1,0,51
2,0,35
2,8375,45
1,0,53
1,8169,47
1,0,59
2,0,54
1,0,39
1,0,84
1,0,45
1,8138,24
1,0,22
1,0,38
1,0,50
1,0,41
2,0,87
1,0,57
1,0,49
1,0,52
1,0,46
1,0,24
1,0,55
0,0,53
2,0,42
1,0,44
1,0,43
2,0,47
2,8307,60
1,0,31
1,0,60
2,8234,52
1,0,33
1,0,87
1,0,72
1,0,59
1,0,34
2,0,27
1,0,58
1,0,35
2,0,41
1,8407,61
2,8278,43
1,0,32
1,0,40
1,0,64
1,0,35
1,0,30
1,0,45
1,0,23
1,8285,59
1,0,37
1,0,64
1,0,24
2,0,38
2,0,65
1,8195,49
1,0,26
1,0,44
2,0,48
2,8025,45
1,8369,47
2,0,28
2,8329,52
1,0,29
1,8479,45
1,0,38
1,0,45
1,8260,54
1,0,23
1,8237,38
1,0,50
1,0,42
2,0,60
1,8206,60
1,0,50
1,8326,54
2,0,49
2,0,30
1,0,49
2,0,25
1,0,26
1,0,61
1,8298,51
1,0,61
0,0,42
0,0,70
1,0,29
0,0,38
2,0,48
2,8167,31
1,0,55
2,0,42
1,0,22
1,0,26
1,0,41
1,0,84
1,0,59
1,0,75
1,0,28
1,0,30
1,0,75
1,0,60
1,8492,23
1,8492,75
1,0,41
1,0,73
2,0,27
1,0,22
1,0,71
2,0,52
2,0,75
1,0,26
1,0,74
1,0,51
1,0,49
1,0,75
1,0,60
1,0,87
1,0,69
1,0,72
1,0,60
0,0,35
2,0,43
1,0,44
2,8045,61
2,8045,73
1,8382,61
0,0,60
1,0,29
1,0,73
0,0,42
1,0,32
1,0,54
1,0,51
1,8177,30
1,8293,50
1,0,34
1,8155,40
0,0,40
1,0,24
2,8466,29
1,0,32
1,0,24
1,0,78
1,0,50
1,8095,26
0,0,30
1,0,45
1,0,46
0,0,22
0,0,73
0,0,51
0,0,59
0,0,25
0,0,59
0,0,54
0,0,72
0,548,29
0,0,51
0,0,75
0,660,23
0,245,47
0,0,55
0,0,71
0,0,58
0,0,45
0,0,43
0,0,40
0,0,65
0,487,48
0,487,76
0,0,29
0,0,74
0,0,52
0,0,55
0,0,44
0,0,28
0,0,33
0,0,49
0,0,53
0,0,72
0,113,22
0,0,44
0,0,25
0,0,70
0,0,40
0,0,84
0,0,61
0,94,57
0,0,54
0,34,59
0,0,46
0,0,78
0,0,35
0,0,54
0,0,33
0,0,50
0,0,71
0,0,71
0,0,36
0,0,74
0,0,37
0,0,65
0,0,25
0,0,24
0,648,49
0,648,72
0,0,27
0,0,77
0,38,52
0,0,59
0,0,60
0,0,48
0,0,59
0,353,31
0,0,56
0,0,46
0,0,34
0,631,46
0,0,57
0,0,74
0,227,23
0,0,46
0,0,42
0,105,33
0,105,73
0,0,32
0,0,31
0,0,30
0,0,57
0,0,20
0,0,54
0,773,33
0,773,69
0,239,33
0,0,33
0,0,34
0,0,24
0,0,40
0,0,84
0,0,46
0,566,51
0,162,43
0,0,35
0,0,42
0,0,54
0,0,50
0,0,29
0,0,72
0,0,40
0,0,63
0,327,53
0,327,74
0,111,43
0,0,52
0,0,56
0,0,48
0,0,39
0,0,64
0,0,48
0,0,34
0,473,47
0,0,24
0,0,45
0,0,41
0,0,65
0,0,49
0,634,60
0,156,48
0,0,52
0,0,54
0,539,46
0,47,30
0,22,41
0,22,84
0,22,75
0,0,26
0,0,74
0,35,30
0,0,56
0,0,47
0,0,49
0,276,26
0,276,77
0,0,22
0,0,37
0,0,64
0,686,33
0,586,34
0,0,31
0,0,59
0,0,61
0,0,76
0,0,34
0,0,72
0,0,36
0,0,25
0,0,60
0,643,46
0,0,50
0,702,57
0,291,54
0,383,39
0,383,64
0,0,33
0,0,38
0,0,63
0,0,54
0,0,46
0,0,43
0,0,52
0,0,42
0,0,77
0,0,53
0,0,34
0,0,76
0,0,44
0,0,25
0,0,36
0,0,49
0,0,33
0,0,34
0,782,51
0,782,73
0,0,53
0,0,31
0,0,40
0,0,84
0,0,54
0,0,45
0,0,34
0,0,32
0,0,75
0,0,37
0,0,64
0,0,23
0,0,35
0,0,58
0,0,75
0,0,29
0,0,23
0,0,39
0,0,84
0,0,58
0,0,57
0,0,45
0,0,53
0,0,41
0,0,65
0,0,32
0,0,61
0,0,56
0,0,55
0,2,28
0,434,31
0,0,42
0,0,25
0,0,22
0,0,54
0,0,52
0,0,52
0,0,39
0,0,65
0,0,69
0,127,24
0,725,48
0,0,50
0,0,32
0,355,33
0,355,73
0,363,56
0,363,78
0,0,37
0,0,64
0,0,59
0,0,76
0,0,53
0,0,59
0,0,71
0,0,60
0,0,33
0,436,22
0,436,73
0,0,40
0,0,65
0,598,45
0,598,73
0,0,41
0,0,84
0,0,35
0,0,48
0,0,42
0,0,61
0,0,25
0,0,74
0,0,35
0,0,26
0,0,22
0,0,51
0,108,55
0,0,48
0,0,54
0,0,50
0,0,40
0,0,63
0,0,39
0,0,65
0,0,60
0,0,73
0,0,55
0,698,45
0,0,33
0,0,61
0,0,36
0,0,78
0,0,24
0,345,31
0,345,74
0,0,44
0,278,26
0,0,50
0,757,51
0,0,48
0,0,74
0,0,52
0,0,61
0,0,56
0,0,30
0,0,32
0,0,49
0,0,33
0,362,56
0,0,32
0,0,32
0,485,44
0,485,76
0,0,28
0,0,27
0,0,27
0,0,22
0,0,24
0,0,44
0,0,45
0,0,55
0,0,46
0,0,22
0,0,24
0,0,35
0,0,36
0,0,73
0,0,31
0,0,61
0,303,49
0,0,54
0,0,27
0,0,46
0,242,56
0,0,39
0,0,63
0,0,37
0,0,63
0,0,71
0,0,24
0,0,39
0,0,63
0,0,76
0,601,39
0,601,84
0,0,50
0,0,35
0,0,48
0,72,44
0,0,35
0,0,44
0,0,59
0,0,37
0,0,63
0,0,45
0,0,28
0,392,30
0,392,79
0,0,23
0,0,53
0,0,24
0,0,73
0,157,49
0,0,52
0,0,22
0,0,57
0,0,28
0,0,78
0,0,41
0,0,84
0,0,71
0,0,49
0,0,60
0,297,48
0,0,61
0,256,52
0,0,38
0,0,65
0,0,57
0,0,29
0,0,44
0,0,35
0,0,70
0,0,31
0,0,26
0,0,49
0,0,37
0,0,63
0,0,40
0,0,84
0,0,74
0,0,30
0,0,69
0,0,56
0,0,28
0,0,23
0,0,23
0,0,41
0,0,63
0,0,61
0,0,77
0,0,24
0,0,79
0,668,59
0,0,33
0,249,57
0,0,41
0,0,65
0,0,76
0,0,29
0,0,77
0,0,26
0,0,25
0,577,25
0,577,73
0,0,61
0,0,44
0,0,32
0,260,56
0,260,77
0,0,46
0,0,74
2,0,22
1,575,48
1,575,77
1,0,34
0,396,36
0,396,76
1,0,39
1,0,65
1,0,46
1,0,50
0,0,26
1,0,38
1,0,84
1,0,74
1,0,32
1,0,47
0,0,60
1,0,23
1,0,50
1,0,47
1,0,25
1,0,48
0,0,56
1,67,54
1,0,51
1,0,55
1,0,76
1,0,30
1,0,76
1,0,31
1,0,78
2,0,45
1,0,58
1,0,74
1,0,61
1,0,69
1,0,23
0,792,32
1,21,22
1,0,44
2,0,55
2,0,70
2,0,40
1,0,34
2,0,33
1,0,39
2,0,26
1,0,61
1,0,50
1,0,43
1,138,37
1,0,22
1,0,22
2,0,24
1,0,46
1,0,50
0,0,50
1,702,53
1,0,26
1,785,37
1,785,73
2,0,46
0,0,34
1,0,46
2,0,57
2,0,78
1,0,41
1,308,31
1,418,54
1,0,58
1,0,77
1,0,56
2,0,23
1,0,26
1,0,40
1,0,73
2,0,61
0,423,25
0,423,72
1,0,32
0,0,32
0,0,40
1,0,47
0,0,31
1,0,28
1,596,23
2,0,49
2,0,54
0,0,43
1,668,57
1,668,78
2,0,35
2,0,77
1,0,26
2,329,47
2,0,34
1,0,48
1,0,46
1,0,34
1,0,24
1,0,39
2,0,50
1,0,50
1,0,54
2,0,26
1,384,55
0,0,54
1,136,31
1,0,32
1,0,29
2,0,36
0,39,38
1,305,32
2,0,22
1,453,29
1,0,39
2,0,51
2,0,73
1,0,32
1,0,46
2,0,46
1,0,42
1,0,34
1,0,69
2,0,59
1,0,55
0,0,47
1,0,49
2,0,31
2,0,78
1,174,32
1,340,46
1,0,59
1,0,72
1,0,55
2,0,49
0,0,39
0,0,84
2,0,23
0,396,41
0,396,63
1,0,29
1,0,72
1,0,50
2,0,25
1,0,56
2,265,33
2,265,76
1,0,48
1,0,61
1,0,79
1,0,27
1,0,37
1,155,34
1,0,34
0,0,55
2,0,23
1,0,50
1,496,56
1,0,51
1,0,69
2,0,24
1,0,49
1,0,23
1,0,30
1,0,73
2,0,40
2,0,63
1,337,50
1,337,78
1,514,30
1,514,74
2,0,45
1,705,54
2,0,55
1,0,57
0,0,47
1,800,58
1,304,25
1,304,69
1,341,52
1,0,35
1,0,38
1,0,65
1,0,78
1,0,32
2,0,46
0,0,50
0,0,78
1,0,54
1,0,76
1,118,45
1,0,36
2,0,25
1,0,59
0,0,23
1,0,51
1,0,32
1,0,42
0,0,54
1,0,57
2,0,25
0,0,57
1,0,40
1,0,50
1,428,48
1,0,23
1,0,69
1,77,25
1,707,30
2,184,54
2,184,70
1,0,29
1,0,73
1,420,27
1,420,70
0,0,34
1,0,31
1,0,50
2,0,33
2,0,72
1,0,24
0,5836,58
0,5144,35
0,0,36
0,0,78
0,5435,38
0,5435,64
0,0,32
0,0,76
0,0,45
0,5666,36
0,0,40
0,0,63
0,0,39
0,0,64
0,0,79
0,5854,53
0,5190,58
0,0,51
0,0,48
0,0,51
0,0,42
0,0,41
0,0,63
0,0,50
0,0,42
0,0,33
0,0,54
0,0,35
0,0,74
0,0,22
0,0,77
0,0,26
0,5297,33
0,0,58
0,0,35
0,0,45
0,0,44
0,0,69
0,0,35
0,0,53
0,0,26
0,0,44
0,0,27
0,0,57
0,0,35
0,0,71
0,5232,29
0,0,41
0,0,65
0,0,79
0,0,54
0,5087,58
0,5087,73
0,5410,30
0,5410,71
0,0,35
0,0,38
0,0,63
0,0,75
0,0,71
0,0,71
0,5236,37
0,5236,64
0,5003,60
0,0,45
0,0,75
0,0,40
0,0,65
0,0,71
0,0,36
0,0,71
0,0,29
0,0,37
0,0,63
0,0,76
0,0,46
0,0,31
0,0,53
0,0,69
0,5039,43
0,0,22
0,0,42
0,0,29
0,0,78
0,5322,50
0,5322,78
0,0,56
0,0,48
0,0,33
0,5394,51
0,5122,47
0,5122,69
0,0,26
0,5263,36
0,0,51
0,0,39
0,0,65
0,0,45
0,0,26
0,0,50
0,0,55
0,5752,29
0,5501,43
0,0,56
0,0,22
0,0,23
0,0,30
0,0,74
0,0,24
0,5546,40
0,5546,84
0,5715,50
0,5397,36
0,0,28
0,5074,23
0,0,60
0,5559,52
0,5165,49
0,0,54
0,0,52
0,0,71
0,0,47
0,0,52
0,0,58
0,0,76
0,5391,25
0,0,37
0,0,64
0,5093,57
0,5296,61
0,0,46
0,0,72
0,5127,58
0,0,87
0,0,57
0,0,50
0,0,43
0,0,53
0,5448,56
0,0,46
0,0,36
0,0,73
0,0,58
0,0,78
0,0,52
0,0,25
0,5944,35
0,5944,70
0,0,36
0,0,24
0,5374,50
0,5789,59
0,5716,59
0,0,34
0,5419,61
0,0,39
0,0,64
0,0,39
0,0,65
0,0,87
0,0,73
0,5339,43
0,5827,87
0,5827,71
0,5082,54
0,0,35
0,0,51
0,0,45
0,5594,40
0,5594,64
0,0,49
0,0,59
0,0,26
0,5929,46
0,0,58
0,0,52
0,0,29
0,0,60
0,0,40
0,0,64
0,0,45
0,0,69
0,0,56
0,0,45
0,0,33
0,0,60
0,0,29
0,5035,41
0,5035,65
0,0,29
0,0,40
0,0,65
0,5091,27
0,0,36
0,0,25
0,0,60
0,5819,44
0,0,37
0,0,84
0,5306,36
0,0,36
0,0,51
0,0,41
0,0,84
0,0,42
0,5906,23
0,0,32
0,5410,31
0,0,41
0,0,65
0,0,45
0,0,30
0,5735,58
0,5735,71
0,0,53
0,5575,37
0,5575,64
0,5575,70
0,0,47
0,0,28
0,0,23
0,0,71
0,0,29
0,0,54
0,0,78
0,5617,45
0,0,28
0,0,71
0,0,36
0,0,22
0,0,49
0,0,47
0,0,69
0,0,41
0,0,65
0,5727,36
0,0,87
0,5621,34
0,5621,77
0,0,30
0,5740,34
0,5740,77
0,5851,23
0,0,40
0,0,84
0,0,28
0,0,59
0,5572,45
0,5228,27
0,5228,71
0,0,38
0,0,64
0,5167,33
0,0,43
0,0,59
0,5062,61
0,0,54
0,5329,50
0,0,58
0,0,19
0,0,34
0,0,45
0,0,69
0,0,49
0,0,79
0,5830,51
0,0,87
0,0,50
0,0,72
0,0,26
0,5929,37
0,5929,65
0,0,24
0,5132,28
0,5799,57
0,0,56
0,0,47
0,0,30
0,0,38
0,0,84
0,0,43
0,0,52
0,5415,45
0,0,36
0,5318,22
0,5194,48
0,0,55
0,5874,59
0,5203,47
0,5509,35
0,0,61
0,0,25
0,5070,56
0,0,23
0,0,34
0,0,70
0,0,24
0,0,51
0,0,31
0,5837,22
0,0,41
0,0,84
0,0,51
0,0,79
0,0,53
0,5722,43
0,5424,23
0,5424,79
0,5238,39
0,5238,64
0,0,48
0,5078,43
0,5078,72
0,0,44
0,0,69
0,0,30
0,5096,35
0,5096,75
0,0,25
0,5867,41
0,5867,65
0,5810,45
0,5036,29
0,5036,75
0,0,36
0,0,27
0,5119,52
0,5879,39
0,5879,63
1,0,59
1,0,33
1,0,35
1,0,70
2,5684,32
1,0,36
1,0,23
1,0,73
0,5451,55
1,0,39
1,0,63
1,0,87
2,0,24
1,5649,36
1,0,49
1,5571,60
1,0,35
1,0,79
1,0,49
1,0,52
0,0,55
1,0,27
1,0,25
1,0,26
1,0,41
1,0,65
1,0,77
1,0,57
1,0,37
1,0,84
1,0,38
1,0,65
1,0,76
1,0,30
1,0,75
0,0,54
1,0,27
1,0,55
1,0,33
1,5820,36
1,0,29
0,5168,47
0,5168,75
1,0,45
0,5530,31
1,0,33
1,0,54
1,0,28
0,0,58
1,5572,30
2,5462,55
2,5329,50
2,5329,69
1,0,33
1,0,39
1,0,84
1,0,26
1,0,79
0,0,39
0,0,84
0,0,51
1,0,46
1,0,77
1,5842,37
1,5842,63
1,0,44
2,0,43
1,0,61
1,0,51
1,0,70
1,0,52
1,0,54
1,0,69
1,0,28
1,0,38
1,0,65
1,5428,34
1,0,22
1,0,78
1,5695,43
1,0,87
1,0,55
0,0,49
0,0,69
2,5725,31
1,0,26
2,0,49
1,5089,29
1,5606,47
1,0,23
1,0,37
1,0,64
1,0,59
1,5662,33
2,5404,27
1,0,24
1,0,76
1,5348,40
1,5348,63
0,0,61
0,0,78
0,0,56
0,0,78
1,0,24
1,0,79
1,5477,53
0,0,53
0,0,75
1,0,22
1,0,41
1,0,63
1,0,69
0,0,29
1,0,44
1,0,73
1,0,57
1,0,41
1,0,84
1,0,76
1,0,57
1,0,54
1,0,73
1,0,52
1,0,74
1,0,54
1,0,48
1,0,74
1,5876,53
1,5259,25
1,0,34
1,0,61
1,0,46
1,0,24
1,0,38
1,0,64
1,0,59
1,0,53
1,5084,49
2,0,26
2,0,76
1,0,32
0,0,51
1,0,48
1,0,61
1,0,49
1,0,73
1,0,48
1,0,74
1,5373,87
1,5236,31
1,0,31
1,0,54
1,0,71
1,0,24
1,0,36
1,0,55
1,0,54
1,0,43
1,5380,31
1,5490,54
1,5644,60
1,5135,31
0,0,42
1,5616,29
1,5481,37
1,5481,65
0,5046,56
0,5046,75
1,5913,54
0,0,32
1,5533,34
1,5533,76
0,0,45
1,0,32
1,0,37
1,0,64
1,5372,45
1,0,36
1,0,59
1,5861,29
0,0,55
0,0,79
1,0,36
1,0,34
1,0,74
1,0,32
0,5143,60
1,0,35
1,0,34
1,5594,51
1,5594,70
2,0,43
1,0,44
1,0,78
0,0,37
0,0,63
1,0,37
1,0,63
2,5395,60
1,0,23
1,0,78
1,0,61
1,0,75
0,0,32
2,0,42
2,0,78
1,5931,31
1,5931,69
1,5646,41
1,5646,84
1,0,51
1,0,71
2,0,61
1,5144,34
1,0,59
1,0,25
1,0,57
1,0,71
1,0,43
0,0,60
0,0,52
0,8085,40
0,8085,65
0,8085,75
0,8255,32
0,8255,71
0,0,28
0,0,57
0,8335,24
0,0,24
0,0,27
0,0,70
0,8478,26
0,8478,75
0,0,40
0,0,43
0,0,54
0,0,78
0,0,34
0,8008,25
0,8272,40
0,0,87
0,0,32
0,0,41
0,0,65
0,0,29
0,0,75
0,0,25
0,0,73
0,0,37
0,0,87
0,0,72
0,0,53
0,0,75
0,0,24
0,0,75
0,0,25
0,0,43
0,0,74
0,0,44
0,8135,27
0,0,87
0,0,75
0,0,87
0,0,69
0,0,72
0,0,48
0,0,31
0,0,78
0,0,28
0,0,71
0,0,71
0,0,48
0,0,32
0,0,23
0,0,73
0,0,32
0,0,75
0,0,43
0,0,79
0,0,49
0,0,71
0,8327,48
0,8327,69
0,0,27
0,8471,50
0,0,26
0,0,79
0,8016,43
0,8016,71
0,0,31
0,0,75
0,0,57
0,0,74
0,0,27
0,0,71
0,0,31
0,0,78
0,8174,40
0,8174,76
0,8280,26
0,0,41
0,0,65
0,8099,60
0,8099,70
0,0,53
0,0,25
0,0,56
0,0,71
0,0,56
0,0,76
0,0,55
0,0,69
0,8335,87
0,0,61
0,0,76
0,0,22
0,0,44
0,0,73
0,0,39
0,0,84
0,0,76
0,0,24
0,0,75
0,0,54
0,0,71
0,8327,27
0,0,44
0,0,79
0,0,50
0,0,70
0,0,44
0,0,75
0,8472,48
0,8472,70
0,0,87
0,0,77
0,8242,47
0,8242,77
0,0,87
0,0,78
0,0,39
0,0,63
0,8443,39
0,8443,77
0,8386,42
0,8386,69
0,0,44
0,0,44
0,0,77
0,8222,51
0,8222,71
0,0,61
0,0,73
0,0,61
0,8484,38
0,8484,76
0,0,32
0,0,78
0,0,37
0,0,84
0,0,77
0,0,44
0,0,23
0,0,76
0,0,57
0,0,73
0,0,32
0,0,49
0,0,71
0,0,51
0,0,69
0,8316,47
0,8316,77
0,0,44
0,0,71
0,0,37
0,0,84
0,0,78
0,0,50
0,0,77
0,0,54
0,0,32
0,0,72
0,0,47
0,0,74
0,0,22
0,0,51
0,0,79
0,0,23
0,0,71
0,0,61
0,0,47
0,0,75
0,0,41
0,0,65
0,0,74
0,0,53
0,0,37
0,0,65
0,8167,45
0,0,42
0,0,74
0,0,41
0,0,63
0,0,47
0,8114,40
0,8114,77
0,0,42
0,0,78
0,0,24
0,0,50
0,0,72
0,0,27
0,0,73
0,0,31
0,0,71
0,8241,58
0,0,30
0,8048,23
0,8048,79
0,8025,54
0,8025,75
0,0,25
0,0,75
0,0,22
0,0,75
0,0,58
0,0,22
0,0,79
0,8218,56
0,8218,74
0,8217,22
0,0,87
0,0,77
0,0,72
0,0,50
0,0,73
0,0,58
0,0,55
0,8207,44
0,0,22
0,8101,46
0,0,35
0,0,49
0,0,51
0,0,49
0,0,73
0,8052,52
0,8105,37
0,8105,63
0,0,56
0,0,41
0,0,32
0,0,74
0,0,26
0,0,26
0,0,22
0,0,39
0,8065,46
0,0,37
0,0,84
0,0,23
0,0,45
0,0,46
0,0,61
0,8206,54
0,8478,59
0,8478,20
0,0,29
0,0,46
0,0,51
0,0,52
0,0,71
0,8390,59
0,8390,75
0,0,27
0,0,32
0,0,49
0,0,79
0,0,41
0,0,84
0,0,79
0,8495,52
0,0,22
0,0,23
0,0,60
0,8067,24
0,0,55
0,0,43
0,0,50
0,0,32
0,0,37
0,0,30
0,0,39
0,0,65
0,0,57
0,0,49
0,8433,32
0,0,22
0,0,48
0,0,60
0,0,46
0,0,27
0,0,87
0,0,72
0,0,19
0,0,32
0,0,33
0,0,25
0,8207,49
0,8320,28
0,0,25
0,0,38
0,0,63
0,0,55
0,0,52
0,0,55
0,8368,27
0,8311,87
0,8311,72
0,0,27
0,0,31
0,0,42
0,0,39
0,0,64
0,0,24
0,0,31
0,0,37
0,0,29
0,0,31
0,8356,43
0,8250,59
0,0,34
0,8472,23
0,8387,52
0,8256,47
0,0,25
0,8206,60
0,0,60
0,0,51
0,0,44
0,8370,42
0,8235,27
0,0,43
0,8056,47
0,8240,23
0,0,58
0,8395,87
0,0,49
0,8352,48
0,0,29
0,0,23
0,0,24
0,0,32
0,8054,51
0,0,87
0,8246,53
0,0,52
0,0,42
0,8167,35
0,0,22
0,0,45
0,0,44
0,0,51
0,0,31
0,0,52
0,0,38
0,0,64
0,0,39
0,0,84
0,0,44
0,0,53
0,0,42
0,8307,61
0,0,41
0,0,42
0,0,29
0,0,30
0,0,37
0,0,64
0,0,30
0,0,48
0,8363,27
0,0,28
0,8405,40
0,8405,63
0,0,42
0,0,45
0,0,44
0,8282,40
0,8282,84
0,0,24
0,0,30
0,0,43
0,0,54
0,8401,22
0,8418,30
0,0,57
0,0,40
0,0,65
0,0,42
0,0,50
0,0,87
0,0,72
0,0,87
0,0,72
0,0,43
0,8222,50
0,0,60
0,0,60
0,8395,49
0,0,33
0,0,25
0,8404,22
0,0,35
0,0,56
0,0,53
0,0,26
0,8166,24
0,8057,46
0,0,43
1,0,61
1,0,49
1,0,41
2,0,38
2,0,65
2,0,41
2,0,84
1,0,40
1,0,65
2,0,43
2,8337,28
1,0,42
1,0,60
2,0,33
1,0,31
1,0,45
1,0,37
0,0,49
2,0,42
1,0,22
0,8074,60
1,8008,56
1,0,23
2,0,61
1,8128,54
1,0,50
1,0,23
1,0,51
1,0,41
1,0,51
1,0,39
1,0,65
1,0,53
1,8258,87
1,8070,49
1,8108,40
1,8108,84
2,0,40
1,0,44
1,0,31
1,0,32
1,0,50
0,0,48
1,8146,26
2,0,53
1,0,38
1,0,63
1,0,52
0,0,33
1,0,37
1,0,64
1,0,43
1,0,22
1,0,22
1,0,31
2,0,27
1,0,40
1,0,63
1,0,22
2,8262,43
2,8289,48
1,0,32
1,0,31
1,8395,43
1,0,35
1,0,59
2,8218,33
1,0,37
2,0,54
2,0,47
2,0,43
1,0,87
1,8350,39
1,0,42
1,0,54
2,0,56
1,0,28
1,8392,59
1,0,43
1,8321,27
1,0,58
2,0,60
1,8139,48
0,0,52
1,0,41
1,0,65
2,0,53
0,8489,39
1,0,49
1,8482,31
0,0,87
1,0,51
2,0,28
1,8473,30
1,0,24
2,8454,51
1,0,23
2,0,22
2,8154,58
1,0,31
1,0,49
1,0,54
0,8029,22
1,0,26
1,0,26
1,0,35
1,0,39
1,0,55
1,0,28
1,0,53
1,0,32
1,0,29
1,8399,59
2,0,56
1,0,61
1,0,72
1,0,32
1,0,40
1,0,64
2,0,35
1,0,58
1,0,40
1,0,41
1,0,63
1,0,51
1,0,41
1,0,69
1,8428,42
2,0,31
2,0,73
1,0,87
1,0,72
1,0,59
1,8397,24
2,0,37
2,0,84
1,0,56
1,8106,53
2,0,41
2,0,60
1,0,23
1,0,40
1,0,56
1,0,34
1,0,76
0,0,40
0,0,84
1,8118,52
1,0,27
2,0,49
1,8136,61
1,8261,28
1,0,48
1,0,25
1,0,38
1,0,84
0,0,47
1,8396,39
1,0,39
1,0,46
1,0,37
1,0,58
1,0,31
2,0,54
0,0,47
0,0,23
0,0,60
0,0,58
0,112,50
0,0,40
0,0,46
0,0,45
0,0,49
0,0,53
0,0,27
0,0,29
0,0,70
0,0,39
0,0,54
0,775,60
0,0,59
0,0,42
0,0,39
0,772,46
0,0,34
0,0,70
0,0,59
0,0,42
0,0,48
0,328,44
0,0,44
0,0,22
0,0,76
0,650,22
0,0,24
0,0,22
0,0,56
0,0,78
0,261,54
0,0,47
0,0,29
0,126,54
0,0,53
0,0,77
0,74,55
0,34,38
0,34,65
0,733,42
0,0,32
0,0,70
0,0,22
0,0,75
0,0,42
0,0,27
0,431,29
0,34,58
0,0,46
0,0,52
0,0,26
0,0,40
0,0,84
0,0,42
0,0,58
0,0,79
0,707,30
0,0,32
0,0,55
0,720,30
0,0,31
0,0,73
0,0,48
0,0,47
0,0,60
0,437,55
0,0,38
0,0,65
0,0,69
0,0,26
0,0,69
0,0,31
0,0,47
0,0,47
0,0,47
0,0,57
0,0,57
0,0,42
0,0,48
0,10,51
0,0,71
0,0,71
0,14,71
0,76,56
0,0,39
0,0,84
0,100,44
0,111,32
0,0,50
0,418,40
0,418,65
0,46,31
0,0,43
0,0,33
0,0,53
0,0,44
0,0,32
0,0,34
0,0,78
0,0,49
0,0,44
0,104,50
0,0,44
0,0,27
0,0,51
0,0,52
0,325,22
0,0,59
0,0,56
0,0,71
0,0,51
0,0,42
0,0,46
0,0,75
0,0,26
0,0,22
0,633,37
0,633,64
0,557,33
0,557,72
0,0,33
0,0,33
0,453,35
0,0,30
0,0,28
0,0,36
0,0,27
0,0,41
0,0,64
0,0,38
0,0,64
0,0,73
0,0,52
0,0,28
0,0,41
0,0,65
0,0,72
0,0,31
0,0,59
0,0,54
0,0,71
0,428,43
0,0,58
0,0,71
0,797,52
0,0,53
0,4,40
0,4,65
0,0,40
0,0,65
0,0,72
0,286,45
0,286,75
0,0,61
0,0,50
0,0,73
0,0,50
0,0,56
0,435,33
0,0,27
0,0,71
0,512,49
0,650,38
0,650,84
0,0,44
0,269,60
0,269,73
0,542,34
0,676,49
0,0,55
0,0,76
0,0,60
0,276,57
0,0,54
0,0,41
0,0,84
0,0,38
0,0,64
0,0,56
0,552,31
0,0,59
0,0,72
0,0,28
0,34,38
0,34,84
0,34,21
0,0,22
0,0,35
0,0,79
0,0,57
0,0,73
0,0,50
0,0,34
0,0,69
0,652,54
0,652,76
0,0,56
0,0,43
0,0,50
0,0,44
0,0,74
0,0,32
0,271,28
0,271,75
0,599,41
0,599,84
0,599,77
0,0,46
0,0,32
0,0,36
0,0,69
0,0,44
0,0,35
0,734,29
0,734,72
0,0,34
0,0,36
0,0,23
0,0,54
0,0,35
0,0,39
0,0,64
0,0,57
0,0,26
0,0,37
0,0,84
0,0,29
0,0,57
0,0,59
0,0,72
0,0,32
0,0,79
0,0,50
0,0,56
0,0,77
0,0,44
0,0,31
0,0,33
0,0,47
0,0,33
0,0,53
0,0,47
0,315,22
0,0,42
0,0,56
0,0,61
0,0,59
0,0,79
0,0,48
0,0,50
0,0,22
0,0,76
0,0,28
0,0,61
0,0,36
0,0,76
0,382,45
0,0,33
0,0,42
0,0,39
0,0,64
0,0,31
0,0,70
0,0,40
0,0,84
0,0,55
0,0,38
0,0,84
0,0,70
0,0,45
0,0,54
0,0,34
0,0,56
0,0,49
0,0,41
0,0,65
0,0,40
0,0,65
0,0,79
0,751,33
0,751,69
0,0,23
0,0,58
0,0,23
0,0,34
0,0,78
0,0,51
0,0,30
0,0,72
0,0,60
0,0,32
0,0,74
0,0,32
0,0,35
0,0,60
0,655,25
0,0,51
0,0,46
0,664,28
0,664,20
0,0,43
0,0,74
0,0,61
0,0,74
0,0,31
0,531,37
0,531,64
0,0,29
0,0,41
0,0,84
0,0,71
0,23,60
0,0,39
0,0,64
0,0,34
0,0,31
0,0,47
0,0,59
0,0,27
0,0,43
0,0,35
0,646,37
0,646,84
0,0,28
0,701,38
0,701,84
0,0,56
0,0,52
0,0,73
0,0,38
0,0,65
0,0,27
0,0,59
0,0,27
0,0,25
0,108,26
0,0,26
0,0,39
0,0,64
0,0,37
0,0,63
0,0,55
0,30,59
0,0,41
0,0,84
0,18,46
0,183,45
0,687,30
0,687,78
0,0,61
0,0,25
0,0,31
0,203,26
0,203,71
0,0,40
0,0,84
0,514,57
0,0,45
0,0,61
0,0,59
0,0,40
0,0,65
0,756,59
0,0,51
0,0,57
0,557,26
0,0,25
0,59,40
0,59,84
0,0,54
0,0,44
0,0,75
0,0,33
0,0,21
0,0,56
0,0,36
0,538,26
0,538,73
0,0,29
0,0,28
0,0,49
0,0,72
0,0,54
0,0,25
1,0,25
1,0,76
1,0,51
2,0,36
2,0,29
1,0,22
1,61,29
1,0,50
1,209,45
1,0,53
1,0,61
1,718,55
1,0,46
1,116,30
2,0,46
0,0,45
1,0,52
1,0,72
1,0,28
1,0,69
1,151,52
1,0,41
1,0,84
1,0,52
2,172,48
1,227,54
1,227,73
1,561,29
1,561,69
1,0,30
2,0,32
2,0,77
1,511,26
1,0,41
1,0,39
1,0,51
1,0,70
1,224,41
1,224,77
1,0,52
2,287,31
1,0,61
1,0,61
2,0,61
2,0,27
1,0,50
1,0,75
1,0,59
1,0,34
2,0,58
1,0,58
1,0,57
1,0,52
1,0,48
1,0,44
1,0,28
1,0,41
1,0,52
1,0,74
1,0,58
2,491,43
2,491,69
1,0,49
1,0,76
1,0,32
1,0,51
2,0,37
1,0,32
0,0,52
1,0,55
1,0,69
2,627,40
0,402,59
1,0,56
1,0,21
2,387,52
1,0,54
1,0,39
1,0,55
1,0,70
0,0,61
1,420,33
1,0,22
1,633,48
1,650,56
1,650,74
1,0,46
2,0,31
1,0,60
1,0,25
1,387,30
1,351,46
1,48,51
1,0,59
1,748,24
2,0,34
1,692,55
2,0,47
1,0,26
0,0,42
1,0,22
1,387,30
2,0,24
1,214,39
1,214,72
1,790,29
1,279,61
1,0,46
1,0,44
1,0,51
1,0,22
0,0,33
0,0,71
1,414,38
1,0,36
1,0,69
2,0,30
0,0,49
1,0,31
1,0,61
2,9,48
1,0,38
1,0,38
1,0,63
1,0,52
1,0,53
1,0,48
1,730,34
1,0,60
1,0,22
1,0,78
1,0,40
1,0,65
1,0,28
1,0,39
1,0,63
1,0,40
1,0,84
1,783,57
1,0,57
1,0,56
1,0,71
2,192,45
2,0,46
2,0,22
1,81,38
1,81,64
1,0,44
2,0,43
2,0,48
1,0,46
1,646,51
1,0,52
1,0,53
1,0,75
1,0,30
1,0,52
2,0,22
0,0,46
1,0,61
0,0,27
0,0,79
0,0,29
1,0,29
0,0,58
0,0,21
1,0,54
1,0,70
2,0,50
1,0,49
1,332,55
1,0,29
0,0,55
1,243,26
1,243,74
2,0,40
2,0,64
1,0,28
2,0,61
2,0,28
2,0,53
2,0,71
1,0,39
1,0,84
1,0,47
1,0,78
0,0,48
1,0,43
1,288,32
2,0,25
2,0,71
0,0,56
0,0,70
1,0,54
1,0,36
1,0,41
1,0,84
1,0,52
1,0,26
1,0,24
1,0,41
1,0,73
1,0,52
2,0,44
2,0,40
1,31,29
2,0,51
1,598,55
1,0,58
0,324,37
1,703,23
1,703,75
2,0,45
1,0,43
1,295,58
1,0,30
1,0,29
1,0,53
1,0,60
0,5304,39
0,5304,65
0,0,32
0,0,43
0,5031,42
0,0,31
0,5754,57
0,0,43
0,0,73
0,5795,40
0,5795,84
0,5795,72
0,0,27
0,0,74
0,0,60
0,0,69
0,0,22
0,0,23
0,0,27
0,0,77
0,0,24
0,0,40
0,0,65
0,0,24
0,0,23
0,0,36
0,0,32
0,0,54
0,5681,44
0,0,58
0,5063,32
0,0,57
0,0,36
0,0,75
0,5126,33
0,0,23
0,0,79
0,0,23
0,5228,61
0,5487,37
0,5487,84
0,5344,28
0,0,25
0,0,37
0,0,84
0,0,71
0,0,50
0,0,69
0,5508,52
0,5634,27
0,0,29
0,0,42
0,0,77
0,0,31
0,5697,39
0,5697,63
0,0,50
0,0,37
0,0,84
0,0,56
0,0,49
0,5743,54
0,0,40
0,0,84
0,5726,35
0,5726,74
0,0,46
0,0,39
0,0,63
0,0,51
0,0,61
0,0,21
0,0,47
0,5869,48
0,0,54
0,0,77
0,5452,27
0,0,87
0,0,69
0,0,25
0,5739,61
0,5041,22
0,0,55
0,0,51
0,5721,23
0,5240,26
0,0,27
0,0,49
0,0,48
0,0,36
0,0,39
0,0,64
0,5308,23
0,5434,32
0,5389,44
0,0,34
0,0,41
0,0,84
0,5559,48
0,0,32
0,0,23
0,5248,34
0,0,29
0,5763,35
0,0,54
0,0,75
0,0,41
0,0,64
0,0,29
0,0,25
0,0,74
0,0,58
0,5321,39
0,5321,84
0,5422,55
0,0,41
0,0,65
0,0,36
0,0,39
0,0,65
0,0,50
0,5362,56
0,5084,30
0,5084,69
0,0,61
0,0,72
0,5333,45
0,0,58
0,0,22
0,0,59
0,0,70
0,0,50
0,0,40
0,0,63
0,0,34
0,0,57
0,0,48
0,5321,58
0,0,22
0,0,35
0,0,34
0,0,36
0,0,32
0,5829,51
0,0,39
0,0,84
0,0,87
0,0,20
0,0,46
0,0,52
0,0,43
0,0,26
0,0,54
0,0,53
0,0,55
0,0,50
0,5031,47
0,5806,57
0,0,50
0,0,43
0,5881,39
0,5881,64
0,0,30
0,5460,31
0,0,27
0,0,53
0,0,35
0,5249,54
0,0,49
0,5700,33
0,0,28
0,0,77
0,5420,46
0,0,41
0,0,64
0,0,39
0,0,65
0,0,23
0,0,36
0,0,24
0,0,25
0,0,60
0,0,77
0,0,43
0,0,78
0,0,37
0,0,64
0,0,71
0,0,31
0,0,42
0,0,55
0,0,36
0,0,31
0,0,76
0,0,60
0,0,76
0,0,25
0,0,32
0,0,76
0,0,41
0,0,65
0,0,30
0,0,58
0,0,51
0,0,78
0,0,59
0,0,57
0,0,31
0,0,70
0,5787,57
0,5787,77
0,0,37
0,0,63
0,0,71
0,0,61
0,0,41
0,0,84
0,5050,56
0,5925,37
0,5925,63
0,0,53
0,5466,25
0,5466,75
0,0,38
0,0,64
0,0,36
0,0,28
0,0,19
0,5530,40
0,5530,84
0,0,60
0,5559,38
0,5559,65
0,0,61
0,5422,35
0,0,38
0,0,65
0,0,26
0,0,52
0,0,69
0,0,40
0,0,65
0,0,52
0,0,53
0,0,29
0,0,78
0,5904,55
0,5074,54
0,0,44
0,0,46
0,0,39
0,0,84
0,0,77
0,0,58
0,5758,32
0,0,27
0,5402,41
0,5402,64
0,5929,59
0,0,22
0,5281,47
0,0,30
0,0,51
0,0,47
0,0,70
0,5099,30
0,5099,73
0,0,34
0,0,22
0,0,36
0,5089,56
0,0,33
0,0,42
0,5203,25
0,0,42
0,0,52
0,0,51
0,0,76
0,5896,60
0,0,32
0,0,48
0,0,75
0,0,31
0,0,76
0,0,41
0,0,65
0,5657,33
0,0,37
0,0,84
0,0,29
0,0,48
0,5336,24
0,0,41
0,0,64
0,0,54
0,0,22
0,0,34
0,5417,56
0,0,46
0,0,76
0,0,48
0,0,50
1,0,87
1,0,55
1,5405,61
1,5405,75
1,0,58
1,0,28
1,0,24
1,0,75
1,0,31
1,0,57
1,0,87
1,0,24
1,5832,37
1,5832,63
1,0,31
1,0,46
0,5310,35
1,0,60
0,0,39
0,0,65
0,0,78
1,5718,43
1,5718,78
0,0,50
1,0,49
1,0,70
1,0,23
1,0,55
1,0,33
1,0,30
1,0,75
1,0,29
1,0,42
0,5159,43
1,0,40
1,0,84
0,0,30
1,5314,43
1,0,60
1,0,49
1,0,54
1,0,38
1,0,64
1,0,77
1,5270,60
1,0,45
1,0,58
1,5714,44
1,0,22
1,0,48
1,0,78
1,5889,28
1,0,40
1,0,63
1,5259,30
1,0,51
1,5520,58
1,5520,69
2,0,54
0,5530,54
0,5530,74
1,0,44
1,0,40
1,0,63
1,0,36
1,0,77
0,0,24
2,5889,32
1,0,30
1,5064,47
1,5064,79
1,0,22
1,0,76
0,5534,45
0,5534,74
1,0,38
1,0,63
1,0,42
0,5253,51
0,5740,44
1,5736,48
1,0,61
1,0,87
1,0,26
0,0,48
0,0,69
1,0,46
1,0,69
1,5734,46
1,5734,69
1,5809,49
1,0,27
1,0,45
1,0,41
1,0,84
1,0,79
1,0,33
1,0,60
1,5807,41
1,5807,64
1,0,29
1,0,56
1,0,40
1,0,84
1,0,59
1,0,25
1,5663,53
1,5674,38
1,5674,84
1,0,60
1,0,39
1,0,63
1,0,76
1,0,42
1,0,73
1,5167,35
1,0,49
1,0,61
0,0,48
0,0,79
1,0,36
1,0,48
1,0,56
1,0,49
1,0,75
1,5245,40
1,5245,84
2,0,36
2,0,78
1,5182,34
1,0,37
1,0,65
1,5201,25
1,0,26
1,0,77
1,0,42
1,0,72
1,5747,23
1,5747,78
1,0,30
0,0,25
0,0,52
1,5882,40
1,5882,63
1,5882,75
1,0,43
1,0,26
1,5080,32
1,5886,58
0,0,44
1,5683,28
1,0,60
1,0,40
1,0,65
1,0,77
0,0,42
1,0,32
0,5032,22
2,5049,52
2,0,32
1,0,36
1,5894,45
1,5894,20
1,0,54
1,0,73
2,0,51
1,5859,45
1,0,31
1,0,77
1,5890,39
1,5890,84
1,5890,73
1,0,23
0,0,42
1,0,33
1,0,37
1,0,84
1,0,34
1,0,46
1,0,60
1,0,58
1,0,60
1,0,76
1,5057,54
1,0,24
1,0,51
1,0,77
1,0,23
1,0,76
1,0,41
1,0,65
1,0,39
1,0,64
1,0,53
1,0,52
1,5335,26
1,0,48
1,0,53
1,0,30
0,0,28
0,0,75
0,5863,55
1,0,45
1,0,25
1,5695,51
1,0,30
1,0,20
0,0,27
1,0,24
0,0,55
0,0,72
2,0,28
2,0,70
1,0,51
1,5691,44
1,0,56
1,0,75
1,0,59
1,0,52
1,5448,45
1,0,54
1,0,37
1,0,63
1,5266,57
1,0,25
0,5125,29
0,5125,70
1,0,29
1,0,73
1,0,36
1,5523,25
1,5550,32
1,5550,74
1,5550,70
1,0,38
1,0,65
2,5765,28
1,5030,49
1,5030,71
1,5205,49
1,5205,69
1,5603,38
1,5603,64
1,5603,70
0,0,38
0,0,84
0,8485,35
0,8011,27
0,8011,79
0,0,60
0,0,78
0,0,36
0,0,74
0,0,43
0,0,56
0,0,25
0,8055,28
0,0,60
0,8162,23
0,0,39
0,0,65
0,0,71
0,8158,46
0,0,54
0,0,53
0,0,78
0,8441,31
0,8441,75
0,0,55
0,0,79
0,0,42
0,0,74
0,8435,59
0,8435,75
0,0,49
0,0,73
0,0,46
0,0,49
0,0,23
0,0,72
0,8097,44
0,0,31
0,0,33
0,0,37
0,0,84
0,0,75
0,0,59
0,0,41
0,0,64
0,8483,38
0,8483,65
0,0,41
0,0,64
0,0,72
0,0,22
0,8173,41
0,8173,64
0,0,24
0,0,77
0,8444,46
0,8444,73
0,8349,42
0,8349,70
0,0,36
0,0,71
0,0,53
0,0,77
0,8157,56
0,8157,77
0,0,57
0,0,71
0,0,45
0,0,69
0,8433,50
0,8433,73
0,0,32
0,0,33
0,0,70
0,0,87
0,0,72
0,0,60
0,0,60
0,0,60
0,0,49
0,0,78
0,0,87
0,0,78
0,0,72
0,0,24
0,0,74
0,0,48
0,0,71
0,0,50
0,0,69
0,0,59
0,0,77
0,0,60
0,0,69
0,0,40
0,0,65
0,0,78
0,0,87
0,0,73
0,0,56
0,0,49
0,0,70
0,0,87
0,0,78
0,8378,87
0,8378,77
0,0,55
0,0,71
0,8190,44
0,8190,76
0,0,22
0,0,77
0,0,50
0,0,61
0,0,76
0,0,27
0,0,78
0,8224,87
0,8224,78
0,0,57
0,0,33
0,0,45
0,8158,25
0,8158,71
0,8268,25
0,8268,70
0,0,58
0,0,76
0,8242,87
0,8242,73
0,8242,72
0,8251,36
0,8251,71
0,0,25
0,0,70
0,0,33
0,0,70
0,8222,48
0,8222,75
0,0,43
0,0,47
0,8324,42
0,8324,75
0,0,22
0,0,76
0,0,54
0,0,73
0,8146,87
0,8146,74
0,0,22
0,0,78
0,0,57
0,0,60
0,0,41
0,0,84
0,0,21
0,0,25
0,8023,33
0,0,37
0,0,84
0,0,20
0,0,57
0,0,44
0,0,75
0,0,39
0,0,63
0,0,61
0,0,54
0,8347,42
0,0,52
0,0,25
0,0,70
0,0,59
0,0,76
0,0,56
0,0,30
0,8040,35
0,0,29
0,0,77
0,8011,87
0,0,54
0,0,72
0,0,55
0,0,53
0,0,35
0,0,22
0,0,77
0,0,87
0,0,70
0,0,72
0,0,34
0,8180,50
0,8180,77
0,0,57
0,8213,54
0,8213,77
0,8185,30
0,0,54
0,0,35
0,0,33
0,0,53
0,0,76
0,0,46
0,0,77
0,8477,25
0,0,24
0,0,52
0,0,74
0,0,53
0,8485,56
0,0,58
0,0,24
0,0,46
0,8084,57
0,0,23
0,0,32
0,0,46
0,0,47
0,8329,27
0,0,49
0,0,78
0,0,37
0,0,57
0,0,48
0,8378,36
0,8262,41
0,0,61
0,0,37
0,0,65
0,0,70
0,0,30
0,0,73
0,0,34
0,0,57
0,8017,29
0,0,51
0,0,46
0,0,29
0,8220,38
0,8220,84
0,0,27
0,0,31
0,0,51
0,0,78
0,0,52
0,0,43
0,8431,57
0,8431,19
0,8180,47
0,8180,69
0,0,49
0,0,27
0,8348,31
0,8348,79
0,8389,55
0,8389,78
0,8493,59
0,0,39
0,0,64
0,0,33
0,0,31
0,0,69
0,0,26
0,0,50
0,0,61
0,0,74
0,0,32
0,0,24
0,8152,40
0,8152,65
0,0,22
0,0,32
0,0,41
0,0,47
0,0,20
0,0,33
0,0,49
0,0,24
0,0,27
0,0,46
0,0,34
0,8375,22
0,0,87
0,0,72
0,0,44
0,8300,27
0,0,24
0,0,60
0,8359,44
0,8323,56
0,8333,36
0,0,40
0,0,63
0,0,46
0,0,46
0,0,44
0,0,51
0,0,42
0,0,37
0,0,46
0,8360,42
0,8208,43
0,8326,28
0,0,30
0,0,47
0,0,87
0,0,72
0,8375,37
0,8375,64
0,0,27
0,8177,39
0,0,46
0,0,42
0,8373,87
0,8373,72
0,0,31
0,0,47
0,0,37
0,0,84
0,8148,55
0,0,48
0,0,58
0,0,46
0,0,31
0,8349,30
0,0,54
0,0,36
0,8113,44
0,0,47
0,0,48
0,0,26
0,0,39
0,0,84
0,8138,47
0,0,43
0,0,35
0,0,38
0,0,64
0,0,30
0,0,56
0,0,60
0,0,25
0,0,27
0,0,87
0,0,50
0,8359,23
0,0,87
0,0,50
0,8360,37
0,8360,65
0,0,46
0,0,60
0,8445,44
0,0,35
0,0,58
0,0,46
0,0,51
0,8072,37
0,8072,65
0,0,49
0,0,56
0,0,32
0,0,87
0,0,72
0,0,60
0,0,60
0,0,34
0,0,32
0,0,52
0,0,49
0,0,87
0,0,87
0,0,27
0,8396,47
0,0,22
0,0,60
0,0,58
0,0,57
0,0,31
0,8218,51
0,8377,29
0,8198,42
0,0,30
0,0,23
0,0,87
0,0,28
0,0,39
0,0,84
0,8269,58
0,0,31
0,0,43
0,8199,31
0,0,41
0,0,55
0,8072,38
0,8208,53
0,0,46
0,0,35
0,0,22
0,8197,30
0,0,39
0,0,64
0,0,52
0,0,59
0,0,61
0,0,38
0,0,65
0,0,59
0,0,52
0,8305,55
0,0,87
0,0,47
0,0,61
0,8437,47
0,8036,54
1,8267,40
1,0,38
1,0,65
2,0,36
1,8395,23
0,8069,43
0,0,38
0,0,65
1,8356,59
1,0,28
1,8089,38
1,8089,65
1,0,31
1,0,28
1,0,56
2,0,59
1,0,23
1,0,25
1,0,30
2,0,51
1,8462,55
2,0,60
1,8400,87
1,0,61
1,0,38
1,0,64
1,0,54
1,0,31
1,0,28
2,0,61
1,0,60
1,0,32
1,8489,59
1,8040,35
1,0,45
2,8310,52
2,0,57
1,0,57
1,0,53
1,0,47
1,0,54
1,0,37
1,0,84
1,0,33
0,0,27
1,8424,54
1,8157,59
1,0,32
1,0,60
1,8130,42
1,8330,48
2,0,40
1,0,57
2,0,87
2,0,72
1,0,29
2,8190,42
1,0,31
2,0,60
1,0,28
1,0,48
1,0,29
1,0,27
1,0,28
1,0,33
2,0,33
1,0,37
1,0,65
1,0,87
1,0,72
1,8404,29
1,0,24
1,0,37
1,0,84
2,8188,26
1,0,51
1,0,33
1,0,60
1,8490,47
2,0,37
2,0,84
1,0,36
1,0,60
1,0,53
1,0,60
1,0,30
1,8098,25
2,0,59
1,0,28
1,0,50
1,0,47
1,0,53
1,0,36
1,0,51
1,0,30
1,8114,61
1,0,45
1,0,56
1,0,36
1,0,36
1,8312,52
1,0,56
1,8493,22
1,0,28
1,0,58
1,0,39
1,0,84
1,8289,34
1,0,24
1,0,54
1,0,42
1,0,58
1,0,50
0,0,46
1,0,41
1,0,44
1,0,29
1,0,42
1,0,41
1,0,64
1,8068,26
1,0,59
1,8433,36
2,0,28
1,0,61
1,8392,36
2,0,43
1,0,30
1,8015,41
1,8015,74
1,0,32
1,0,46
1,8170,36
1,8409,40
2,0,27
2,8096,40
2,8096,74
1,0,26
1,0,73
1,0,24
1,0,77
1,0,46
2,0,54
1,8426,44
2,8313,45
1,0,25
1,0,54
1,0,79
1,0,54
2,0,56
2,0,56
1,0,40
1,0,71
1,0,60
1,0,58
1,8147,87
1,8147,72
2,8201,37
2,8201,75
1,8435,35
1,8435,69
1,0,43
1,0,71
1,0,55
0,0,23
1,0,58
1,0,37
1,0,35
1,0,26
1,0,25
1,8382,46
1,8382,73
1,0,38
1,8122,61
1,8375,87
2,0,60
1,0,59
1,0,53
1,0,40
0,0,60
0,0,59
0,0,51
0,0,48
0,151,29
0,0,23
0,0,45
0,263,22
0,0,37
0,0,65
0,622,56
0,0,46
0,0,58
0,420,29
0,0,41
0,0,48
0,0,53
0,0,57
0,0,76
0,0,35
0,534,52
0,0,25
0,0,58
0,0,54
0,0,60
0,0,55
0,0,23
0,0,39
0,0,64
0,0,78
0,0,30
0,0,53
0,0,50
0,0,71
0,0,40
0,0,84
0,0,56
0,0,70
0,0,23
0,162,28
0,0,32
0,0,40
0,0,84
0,0,56
0,0,51
0,0,21
0,0,29
0,0,49
0,477,61
0,477,70
0,477,21
0,573,59
0,0,55
0,0,23
0,0,47
0,0,60
0,0,44
0,0,54
0,172,31
0,0,29
0,0,32
0,0,77
0,0,38
0,0,65
0,0,70
0,701,25
0,0,57
0,0,38
0,0,65
0,0,47
0,0,27
0,0,29
0,54,35
0,0,33
0,0,55
0,723,44
0,704,36
0,704,76
0,0,51
0,0,44
0,0,51
0,0,78
0,0,49
0,0,52
0,0,40
0,0,65
0,0,36
0,177,42
0,0,51
0,0,70
0,0,45
0,0,76
0,432,47
0,432,79
0,0,57
0,0,36
0,655,48
0,0,30
0,0,70
0,0,24
0,0,45
0,526,30
0,0,41
0,0,64
0,0,30
0,0,24
0,409,55
0,84,47
0,0,58
0,0,72
0,568,22
0,0,42
0,0,59
0,0,55
0,0,26
0,0,49
0,0,61
0,0,25
0,0,58
0,0,27
0,0,27
0,0,34
0,128,57
0,0,35
0,0,25
0,0,27
0,0,46
0,382,44
0,0,48
0,0,42
0,0,29
0,355,32
0,355,74
0,0,52
0,642,46
0,0,38
0,0,84
0,0,44
0,0,32
0,0,30
0,0,36
0,0,77
0,0,26
0,0,41
0,0,84
0,0,38
0,0,65
0,251,24
0,0,38
0,0,84
0,0,54
0,0,46
0,0,79
0,0,38
0,0,64
0,0,71
0,121,35
0,0,51
0,0,55
0,0,72
0,548,28
0,548,79
0,323,60
0,323,69
0,0,40
0,0,63
0,0,39
0,0,65
0,0,57
0,0,37
0,0,64
0,0,69
0,0,24
0,0,59
0,0,24
0,0,37
0,0,84
0,0,54
0,794,32
0,794,76
0,0,26
0,746,40
0,746,63
0,746,20
0,0,60
0,0,71
0,0,53
0,0,33
0,0,39
0,0,63
0,0,56
0,502,37
0,502,84
0,0,23
0,0,43
0,0,34
0,0,29
0,0,23
0,285,50
0,285,75
0,205,52
0,0,51
0,525,43
0,0,59
0,556,44
0,0,44
0,295,46
0,0,40
0,0,65
0,0,32
0,0,76
0,0,60
0,0,69
0,0,39
0,0,64
0,0,79
0,26,48
0,26,69
0,1,28
0,0,50
0,643,61
0,0,44
0,0,70
0,0,30
0,0,53
0,0,48
0,0,59
0,0,38
0,0,84
0,0,40
0,0,84
0,0,32
0,0,70
0,0,42
0,0,44
0,0,44
0,88,55
0,88,72
0,574,52
0,502,37
0,502,65
0,0,57
0,0,59
0,0,54
0,0,29
0,0,52
0,0,59
0,0,41
0,0,65
0,574,50
0,0,57
0,0,55
0,0,56
0,0,49
0,0,30
0,0,26
0,0,70
0,769,42
0,0,52
0,0,73
0,377,31
0,0,34
0,0,28
0,0,73
0,0,23
0,0,47
0,0,37
0,0,84
0,0,70
0,0,27
0,396,26
0,0,45
0,0,45
0,669,59
0,634,24
0,634,79
0,0,40
0,0,65
0,0,60
0,0,25
0,0,36
0,0,41
0,0,65
0,0,73
0,0,28
0,0,51
0,0,74
0,520,61
0,674,61
0,0,42
0,765,41
0,765,64
0,564,59
0,0,58
0,0,71
0,0,33
0,0,57
0,0,26
0,0,45
0,0,22
0,0,70
0,0,49
0,0,45
0,0,33
0,0,36
0,0,73
0,0,57
0,0,57
0,0,30
0,0,42
0,0,27
0,0,39
0,0,63
0,0,45
0,0,51
0,0,75
0,0,36
0,0,33
0,0,31
0,0,27
0,0,48
0,0,76
0,0,23
0,0,59
0,0,78
0,0,58
0,141,34
0,0,51
0,718,24
0,698,45
0,698,78
0,0,44
0,0,41
0,0,63
0,0,76
0,0,22
0,0,52
0,0,39
0,0,84
0,0,75
0,0,28
0,0,58
0,0,60
0,0,79
0,0,35
0,0,73
0,0,23
0,309,49
0,0,37
0,0,65
0,0,42
0,0,41
0,0,84
0,0,71
0,0,22
0,0,71
0,0,35
0,0,22
0,342,38
0,342,65
0,0,27
0,0,46
0,765,52
0,0,27
0,0,29
0,302,29
0,0,50
0,0,37
0,0,64
0,0,61
0,0,58
0,0,59
0,163,28
0,498,55
0,0,39
0,0,64
0,100,22
0,100,79
0,0,28
0,0,35
0,0,59
0,516,48
0,0,42
0,558,31
0,340,27
0,0,35
0,0,40
0,0,63
0,0,28
0,0,47
0,629,34
0,69,44
0,69,73
0,0,34
0,0,31
0,709,29
0,0,35
0,0,56
0,0,72
0,369,48
0,547,36
0,547,75
0,0,37
0,0,63
0,0,31
0,0,72
0,0,56
0,0,70
0,0,42
0,0,44
0,0,55
0,0,79
0,0,22
0,0,37
0,0,69
2,0,47
1,429,29
2,356,35
1,0,35
1,0,26
1,0,51
1,0,24
1,0,46
1,0,54
1,0,44
1,280,42
2,475,47
2,475,77
1,281,24
1,0,26
1,720,53
1,0,56
2,0,42
2,0,61
2,0,58
1,320,29
1,0,60
1,0,56
1,0,35
1,0,45
1,0,77
1,0,36
2,0,23
1,0,60
1,0,32
1,0,42
1,0,71
1,236,49
2,0,40
1,0,56
0,0,32
1,649,47
2,0,22
2,0,74
0,0,56
1,0,34
1,548,57
1,548,76
1,0,48
1,0,24
1,0,24
1,0,46
1,0,43
1,0,77
0,0,35
1,0,45
1,0,72
1,0,46
1,0,25
2,0,47
2,0,39
2,0,76
1,0,26
1,0,75
2,0,54
1,0,59
2,0,54
1,0,46
1,0,42
1,602,28
2,0,43
1,208,44
0,387,36
0,387,75
0,202,25
0,202,76
1,0,49
1,0,32
1,0,56
1,0,57
1,0,55
1,0,58
1,0,42
1,0,45
0,0,25
2,0,44
0,0,28
0,0,71
1,0,59
1,0,36
1,632,35
1,0,48
1,53,54
1,0,57
1,756,50
1,0,60
1,0,22
2,0,47
2,0,27
1,795,36
2,0,30
2,0,55
2,0,73
1,0,56
1,0,37
1,0,55
1,0,28
1,0,69
1,0,32
2,0,61
0,0,51
0,0,79
1,0,29
1,0,36
1,0,43
1,214,35
1,214,77
1,0,30
1,778,44
2,0,59
2,0,75
2,0,41
0,0,50
1,0,44
1,15,33
1,0,27
1,0,60
2,0,32
2,0,51
1,0,25
2,0,42
1,664,32
1,0,52
0,0,29
2,793,22
1,0,30
0,150,28
2,317,37
2,317,69
1,0,24
1,121,38
2,0,35
2,0,74
2,215,31
2,215,69
1,0,57
2,0,37
2,0,73
1,0,58
1,0,33
1,0,76
1,221,60
1,250,53
2,0,42
1,0,41
1,0,84
2,0,24
1,0,51
1,0,26
1,199,49
1,0,22
1,0,51
2,0,35
2,0,51
2,767,30
2,767,74
2,0,39
2,0,84
1,0,44
1,0,26
0,0,59
2,0,43
2,0,33
0,0,35
2,0,59
2,0,61
2,66,58
2,66,75
1,0,34
1,0,79
1,0,47
0,0,36
1,328,26
2,699,28
1,0,52
1,0,76
1,118,61
1,0,29
1,0,43
1,0,60
1,183,61
1,0,42
2,0,30
1,107,36
1,224,48
1,0,41
1,0,63
1,0,57
1,0,24
1,0,47
0,652,22
1,0,57
1,0,27
1,0,75
2,0,23
1,117,39
1,117,64
1,0,45
1,0,72
1,0,30
1,0,77
1,0,31
2,0,61
1,197,29
1,0,37
1,0,25
1,631,32
1,0,46
2,33,35
1,395,35
0,0,31
0,0,72
1,0,57
1,0,75
2,0,38
2,0,57
1,0,36
1,0,44
2,695,53
2,0,48
2,0,72
1,437,23
0,493,39
0,651,24
0,651,73
0,0,29
1,0,43
1,0,70
1,0,60
1,0,45
2,0,54
2,182,30
2,523,41
1,0,31
0,0,54
0,0,26
0,0,69
0,5443,56
0,0,59
0,0,78
0,0,42
0,0,87
0,0,36
0,0,55
0,5124,41
0,5124,64
0,5124,70
0,5941,38
0,5941,63
0,0,32
0,0,31
0,0,36
0,0,54
0,0,47
0,0,52
0,0,43
0,0,60
0,0,29
0,0,28
0,5737,28
0,0,32
0,0,25
0,0,43
0,0,37
0,0,84
0,0,78
0,0,76
0,0,49
0,0,54
0,5357,28
0,5651,43
0,0,58
0,5782,52
0,5782,78
0,5772,26
0,0,33
0,0,37
0,0,63
0,0,55
0,5306,47
0,5830,22
0,0,46
0,0,35
0,5722,57
0,0,48
0,5520,44
0,5520,74
0,0,41
0,0,63
0,5437,41
0,5437,84
0,0,52
0,5847,42
0,0,50
0,0,29
0,5791,44
0,5204,31
0,5204,72
0,0,61
0,0,79
0,0,71
0,0,48
0,0,39
0,0,64
0,0,22
0,0,40
0,0,84
0,0,36
0,5782,55
0,5865,40
0,5865,65
0,5865,70
0,0,44
0,5401,56
0,0,60
0,0,36
0,0,35
0,0,46
0,0,48
0,0,52
0,0,26
0,0,44
0,0,29
0,0,39
0,0,65
0,5297,61
0,0,47
0,0,35
0,0,74
0,0,45
0,0,24
0,0,76
0,5131,30
0,5906,37
0,5906,64
0,0,40
0,0,63
0,5425,54
0,0,59
0,0,36
0,5408,22
0,5670,44
0,5670,71
0,0,59
0,5717,43
0,0,56
0,5418,41
0,5418,64
0,0,23
0,0,50
0,0,75
0,0,36
0,0,71
0,5642,43
0,0,47
0,5879,61
0,5470,41
0,5470,63
0,0,54
0,0,73
0,5580,33
0,0,24
0,0,40
0,0,84
0,0,54
0,0,32
0,0,44
0,5522,56
0,0,42
0,0,41
0,0,65
0,0,72
0,5797,27
0,5923,22
0,0,38
0,0,64
0,0,48
0,0,54
0,0,69
0,0,40
0,0,84
0,0,75
0,0,32
0,5675,45
0,0,36
0,5425,87
0,5425,76
0,0,56
0,0,53
0,0,50
0,0,34
0,0,76
0,0,41
0,0,63
0,0,52
0,5704,23
0,0,42
0,0,87
0,0,79
0,0,57
0,5148,33
0,0,24
0,0,74
0,0,55
0,0,27
0,5143,87
0,5767,45
0,0,54
0,0,40
0,0,64
0,0,76
0,5309,45
0,0,53
0,5880,27
0,0,28
0,0,73
0,0,31
0,5419,42
0,5204,36
0,0,34
0,0,35
0,0,77
0,0,45
0,0,73
0,5929,59
0,0,28
0,5196,61
0,5245,26
0,5245,74
0,0,61
0,5290,53
0,0,51
0,0,45
0,0,76
0,5380,41
0,5380,64
0,0,48
0,0,87
0,0,40
0,0,84
0,0,77
0,0,54
0,0,34
0,0,60
0,0,33
0,0,23
0,0,53
0,0,75
0,0,35
0,0,55
0,0,50
0,0,31
0,0,36
0,0,37
0,0,65
0,0,76
0,0,39
0,0,84
0,0,55
0,0,79
0,5506,30
0,0,31
0,0,29
0,0,60
0,0,56
0,0,39
0,0,65
0,0,29
0,0,87
0,5640,22
0,0,32
0,0,73
0,0,26
0,0,22
0,5770,48
0,0,54
0,0,28
0,0,24
0,0,76
0,0,32
0,0,77
0,0,46
0,0,58
0,0,40
0,0,65
0,0,57
0,0,49
0,5848,45
0,0,41
0,0,63
0,5623,61
0,5687,42
0,0,45
0,5592,40
0,5592,84
0,5592,75
0,0,27
0,0,46
0,0,40
0,0,64
0,0,39
0,0,84
0,5198,43
0,0,57
0,5330,53
0,0,55
0,0,55
0,0,26
0,5686,32
0,0,56
0,0,24
0,0,35
0,5527,45
0,5527,76
0,0,45
0,5495,38
0,5495,65
0,5046,25
0,0,35
0,0,27
0,0,74
0,0,32
0,5048,54
0,5048,75
0,5244,44
0,5928,42
0,0,61
0,0,48
0,0,36
0,0,56
0,5775,29
0,0,51
0,5163,48
0,5579,50
0,0,26
0,0,70
0,5855,61
0,0,55
0,0,55
0,0,36
0,5462,45
0,0,33
0,0,76
0,5270,23
0,0,34
0,0,36
0,0,25
0,0,87
0,0,27
0,0,56
0,0,87
0,0,48
0,0,42
0,5882,45
0,0,32
0,0,28
1,0,26
0,5333,54
1,0,22
1,0,42
1,0,41
1,0,63
1,5079,34
0,0,38
0,0,84
0,0,37
0,0,65
1,5594,48
1,5161,38
1,5161,64
0,0,58
1,0,52
1,0,70
0,0,49
1,0,58
1,5062,41
1,5062,63
0,0,53
1,5234,40
1,5234,65
1,0,24
1,5744,41
1,5744,84
0,0,38
0,0,64
1,5235,22
1,0,32
1,0,87
1,5696,31
0,5442,59
0,5442,77
0,5420,48
0,0,23
1,0,29
0,0,23
1,0,87
1,0,53
1,0,34
1,0,54
2,0,37
2,0,84
1,0,42
1,0,27
0,0,36
1,0,43
1,0,61
1,0,33
1,0,69
1,0,28
2,5944,43
1,0,22
0,0,31
1,0,58
1,0,72
1,0,30
1,0,28
1,0,32
1,0,40
1,0,63
1,0,57
1,5405,35
1,0,37
1,0,84
2,0,27
1,0,28
0,0,33
0,0,74
1,0,51
0,5072,31
1,0,30
1,5930,33
1,0,35
1,0,61
1,0,38
1,0,65
1,5607,57
1,5745,60
2,0,47
1,0,30
1,5456,39
1,5456,63
1,5456,78
1,5326,40
1,5326,65
1,0,29
1,0,28
0,0,49
1,0,49
1,0,27
0,0,51
0,0,47
1,0,52
1,0,78
1,0,43
1,0,34
1,0,46
1,0,55
1,0,38
1,0,65
1,0,49
2,5821,52
1,5933,41
1,5933,84
2,0,46
1,5236,87
1,0,47
1,0,60
1,0,29
2,0,39
2,0,63
1,0,60
1,0,78
1,0,58
1,0,36
1,0,41
1,0,63
1,5601,57
1,0,39
1,0,84
2,0,25
0,0,53
1,5752,47
1,0,36
1,5222,54
1,5151,53
1,5151,70
1,0,57
1,0,76
1,0,40
1,0,64
1,0,32
1,0,48
1,5364,25
1,0,57
1,0,34
1,5471,31
2,0,58
1,5703,36
1,5674,41
1,5674,84
1,5674,70
1,0,32
1,0,34
1,0,31
1,0,57
1,0,51
1,0,55
1,5642,26
1,0,45
1,0,51
1,0,50
1,5867,33
0,5753,56
0,0,30
1,0,25
1,0,59
1,5154,47
1,5270,46
1,0,30
1,0,33
0,5009,32
1,0,29
2,0,32
0,5473,29
0,5473,71
1,5554,49
1,0,49
1,0,76
1,0,40
1,0,63
1,0,23
2,0,39
2,0,65
1,0,59
1,0,79
1,0,61
1,5674,32
1,5674,79
1,0,31
1,0,59
1,0,41
1,0,64
1,0,73
1,5025,60
1,5025,75
1,0,87
1,5096,37
1,5096,64
0,0,52
1,0,47
0,0,55
0,0,75
0,0,35
1,5632,36
1,5632,75
1,0,50
1,0,36
0,0,29
1,5233,50
1,5233,69
1,0,60
1,0,24
1,0,51
1,0,23
1,0,49
1,0,33
1,0,24
1,0,59
1,0,40
1,0,63
1,0,57
1,0,59
1,0,31
1,0,32
1,0,53
1,5124,56
1,5124,76
0,0,24
1,0,42
1,5267,23
1,0,58
1,0,32
1,0,72
1,0,57
0,0,33
0,0,69
0,8484,26
0,0,57
0,0,55
0,0,78
0,0,87
0,0,73
0,0,72
0,0,87
0,0,69
0,0,72
0,0,39
0,8370,60
0,8370,75
0,0,37
0,0,50
0,0,58
0,8348,24
0,8348,75
0,0,87
0,0,72
0,0,87
0,0,72
0,8067,43
0,8067,69
0,0,22
0,0,69
0,0,44
0,8106,60
0,8106,78
0,0,57
0,0,71
0,8383,46
0,8383,77
0,0,51
0,0,43
0,0,74
0,0,27
0,0,71
0,8186,22
0,0,53
0,0,71
0,8378,39
0,8378,84
0,8378,79
0,0,35
0,0,32
0,0,70
0,0,54
0,0,74
0,8051,41
0,8051,84
0,8051,70
0,0,51
0,0,58
0,0,26
0,0,74
0,0,48
0,0,71
0,0,52
0,0,75
0,0,29
0,0,54
0,0,73
0,8279,51
0,0,31
0,0,77
0,0,54
0,8415,56
0,8033,71
0,8488,71
0,0,51
0,0,70
0,0,23
0,0,75
0,0,43
0,0,74
0,8097,40
0,0,87
0,0,70
0,0,72
0,0,33
0,0,72
0,8110,58
0,8146,37
0,8146,84
0,8146,77
0,0,49
0,0,79
0,8000,26
0,8000,77
0,0,44
0,0,47
0,0,70
0,8031,53
0,0,60
0,0,73
0,0,61
0,0,70
0,8071,44
0,8071,76
0,0,55
0,0,74
0,0,35
0,0,78
0,0,24
0,0,76
0,0,24
0,0,72
0,0,45
0,0,78
0,0,26
0,0,69
0,0,26
0,0,73
0,0,35
0,0,73
0,0,41
0,0,79
0,0,58
0,0,50
0,0,70
0,8427,30
0,0,58
0,0,71
0,0,25
0,0,27
0,0,22
0,0,74
0,0,51
0,0,75
0,0,51
0,0,79
0,0,47
0,0,61
0,0,78
0,0,37
0,0,63
0,0,78
0,0,32
0,0,45
0,0,79
0,0,61
0,0,75
0,0,44
0,8161,29
0,0,58
0,0,70
0,0,49
0,0,78
0,0,49
0,0,77
0,8079,55
0,8079,73
0,0,39
0,0,64
0,0,76
0,0,52
0,0,75
0,0,39
0,0,78
0,8039,56
0,8039,78
0,0,37
0,0,63
0,8162,54
0,8162,77
0,0,58
0,0,75
0,0,27
0,0,69
0,0,31
0,8146,53
0,8146,69
0,0,46
0,0,58
0,0,70
0,0,58
0,0,71
0,0,33
0,0,76
0,0,40
0,0,63
0,8260,27
0,8260,74
0,0,59
0,0,87
0,0,77
0,0,72
0,0,34
0,0,70
0,8009,29
0,8009,77
0,8262,42
0,8262,69
0,0,45
0,0,78
0,0,22
0,0,74
0,0,51
0,8469,49
0,8469,70
0,0,24
0,0,77
0,0,39
0,0,64
0,0,76
0,8009,37
0,8009,63
0,8009,76
0,0,35
0,8077,46
0,8077,74
0,8303,28
0,0,28
0,0,25
0,0,76
0,0,49
0,0,69
0,0,25
0,8227,60
0,8227,72
0,0,46
0,0,75
0,0,33
0,0,77
0,0,40
0,8349,41
0,8349,64
0,8349,71
0,8075,51
0,0,38
0,0,72
0,0,41
0,0,65
0,0,31
0,0,79
0,0,31
0,0,36
0,8001,40
0,8174,42
0,0,57
0,0,41
0,0,84
0,0,73
0,0,37
0,0,63
0,0,32
0,0,29
0,0,47
0,8123,87
0,0,31
0,0,49
0,0,79
0,0,34
0,0,74
0,0,51
0,0,23
0,0,26
0,0,47
0,8019,40
0,8019,65
0,8037,58
0,8465,34
0,8286,45
0,8286,79
0,8424,57
0,8138,34
0,0,22
0,0,74
0,0,26
0,0,54
0,8285,50
0,0,53
0,0,75
0,0,56
0,8196,44
0,8379,38
0,8379,64
0,8379,21
0,0,38
0,0,64
0,0,87
0,0,72
0,0,27
0,0,44
0,0,33
0,0,71
0,0,33
0,0,39
0,0,63
0,0,57
0,0,47
0,0,50
0,0,48
0,0,39
0,0,49
0,0,46
0,0,22
0,0,52
0,0,58
0,0,35
0,0,30
0,0,26
0,8488,59
0,0,27
0,0,20
0,0,60
0,0,87
0,0,72
0,8335,25
0,8296,55
0,0,61
0,0,56
0,0,50
0,0,26
0,8459,41
0,8459,64
0,0,40
0,0,22
0,0,24
0,0,57
0,0,87
0,0,42
0,8013,58
0,8123,38
0,8123,64
0,0,60
0,0,44
0,0,32
0,0,55
0,0,40
0,0,61
0,8341,48
0,0,36
0,0,35
0,0,43
0,0,40
0,0,84
0,0,36
0,0,34
0,0,35
0,0,49
0,0,54
0,0,48
0,0,37
0,0,47
0,0,42
0,0,43
0,0,56
0,0,49
0,0,57
0,0,59
0,0,39
0,0,65
0,0,37
0,0,61
0,0,87
0,0,43
0,0,43
0,8452,22
0,0,31
0,8177,45
0,0,87
0,0,47
0,0,44
0,0,25
0,8243,29
0,0,36
0,0,39
0,0,84
0,0,45
0,0,49
0,0,32
0,0,41
0,0,63
0,0,29
0,0,39
0,0,63
0,0,24
0,0,28
0,0,36
0,0,54
0,8419,42
0,8472,45
0,8288,55
0,8206,46
0,0,24
0,0,40
0,0,63
0,0,39
0,0,84
0,0,59
0,0,42
0,8128,49
0,0,47
0,0,43
0,0,43
0,0,32
0,8118,30
0,0,27
0,0,27
0,0,37
0,0,64
0,0,61
0,0,59
0,0,22
0,0,32
0,0,26
0,8245,59
0,8472,31
0,8434,26
0,0,43
0,0,46
0,0,56
0,0,59
0,0,57
0,0,25
0,0,28
0,0,47
0,0,52
0,0,22
0,0,55
0,0,37
0,0,64
0,8315,53
0,8185,47
0,0,45
0,0,49
0,8085,38
0,8085,64
0,0,40
0,0,42
0,0,48
0,8149,31
0,0,50
0,0,26
0,0,37
0,0,40
2,0,54
0,8037,87
0,8037,72
1,0,87
1,0,72
0,0,33
1,0,44
0,0,25
1,0,87
2,0,32
1,0,87
1,0,72
2,0,28
1,0,41
1,0,65
2,8312,29
1,0,31
1,0,87
2,0,38
2,0,65
1,8154,56
1,0,52
1,0,87
1,0,72
1,0,29
2,0,32
2,0,37
2,0,84
1,8367,25
2,8307,37
1,0,54
1,8031,32
0,0,43
1,0,45
1,8429,87
1,8429,72
1,0,24
1,0,50
1,0,28
1,0,27
1,0,51
1,0,58
1,8382,46
1,0,56
2,0,87
1,0,52
1,0,87
1,0,72
2,8100,28
1,8016,42
1,0,41
1,0,25
2,8124,56
2,0,22
1,8162,23
1,0,56
1,8030,54
1,0,56
1,0,39
1,8310,31
1,8101,61
2,0,44
1,0,51
1,8254,32
0,0,61
1,8460,30
2,0,57
1,0,42
1,0,52
1,8328,29
2,0,61
2,0,33
1,8309,57
1,0,58
2,0,31
1,0,33
2,8051,23
1,0,39
1,0,65
1,0,38
1,0,84
1,0,61
1,0,47
1,0,40
1,0,64
1,0,27
1,8474,87
1,8474,72
2,0,25
2,8053,23
0,8071,48
2,0,59
1,0,33
2,0,44
1,8385,56
1,8040,45
1,0,87
1,0,72
2,0,57
1,8311,22
1,0,24
2,0,52
1,0,60
1,8402,43
2,8064,56
1,0,53
1,0,39
1,0,84
1,0,37
1,0,65
1,0,32
1,0,46
1,8441,22
1,0,60
1,8130,48
2,8441,56
1,0,22
1,0,30
1,8059,87
1,8059,72
1,0,50
1,0,24
1,0,32
1,0,52
1,0,28
1,0,49
1,8500,25
2,0,29
2,0,78
1,0,33
2,8452,61
1,8488,59
2,0,39
1,0,39
1,0,27
1,0,37
1,0,65
1,0,44
1,0,56
1,0,29
1,0,55
0,0,55
0,0,69
1,0,48
1,0,29
1,0,73
1,8206,33
1,8206,71
1,0,51
2,0,23
2,0,47
1,0,40
1,0,49
0,0,43
1,8088,22
1,8088,73
1,0,55
1,0,75
2,8175,60
1,8261,44
2,0,39
2,0,63
1,0,57
1,0,28
1,0,79
1,0,57
1,0,41
1,0,76
1,0,30
1,8256,26
1,0,43
1,0,27
1,8113,52
1,8467,87
1,8467,72
1,0,41
1,0,84
1,8052,43
1,8414,45
1,0,41
2,8162,40
1,0,33
1,0,29
2,8092,31
2,0,37
2,0,55
0,120,55
0,0,40
0,0,74
0,0,48
0,0,78
0,378,41
0,378,84
0,353,33
0,353,71
0,0,58
0,142,29
0,618,45
0,0,54
0,0,45
0,0,72
0,760,43
0,247,43
0,0,41
0,0,63
0,149,29
0,196,40
0,196,84
0,792,45
0,281,54
0,281,70
0,0,57
0,0,53
0,0,79
0,0,38
0,0,65
0,0,26
0,0,59
0,0,26
0,0,70
0,0,25
0,695,51
0,0,48
0,0,52
0,0,26
0,0,55
0,473,25
0,473,78
0,0,57
0,0,54
0,412,23
0,0,31
0,0,31
0,379,58
0,0,43
0,0,37
0,213,42
0,0,48
0,0,33
0,557,44
0,557,71
0,0,57
0,420,59
0,420,76
0,717,24
0,0,58
0,0,25
0,0,29
0,0,74
0,221,41
0,221,63
0,221,72
0,0,58
0,0,49
0,0,40
0,0,65
0,0,74
0,0,44
0,0,75
0,0,59
0,0,36
0,0,61
0,141,55
0,734,26
0,0,61
0,0,56
0,0,78
0,192,39
0,192,63
0,377,47
0,0,35
0,0,79
0,381,40
0,381,84
0,381,69
0,0,59
0,0,75
0,641,57
0,276,51
0,276,76
0,0,41
0,0,65
0,0,23
0,193,37
0,193,77
0,493,61
0,0,48
0,796,38
0,0,45
0,608,52
0,0,34
0,0,45
0,0,33
0,0,75
0,514,56
0,514,74
0,449,60
0,256,60
0,0,40
0,289,41
0,289,79
0,0,45
0,0,33
0,0,75
0,0,46
0,0,72
0,642,23
0,642,76
0,0,31
0,0,69
0,660,24
0,0,23
0,0,35
0,0,71
0,764,34
0,0,33
0,0,78
0,0,58
0,0,72
0,0,22
0,0,52
0,130,32
0,130,72
0,0,50
0,0,71
0,0,28
0,0,78
0,635,44
0,196,25
0,0,61
0,411,30
0,210,56
0,210,74
0,0,61
0,0,78
0,0,35
0,185,31
0,279,61
0,0,58
0,0,79
0,0,34
0,20,29
0,0,57
0,0,71
0,307,54
0,0,57
0,705,45
0,654,59
0,654,77
0,368,32
0,368,72
0,0,34
0,659,36
0,659,77
0,9,35
0,75,24
0,75,79
0,0,33
0,191,57
0,191,74
0,0,33
0,0,47
0,0,36
0,0,74
0,0,25
0,554,25
0,0,50
0,0,28
0,221,24
0,221,74
0,0,54
0,0,50
0,0,40
0,0,58
0,782,61
0,0,46
0,0,73
0,318,35
0,723,60
0,0,53
0,0,54
0,275,60
0,510,26
0,510,69
0,0,61
0,0,77
0,0,55
0,0,39
0,0,84
0,0,23
0,0,52
0,0,74
0,0,36
0,0,60
0,0,44
0,0,29
0,305,52
0,586,51
0,586,76
0,0,51
0,588,27
0,727,58
0,727,72
0,324,55
0,324,76
0,0,24
0,25,57
0,0,33
0,293,50
0,0,60
0,0,75
0,0,24
0,0,28
0,0,60
0,0,38
0,0,63
0,0,28
0,0,38
0,0,65
0,0,27
0,0,72
0,480,61
0,0,38
0,0,63
0,356,51
0,356,74
0,665,59
0,665,79
0,0,59
0,0,31
0,391,45
0,391,76
0,734,28
0,734,78
0,0,55
0,278,54
0,0,25
0,0,60
0,0,28
0,731,25
0,731,77
0,0,23
0,0,72
0,0,22
0,0,75
0,0,40
0,0,64
0,0,56
0,0,69
0,697,60
0,697,72
0,0,32
0,0,77
0,0,51
0,0,51
0,0,54
0,0,48
0,0,47
0,0,35
0,0,41
0,0,65
0,0,75
0,0,20
0,0,53
0,0,45
0,0,51
0,0,70
0,0,48
0,319,27
0,183,71
0,0,71
0,53,71
0,0,71
0,0,71
0,0,71
0,0,71
0,0,71
0,0,55
0,0,78
0,193,61
0,458,33
0,498,42
0,498,77
0,0,29
0,0,71
0,0,61
0,0,71
0,0,24
0,0,58
0,0,43
0,0,54
0,0,79
0,796,56
0,796,77
0,307,27
0,307,74
0,0,47
0,0,79
0,265,31
0,0,58
0,0,74
0,221,42
0,221,75
0,0,23
0,0,77
0,555,30
0,0,31
0,0,23
0,0,69
0,0,25
0,298,36
0,0,43
0,0,31
0,0,72
0,0,52
0,0,72
0,0,39
0,0,64
0,0,77
0,135,51
0,65,45
0,794,24
0,794,72
0,0,61
0,0,74
0,0,25
0,0,69
0,0,23
0,0,53
0,0,34
0,0,43
0,678,34
0,0,41
0,0,65
0,0,61
0,0,25
0,55,58
0,404,25
1,0,22
1,0,53
1,430,41
1,430,64
1,0,22
1,555,57
1,555,74
1,0,42
1,0,76
1,0,46
1,0,46
1,0,70
0,0,44
0,0,78
2,624,45
2,624,70
2,0,37
1,92,22
2,686,35
1,0,61
1,0,77
1,0,36
1,0,79
1,0,50
1,786,27
1,786,77
1,0,42
1,0,78
2,45,36
1,0,57
1,96,58
1,96,74
1,0,55
1,0,79
2,0,36
2,0,69
2,0,21
2,89,50
2,89,77
2,28,44
2,28,75
1,194,57
0,567,23
0,567,73
1,0,52
1,0,79
2,598,23
2,598,19
2,25,59
2,25,69
1,0,36
2,0,53
1,0,27
1,0,72
1,0,39
1,0,65
1,420,51
1,0,57
1,0,77
2,101,30
2,101,78
2,0,56
2,0,26
1,104,59
1,104,75
1,0,58
1,541,47
1,541,72
1,531,53
1,0,53
1,0,35
1,0,77
1,0,55
1,0,76
1,0,50
1,0,76
1,0,44
2,504,57
2,504,71
1,0,38
1,0,64
1,771,50
1,771,73
1,0,24
1,0,70
1,0,52
1,354,29
0,0,53
1,423,57
1,423,74
1,0,31
1,0,69
2,0,48
0,0,58
0,0,74
1,0,29
1,479,27
1,479,73
1,0,37
1,0,74
1,0,52
2,0,40
2,0,84
1,0,45
1,159,42
2,0,42
2,0,72
1,375,50
2,0,22
2,0,74
1,0,37
1,0,43
1,654,23
0,0,45
1,0,33
1,0,71
2,0,29
2,0,77
1,0,36
2,0,54
2,0,72
1,0,32
1,0,42
2,0,33
1,0,32
1,0,43
1,0,26
1,225,37
0,0,50
2,0,29
1,0,60
2,0,42
2,0,73
1,0,55
1,0,73
2,708,42
0,527,23
1,444,49
1,0,26
0,0,38
0,0,63
1,22,39
1,22,65
1,513,60
2,736,23
2,736,69
2,0,23
1,215,53
1,215,74
2,0,44
2,0,78
2,175,32
2,175,73
0,383,23
2,509,37
2,509,75
2,0,49
2,526,26
1,0,55
1,0,45
1,0,54
2,0,25
2,0,71
2,266,45
2,0,40
2,0,65
1,0,49
1,0,75
1,158,27
0,75,59
0,0,44
0,0,70
2,0,56
1,663,32
1,663,72
1,669,58
1,669,70
1,0,53
1,0,77
0,0,37
0,0,69
1,784,52
1,784,78
2,0,30
2,0,71
1,0,25
1,0,71
2,0,58
1,0,54
0,649,27
1,438,31
1,510,46
1,0,48
1,289,55
1,606,45
1,0,36
1,0,70
1,0,40
1,0,72
1,0,55
1,0,54
1,0,72
1,0,46
1,0,69
1,0,61
1,0,28
1,0,29
1,0,53
1,0,79
1,319,55
1,319,71
0,548,23
1,0,50
1,752,27
1,752,74
1,0,50
1,0,27
2,323,52
1,368,25
1,0,36
1,0,36
1,0,78
1,564,23
1,564,70
2,85,57
2,85,73
1,88,23
0,0,46
1,3,49
1,3,77
1,403,32
1,403,73
1,0,51
1,0,72
1,93,61
1,93,69
1,229,29
1,229,70
1,0,36
1,749,36
1,519,43
1,519,72
1,338,40
0,62,57
0,62,74
1,207,26
1,207,77
0,47,22
2,0,26
1,666,22
0,0,37
0,0,63
0,0,57
0,0,31
0,0,79
0,0,33
0,0,44
0,0,39
0,0,84
0,0,73
0,5654,35
0,5728,44
0,5268,22
0,5268,79
0,0,30
0,5857,50
0,0,59
0,0,75
0,0,87
0,0,34
0,0,79
0,5329,30
0,5329,76
0,0,22
0,0,40
0,0,84
0,0,70
0,5220,52
0,5017,56
0,5017,75
0,5627,38
0,5627,84
0,5627,73
0,0,58
0,0,60
0,0,75
0,5613,23
0,5375,37
0,5375,84
0,0,36
0,0,87
0,0,72
0,0,52
0,0,69
0,5431,32
0,0,51
0,5075,33
0,0,38
0,0,63
0,0,70
0,0,87
0,0,77
0,5862,53
0,5862,74
0,0,36
0,0,70
0,0,30
0,0,78
0,0,29
0,0,36
0,0,73
0,0,44
0,0,53
0,0,74
0,0,40
0,0,65
0,5491,30
0,5564,23
0,0,44
0,0,36
0,5548,42
0,5899,51
0,0,47
0,0,29
0,0,69
0,0,53
0,0,41
0,0,64
0,0,40
0,0,84
0,0,56
0,0,79
0,5196,45
0,0,45
0,0,30
0,0,72
0,0,47
0,5721,45
0,0,87
0,0,72
0,0,40
0,0,84
0,0,76
0,0,22
0,0,44
0,0,30
0,0,47
0,0,79
0,0,55
0,0,77
0,5486,40
0,5486,63
0,5486,76
0,5486,77
0,0,45
0,0,41
0,0,63
0,0,70
0,0,32
0,0,60
0,0,46
0,0,74
0,0,43
0,0,52
0,0,77
0,0,40
0,0,64
0,0,72
0,0,33
0,0,38
0,0,65
0,0,50
0,0,53
0,0,53
0,0,72
0,0,36
0,5743,54
0,5743,76
0,0,54
0,0,48
0,0,25
0,0,70
0,0,43
0,0,53
0,5746,57
0,5776,42
0,5667,30
0,5667,70
0,5667,20
0,0,55
0,0,71
0,0,40
0,0,84
0,5870,36
0,5277,43
0,5277,79
0,5425,58
0,5251,60
0,0,47
0,0,55
0,0,70
0,5904,44
0,0,29
0,0,26
0,0,69
0,0,40
0,0,64
0,0,76
0,0,26
0,0,49
0,0,69
0,0,40
0,0,64
0,0,71
0,0,71
0,0,71
0,5485,71
0,0,71
0,0,22
0,0,45
0,5136,87
0,0,60
0,0,32
0,5906,87
0,5906,72
0,5906,69
0,5732,59
0,5732,78
0,5908,36
0,5757,55
0,0,52
0,0,55
0,0,87
0,0,46
0,0,69
0,5354,25
0,5559,87
0,0,87
0,0,76
0,0,44
0,5429,32
0,5760,35
0,5802,52
0,5370,29
0,0,60
0,0,29
0,0,77
0,0,47
0,0,87
0,0,72
0,0,22
0,0,87
0,0,45
0,5578,61
0,0,39
0,0,63
0,5359,87
0,5359,72
0,5271,34
0,0,61
0,0,42
0,0,40
0,0,84
0,0,77
0,0,29
0,0,41
0,0,64
0,0,70
0,0,52
0,0,77
0,0,52
0,0,76
0,0,28
0,0,75
0,5464,48
0,0,30
0,5504,41
0,5504,63
0,5213,44
0,0,31
0,0,28
0,0,76
0,0,56
0,5519,46
0,0,87
0,0,72
0,0,77
0,5263,60
0,0,40
0,0,65
0,0,39
0,0,63
0,5566,45
0,5566,73
0,0,55
0,0,73
0,5164,61
0,0,28
0,0,58
0,0,55
0,0,35
0,0,70
0,5379,41
0,5379,63
0,5379,73
0,0,28
0,5768,33
0,5498,22
0,5498,71
0,0,30
0,0,55
0,0,72
0,0,52
0,0,78
0,0,59
0,5567,38
0,5567,65
0,0,38
0,0,64
0,0,26
0,5825,38
0,5825,65
0,0,87
0,0,41
0,0,65
0,0,87
0,0,72
0,5435,56
0,5435,74
0,5777,55
0,0,26
0,5318,56
0,0,87
0,0,44
0,0,26
0,0,40
0,0,84
0,0,48
0,5331,31
0,5223,30
0,5223,70
0,0,54
0,0,45
0,0,78
0,5851,54
0,5851,75
0,0,37
0,0,84
0,0,47
0,0,46
0,0,36
0,0,22
0,0,60
0,0,41
0,0,65
0,0,78
0,0,27
0,0,23
0,0,74
0,5099,54
0,0,59
0,0,44
0,5826,44
0,5826,72
0,0,46
0,0,31
0,0,51
0,0,53
0,0,42
0,0,48
0,0,35
0,5028,43
0,0,53
0,5654,45
0,0,40
0,0,63
0,0,70
0,0,52
0,0,73
0,5417,45
0,0,43
0,0,30
0,0,76
0,0,57
0,0,77
0,0,52
0,0,70
0,0,33
0,0,32
0,0,74
0,5091,38
0,5091,65
0,5091,73
0,0,40
0,0,65
0,0,35
0,0,69
0,0,60
0,0,77
0,5802,60
0,5802,21
0,0,37
0,0,84
0,0,59
0,0,37
0,0,65
0,0,72
0,0,61
0,0,87
1,5232,38
1,5232,65
1,5232,78
1,0,59
1,0,74
1,0,54
1,0,78
1,5450,26
0,0,30
0,0,74
1,5625,44
1,5625,79
1,0,52
2,0,24
1,0,37
1,0,63
1,5742,49
1,0,61
2,0,37
2,0,63
1,0,45
1,5300,46
1,0,25
1,0,61
0,0,87
0,0,72
1,0,54
1,0,37
1,0,64
1,0,31
1,5390,53
2,0,87
2,0,72
1,0,52
1,0,31
1,0,42
1,0,70
1,5536,31
1,0,44
1,0,54
1,0,33
1,0,57
1,0,26
1,5924,87
1,0,50
1,5392,48
1,5392,70
1,0,41
1,0,63
1,0,71
1,0,40
1,0,84
1,5056,38
1,5056,84
1,5056,75
1,0,23
1,0,73
1,5833,24
1,5833,76
1,0,43
1,5489,31
1,0,57
1,0,25
1,0,75
1,0,36
1,0,73
1,0,32
1,0,44
1,0,69
2,0,47
1,5503,52
1,5503,74
2,0,30
1,0,36
1,5632,34
1,5632,69
1,5632,46
1,0,49
2,0,29
0,5685,54
0,5685,76
1,5465,48
0,0,30
1,0,87
1,0,41
1,0,65
1,0,76
1,0,42
1,5145,30
1,0,46
1,0,41
1,0,84
1,5355,87
1,5355,72
1,5265,49
1,0,42
1,0,77
2,5697,47
1,5503,51
1,5503,72
1,0,41
1,0,63
1,0,33
1,5071,22
1,5301,28
1,0,36
1,0,59
1,0,25
1,5465,39
1,5465,63
1,5217,34
0,0,47
0,0,69
1,5684,27
1,5684,72
1,0,57
1,0,71
1,0,32
1,0,79
0,0,26
1,5400,53
1,5043,45
1,0,43
1,5494,39
1,5494,84
1,0,59
0,0,31
1,0,45
1,5742,22
1,5931,46
1,5931,79
1,0,35
1,0,36
1,5871,53
1,0,24
1,0,44
1,0,79
1,5294,41
1,5294,63
1,0,32
1,0,75
1,0,36
0,0,44
1,5641,37
1,5641,84
1,5213,47
1,0,48
1,0,78
0,5281,60
0,5281,69
1,0,30
1,5371,46
1,0,50
1,0,71
1,5421,22
1,5046,23
1,5046,70
0,0,45
0,0,70
0,5352,87
0,5352,72
1,5656,54
1,0,48
0,0,50
1,0,25
0,0,42
0,0,76
0,5443,42
1,0,55
1,0,29
0,0,49
0,0,74
1,5815,49
1,0,28
1,0,72
1,0,24
1,0,75
1,0,71
1,5667,31
1,0,57
1,5087,51
1,5087,75
1,0,57
1,0,36
1,0,58
1,0,70
0,0,46
1,0,33
1,0,49
1,0,30
0,0,28
0,0,28
0,0,78
0,0,48
0,8417,26
0,0,32
0,0,26
0,8154,54
0,8308,23
0,0,46
0,0,78
0,8144,61
0,0,42
0,0,87
0,0,43
0,0,32
0,0,78
0,0,38
0,0,64
0,0,50
0,0,55
0,8262,34
0,8442,52
0,0,25
0,0,38
0,0,84
0,0,52
0,0,23
0,0,73
0,0,32
0,0,45
0,8059,43
0,8059,70
0,0,43
0,0,39
0,0,65
0,0,55
0,0,28
0,0,60
0,0,44
0,0,61
0,0,42
0,0,35
0,0,75
0,0,45
0,0,73
0,8360,43
0,0,36
0,0,38
0,0,65
0,0,33
0,0,23
0,8024,24
0,0,32
0,0,42
0,0,20
0,0,48
0,0,36
0,0,41
0,0,84
0,8282,30
0,0,54
0,0,44
0,0,35
0,8079,47
0,0,53
0,0,25
0,8137,44
0,0,27
0,0,34
0,0,22
0,0,51
0,8199,53
0,0,45
0,0,51
0,0,57
0,0,76
0,0,53
0,0,47
0,0,71
0,8437,39
0,8437,64
0,0,22
0,8246,50
0,0,54
0,0,45
0,0,59
0,0,38
0,0,65
0,8306,27
0,0,51
0,0,36
0,0,76
0,8350,32
0,8350,70
0,0,60
0,0,30
0,0,25
0,0,52
0,0,52
0,0,73
0,0,29
0,8337,25
0,0,34
0,0,52
0,0,28
0,0,59
0,0,61
0,0,40
0,0,84
0,0,26
0,0,39
0,0,84
0,0,30
0,0,58
0,0,30
0,0,37
0,0,64
0,0,30
0,0,71
0,0,71
0,0,71
0,8165,71
0,0,71
0,0,28
0,0,50
0,0,87
0,0,24
0,0,54
0,0,45
0,0,43
0,8017,56
0,8499,39
0,8499,64
0,0,36
0,0,51
0,8393,40
0,8393,84
0,0,55
0,0,57
0,0,60
0,0,59
0,0,36
0,0,56
0,0,42
0,0,47
0,0,54
0,0,61
0,0,59
0,0,29
0,0,23
0,0,46
0,0,49
0,0,43
0,0,78
0,0,33
0,0,59
0,0,61
0,0,23
0,8058,24
0,0,48
0,0,26
0,0,60
0,0,27
0,8114,33
0,0,48
0,0,39
0,0,84
0,0,29
0,0,72
0,0,40
0,0,84
0,0,29
0,0,33
0,0,39
0,0,63
0,0,33
0,0,50
0,8417,48
0,8323,57
0,0,40
0,0,63
0,0,69
0,0,50
0,0,49
0,0,43
0,0,41
0,0,84
0,0,33
0,0,52
0,0,87
0,0,45
0,0,43
0,0,79
0,0,24
0,0,29
0,0,76
0,0,41
0,0,84
0,8453,53
0,0,42
0,0,33
0,0,56
0,0,78
0,0,56
0,0,48
0,0,50
0,0,36
0,0,34
0,0,55
0,0,78
0,0,23
0,0,71
0,0,49
0,8080,58
0,0,36
0,0,26
0,0,24
0,0,46
0,0,36
0,0,51
0,0,25
0,8500,26
0,0,61
0,0,56
0,0,40
0,0,84
0,0,59
0,0,25
0,0,34
0,0,52
0,0,42
0,0,72
0,0,42
0,0,51
0,8096,52
0,0,43
0,0,22
0,8150,87
0,0,44
0,0,32
0,0,51
0,0,25
0,0,45
0,0,36
0,0,38
0,0,64
0,0,32
0,0,42
0,8171,37
0,8171,63
0,0,52
0,0,61
0,0,24
0,0,61
0,0,60
0,0,22
0,0,52
0,8206,56
0,8061,49
0,0,28
0,0,30
0,8393,59
0,0,47
0,0,47
0,8118,54
0,0,55
0,0,27
0,0,48
0,0,70
0,0,42
0,0,42
0,0,76
0,0,36
0,0,24
0,0,39
0,0,84
0,0,24
0,0,60
0,0,53
0,0,74
0,8329,24
0,0,71
0,8361,25
0,8361,76
0,8183,38
0,8183,64
0,0,48
0,0,26
0,8094,40
0,8094,63
0,8094,75
0,0,56
0,0,46
0,8374,30
0,8299,40
0,8299,65
0,0,52
0,0,57
0,0,31
0,0,24
0,0,27
0,0,71
0,0,55
0,0,73
0,0,41
0,0,84
0,0,22
0,0,23
0,0,55
0,0,79
0,0,48
0,0,40
0,0,65
0,0,60
0,0,46
0,8151,26
0,0,38
0,0,65
0,0,73
0,0,40
0,0,64
0,8297,36
0,0,53
0,0,51
0,0,56
0,0,69
0,8380,35
0,0,49
0,0,69
0,0,22
0,0,44
0,0,79
0,0,29
0,0,52
0,0,48
0,0,27
0,0,61
0,0,77
0,8375,45
0,8375,79
0,8002,39
0,8002,65
0,0,42
2,0,45
1,0,39
1,0,84
1,0,31
1,0,34
1,0,74
1,0,28
2,0,44
2,0,38
2,0,64
1,8187,57
1,0,61
2,0,39
2,0,84
2,0,71
1,0,30
2,0,37
2,0,63
2,0,77
1,0,63
1,0,70
1,0,39
1,0,64
2,8345,38
2,8345,63
1,0,58
1,0,60
1,0,49
1,8190,60
2,0,42
2,8033,38
2,8033,64
1,0,25
2,0,29
2,0,34
1,0,36
2,0,53
1,8432,32
1,8417,22
1,0,46
2,0,32
1,0,36
1,0,52
1,8482,53
1,0,37
1,0,63
1,8480,61
1,8480,71
1,0,61
2,0,54
2,8125,50
1,0,52
2,0,58
1,8403,50
1,0,50
1,0,28
1,0,20
1,0,55
1,0,69
2,0,51
1,8352,51
1,0,59
1,8356,32
1,0,52
1,0,57
1,0,37
1,0,64
0,0,35
0,0,75
1,0,53
1,0,77
1,0,42
2,0,27
1,0,26
1,0,56
2,0,28
1,8153,30
1,0,60
1,0,57
1,0,48
1,0,72
2,0,57
1,0,42
1,0,72
2,0,33
1,0,38
1,0,63
0,0,30
0,0,49
1,0,38
1,0,63
2,0,45
1,8253,47
1,8253,79
2,0,26
2,8263,39
2,8263,65
2,8263,74
1,8222,45
2,0,84
2,0,42
2,8171,36
1,0,31
2,0,28
1,0,25
1,0,79
2,0,53
1,0,44
1,0,72
1,0,36
2,8284,32
1,0,23
1,0,37
1,0,84
1,0,73
1,0,44
1,0,75
1,0,49
1,0,60
2,0,37
2,0,63
2,8101,22
1,0,54
2,0,58
1,8014,24
2,0,58
1,0,46
1,0,28
1,0,26
1,0,24
1,0,61
2,0,31
1,0,55
0,0,39
0,0,84
0,0,69
2,0,24
1,0,61
1,0,45
1,0,47
2,0,26
1,0,46
1,0,39
1,0,63
1,0,26
1,0,78
1,0,56
1,0,25
1,0,71
1,0,87
1,0,31
1,0,23
2,0,60
1,0,28
1,0,58
2,0,61
2,0,72
1,0,26
1,0,72
1,0,46
2,0,57
2,0,51
1,8423,56
0,0,47
2,8384,54
2,8449,32
2,0,55
1,0,49
2,0,46
1,0,26
1,0,51
1,0,35
2,0,57
0,0,42
1,8211,36
2,0,29
1,8048,59
2,0,87
1,8288,33
1,0,58
1,8322,42
1,0,36
1,0,60
1,0,78
1,0,49
1,0,42
1,0,57
1,0,37
1,0,63
2,0,46
2,0,71
2,0,52
1,0,55
1,8184,24
1,8184,74
2,0,52
2,0,30
1,0,30
1,0,76
1,0,22
1,0,52
1,0,26
2,0,28
1,0,44
0,8344,28
2,0,28
0,130,23
0,764,29
0,764,79
0,0,47
0,0,29
0,0,52
0,136,48
0,0,50
0,0,54
0,0,54
0,214,26
0,461,33
0,86,35
0,368,42
0,0,50
0,627,35
0,0,26
0,161,23
0,15,39
0,15,65
0,396,44
0,393,31
0,334,43
0,478,29
0,432,29
0,0,33
0,0,75
0,768,52
0,130,60
0,706,54
0,0,59
0,500,35
0,33,61
0,0,49
0,80,46
0,493,29
0,493,79
0,0,53
0,0,37
0,0,84
0,610,38
0,610,63
0,0,49
0,0,29
0,3,46
0,3,72
0,762,43
0,0,48
0,0,40
0,0,64
0,0,53
0,0,72
0,46,42
0,135,56
0,797,42
0,599,32
0,433,49
0,448,61
0,432,41
0,432,63
0,432,72
0,0,39
0,0,65
0,0,25
0,0,69
0,0,27
0,496,44
0,88,28
0,0,24
0,0,45
0,0,74
0,336,42
0,0,45
0,642,30
0,438,38
0,438,64
0,678,51
0,678,69
0,0,45
0,411,45
0,156,44
0,686,45
0,0,30
0,0,26
0,570,55
0,602,50
0,437,23
0,437,76
0,0,55
0,0,54
0,406,44
0,406,70
0,381,38
0,381,64
0,0,59
0,0,53
0,301,22
0,301,75
0,0,57
0,0,70
0,148,56
0,575,24
0,0,31
0,2,49
0,0,22
0,0,30
0,679,23
0,42,38
0,42,63
0,81,40
0,81,63
0,39,31
0,39,69
0,209,48
0,0,58
0,0,47
0,335,28
0,335,75
0,141,39
0,141,84
0,0,56
0,736,61
0,147,51
0,147,72
0,466,46
0,597,56
0,38,39
0,38,63
0,38,72
0,384,41
0,384,65
0,0,44
0,0,76
0,72,48
0,481,50
0,0,22
0,0,35
0,313,28
0,342,23
0,0,56
0,0,34
0,0,46
0,0,51
0,8,44
0,592,41
0,592,64
0,283,51
0,0,23
0,601,40
0,601,84
0,714,28
0,771,59
0,0,26
0,739,59
0,0,44
0,616,25
0,799,53
0,0,61
0,555,53
0,0,42
0,590,32
0,550,54
0,550,71
0,0,46
0,3,22
0,0,41
0,0,84
0,0,48
0,37,59
0,328,37
0,328,64
0,284,25
0,408,51
0,424,27
0,608,51
0,608,72
0,0,59
0,0,27
0,289,49
0,464,57
0,0,35
0,322,39
0,322,84
0,278,36
0,0,30
0,461,29
0,48,33
0,0,23
0,0,34
0,194,30
0,0,55
0,0,57
0,403,42
0,346,23
0,0,57
0,83,55
0,267,46
0,795,43
0,0,60
0,504,60
0,504,72
0,504,20
0,367,52
0,598,42
0,64,57
0,115,53
0,115,76
0,151,26
0,168,39
0,168,65
0,0,47
0,0,61
0,692,44
0,0,40
0,0,65
0,796,55
0,440,24
0,0,61
0,401,30
0,0,51
0,424,40
0,424,84
0,710,41
0,710,84
0,310,52
0,197,46
0,747,33
0,0,36
0,0,72
0,170,54
0,0,55
0,0,45
0,0,74
0,435,60
0,0,25
0,60,46
0,60,21
0,0,52
0,603,27
0,0,48
0,0,25
0,0,56
0,317,49
0,0,41
0,0,63
0,0,73
0,743,37
0,743,84
0,779,26
0,779,76
0,0,61
0,0,71
0,0,28
0,0,74
0,3,53
0,3,75
0,410,34
0,18,71
0,254,71
0,112,71
0,647,71
0,646,71
0,202,71
0,0,71
0,389,71
0,0,24
0,408,61
1,125,34
1,648,52
1,681,52
1,681,79
0,589,36
1,178,57
1,0,56
2,742,50
1,330,27
2,320,43
0,0,55
1,0,42
2,476,53
2,476,77
1,274,43
2,0,47
1,0,61
1,0,70
2,661,40
2,661,84
2,661,74
1,0,23
2,143,53
1,767,59
1,767,20
0,0,44
2,562,53
1,634,59
1,0,42
1,237,35
0,428,47
0,0,61
0,0,41
0,0,63
2,610,51
2,247,43
1,0,37
1,0,69
1,267,44
1,267,75
1,553,27
2,258,54
2,0,48
1,469,30
1,624,34
1,98,41
0,527,22
1,62,57
1,0,55
1,429,30
1,429,69
0,41,52
1,176,60
2,432,41
1,393,55
1,200,54
1,200,72
2,729,28
1,0,58
1,14,38
1,14,63
1,636,28
1,0,50
1,0,58
1,229,34
0,659,44
1,114,39
1,114,65
1,0,42
0,0,43
0,0,69
1,649,42
1,0,43
1,0,71
0,354,52
0,241,32
1,58,39
1,58,65
1,0,50
0,546,50
2,483,41
2,483,84
1,30,37
1,30,65
1,30,76
1,495,35
1,0,31
1,0,61
2,179,44
1,323,28
1,136,61
1,0,36
1,0,26
2,0,40
2,0,64
1,495,45
1,552,46
2,0,32
2,193,26
1,628,30
1,6,28
1,786,28
1,531,48
1,0,27
1,388,59
1,388,72
1,0,59
1,115,44
1,115,78
0,0,61
1,579,46
1,579,79
2,466,28
1,489,40
1,489,64
2,286,38
2,286,63
0,775,61
1,746,49
2,0,40
2,0,65
1,0,31
2,0,61
1,64,45
2,581,32
2,581,79
2,759,51
1,646,24
2,683,50
2,719,58
1,0,61
2,0,48
2,0,73
1,37,50
2,3,37
2,3,84
1,279,31
1,279,77
1,0,42
1,659,28
1,0,61
1,0,72
1,0,44
1,0,73
1,30,58
2,0,53
1,360,38
1,360,64
2,578,49
1,222,47
1,767,38
1,767,64
0,74,22
1,103,42
1,103,79
2,0,47
2,141,23
1,70,35
2,0,48
1,541,37
1,541,63
2,0,31
0,787,53
1,418,61
2,141,47
0,39,61
1,0,53
1,668,56
1,276,44
1,563,40
1,563,64
2,0,40
2,0,64
1,0,39
1,0,65
1,388,55
1,712,59
1,0,24
0,0,38
0,0,64
1,0,30
0,5343,26
0,5343,71
0,0,27
0,0,71
0,5883,32
0,0,23
0,0,22
0,0,79
0,0,23
0,0,48
0,0,69
0,0,50
0,0,71
0,5304,25
0,0,57
0,0,26
0,0,22
0,0,79
0,0,32
0,0,39
0,0,84
0,0,53
0,0,61
0,0,60
0,0,46
0,0,76
0,0,34
0,5605,26
0,5778,42
0,5778,72
0,0,61
0,0,41
0,0,64
0,0,52
0,0,76
0,5769,61
0,0,26
0,0,52
0,0,69
0,0,55
0,0,87
0,0,72
0,0,77
0,0,41
0,0,63
0,0,76
0,5213,37
0,5213,84
0,0,30
0,0,71
0,0,34
0,0,87
0,0,76
0,0,32
0,0,44
0,5941,28
0,5941,71
0,0,58
0,0,42
0,0,74
0,0,36
0,0,61
0,0,61
0,0,45
0,0,72
0,0,53
0,0,48
0,0,45
0,0,34
0,5144,87
0,5144,72
0,0,43
0,0,32
0,5831,50
0,0,33
0,0,77
0,0,27
0,0,25
0,0,71
0,0,42
0,5925,59
0,0,29
0,0,71
0,0,27
0,5117,29
0,0,24
0,0,46
0,0,57
0,5792,23
0,0,32
0,5137,47
0,0,55
0,0,26
0,5870,57
0,0,34
0,0,41
0,0,63
0,0,27
0,0,74
0,5157,56
0,0,38
0,0,63
0,5677,39
0,5677,64
0,0,26
0,5572,60
0,5572,75
0,5154,26
0,5019,23
0,0,57
0,0,75
0,5823,55
0,5823,78
0,5067,51
0,0,56
0,0,50
0,0,79
0,5203,52
0,5255,45
0,5255,74
0,5388,24
0,0,51
0,0,79
0,0,24
0,0,27
0,0,55
0,0,47
0,0,75
0,5674,61
0,0,38
0,0,63
0,0,70
0,0,55
0,0,87
0,0,72
0,0,69
0,0,50
0,0,61
0,5876,47
0,5758,71
0,0,71
0,0,71
0,0,26
0,0,40
0,0,84
0,0,43
0,0,74
0,0,59
0,0,30
0,5355,37
0,5355,65
0,5826,60
0,0,54
0,0,36
0,0,79
0,0,46
0,0,79
0,0,24
0,0,44
0,5131,24
0,0,25
0,5209,23
0,0,87
0,0,69
0,0,42
0,5033,87
0,5033,72
0,0,41
0,0,64
0,0,50
0,0,55
0,0,72
0,5357,44
0,5452,23
0,0,41
0,0,64
0,5611,31
0,0,26
0,0,44
0,0,29
0,0,74
0,5359,41
0,5359,63
0,5359,70
0,5721,23
0,0,34
0,5204,27
0,0,87
0,0,34
0,0,71
0,5157,56
0,0,30
0,5102,30
0,0,30
0,5721,23
0,0,51
0,0,79
0,0,32
0,0,56
0,0,76
0,0,31
0,5174,24
0,0,48
0,0,70
0,5619,46
0,5619,78
0,5296,25
0,5296,69
0,5253,55
0,5253,73
0,0,35
0,5115,22
0,0,34
0,0,41
0,0,64
0,0,42
0,5547,61
0,5547,77
0,0,41
0,0,84
0,5884,32
0,0,42
0,0,36
0,5751,27
0,5581,25
0,0,25
0,0,34
0,0,46
0,5261,59
0,5335,47
0,0,58
0,0,73
0,0,37
0,0,84
0,0,31
0,5579,55
0,0,48
0,5233,48
0,5115,40
0,5115,64
0,0,51
0,5057,47
0,0,50
0,0,46
0,0,41
0,0,84
0,0,42
0,0,47
0,5527,38
0,5527,65
0,5427,33
0,0,38
0,0,65
0,0,41
0,0,84
0,0,72
0,5855,23
0,5855,73
0,5514,60
0,0,54
0,0,60
0,5397,23
0,5548,27
0,5548,69
0,0,24
0,0,75
0,0,34
0,5638,34
0,0,59
0,5641,30
0,5146,56
0,0,40
0,0,64
0,0,38
0,0,65
0,0,76
0,0,61
0,0,69
0,0,55
0,5393,47
0,5393,79
0,0,31
0,0,52
0,0,44
0,0,61
0,0,74
0,0,47
0,5698,35
0,0,22
0,5888,45
0,0,56
0,0,60
0,5864,57
0,5817,40
0,5817,64
0,5072,58
0,0,49
0,0,74
0,5286,22
0,0,34
0,0,29
0,0,57
0,0,31
0,5456,26
1,5739,42
1,5739,72
1,0,87
1,0,33
0,0,40
0,0,65
1,0,22
1,0,70
2,0,27
2,0,77
0,0,50
0,0,39
0,0,84
0,5213,87
0,5213,72
1,0,57
1,0,87
1,0,77
1,0,59
1,0,57
1,0,52
1,0,24
1,0,49
1,5246,55
1,0,47
1,5110,29
1,5471,37
1,5471,63
1,0,87
2,5588,26
1,0,39
1,0,63
1,0,78
1,0,33
2,0,33
2,0,78
1,0,35
1,5104,41
1,5104,65
1,0,35
1,5107,50
1,5107,75
2,5201,25
2,5201,75
1,0,34
1,0,42
1,0,74
1,0,45
1,5032,27
1,5032,79
1,0,55
1,0,73
1,5144,50
1,0,58
1,5795,34
1,0,26
1,0,75
1,0,30
1,0,52
1,0,74
1,5266,61
0,0,26
1,0,59
1,0,52
1,0,28
1,0,28
1,0,54
1,5417,45
1,5417,79
1,0,87
1,0,72
1,5674,46
2,0,87
2,0,77
1,0,35
1,0,71
1,0,33
1,0,78
1,5461,87
1,5461,72
1,5461,70
1,5070,35
1,5070,69
1,0,47
1,0,69
0,5438,25
0,5438,73
1,0,27
1,0,69
1,0,22
1,0,26
1,0,73
0,0,31
1,0,29
1,0,77
1,0,49
1,0,75
0,0,46
1,0,87
1,0,42
2,0,49
2,0,40
2,0,65
1,0,87
0,5776,29
1,5872,33
1,5872,20
1,0,54
0,5861,30
1,0,23
0,5586,32
2,0,47
2,0,37
2,0,84
1,0,27
1,5622,25
0,5069,34
1,5146,38
1,5146,84
1,5146,70
1,0,38
1,0,64
1,0,46
1,0,33
1,0,71
1,0,47
0,5350,87
1,0,31
1,0,58
1,0,39
1,0,64
1,0,30
1,0,79
0,0,44
1,5934,27
1,5934,73
1,0,25
1,0,37
1,0,65
0,0,48
0,5585,56
1,5814,41
1,5814,65
1,0,50
1,0,87
1,5094,87
1,5094,72
2,0,47
0,0,29
1,5886,37
1,5886,65
1,0,37
1,0,63
1,0,75
1,0,25
1,0,45
1,5372,60
1,5372,71
1,0,41
1,0,64
1,0,79
1,0,57
1,0,73
2,5096,61
1,5154,52
1,0,30
1,0,47
1,0,71
0,0,54
1,5667,51
2,0,42
1,5580,49
1,0,51
1,0,70
1,5283,52
1,0,40
1,0,63
0,0,30
0,0,75
1,5284,36
2,0,45
2,0,74
0,0,35
0,0,48
0,8387,30
0,8311,27
0,0,31
0,0,54
0,0,57
0,0,74
0,0,59
0,0,72
0,0,49
0,0,44
0,8303,56
0,8410,38
0,8410,84
0,8410,76
0,0,52
0,0,30
0,0,58
0,0,42
0,0,72
0,8149,52
0,8185,34
0,8185,71
0,0,56
0,0,45
0,0,33
0,0,24
0,0,75
0,0,87
0,8022,40
0,8022,64
0,8022,71
0,0,32
0,8322,56
0,0,48
0,0,26
0,0,53
0,0,41
0,0,64
0,0,37
0,0,64
0,0,87
0,0,60
0,0,53
0,0,59
0,0,50
0,0,53
0,0,23
0,0,46
0,0,45
0,0,37
0,0,64
0,0,30
0,0,56
0,8302,26
0,8424,47
0,8424,79
0,0,29
0,8153,45
0,8443,59
0,0,23
0,8220,22
0,0,61
0,0,60
0,0,28
0,0,55
0,0,37
0,0,65
0,0,51
0,0,69
0,0,57
0,0,51
0,8233,29
0,0,42
0,0,22
0,0,24
0,8449,87
0,8284,22
0,8284,69
0,0,22
0,0,60
0,0,36
0,0,25
0,8285,41
0,8285,65
0,0,57
0,0,71
0,0,56
0,0,73
0,0,44
0,0,47
0,0,27
0,0,49
0,0,87
0,0,72
0,0,40
0,0,64
0,0,50
0,0,43
0,0,75
0,0,45
0,0,71
0,0,45
0,0,87
0,0,72
0,0,41
0,0,64
0,0,40
0,0,63
0,0,74
0,0,61
0,0,73
0,0,54
0,0,60
0,8492,31
0,0,56
0,0,59
0,0,32
0,0,72
0,0,32
0,0,74
0,0,52
0,8369,38
0,8369,64
0,0,42
0,0,39
0,0,65
0,0,55
0,0,53
0,0,52
0,0,32
0,0,74
0,8425,59
0,8255,39
0,8255,63
0,8374,29
0,0,52
0,0,71
0,0,71
0,0,71
0,8295,52
0,8017,54
0,0,52
0,0,57
0,0,37
0,0,65
0,0,70
0,0,56
0,0,77
0,0,55
0,0,55
0,0,75
0,8009,47
0,8282,55
0,8230,58
0,8230,78
0,8174,55
0,0,26
0,0,41
0,0,64
0,0,30
0,0,36
0,0,72
0,0,50
0,0,27
0,0,79
0,0,53
0,8379,23
0,0,39
0,0,84
0,0,42
0,0,64
0,0,72
0,8275,54
0,0,51
0,0,43
0,0,79
0,0,25
0,8343,31
0,0,48
0,0,33
0,0,55
0,0,55
0,0,33
0,0,45
0,0,23
0,0,53
0,8432,28
0,0,51
0,0,73
0,8045,44
0,0,26
0,0,29
0,0,78
0,0,53
0,0,34
0,8368,30
0,8006,87
0,0,25
0,0,27
0,0,29
0,0,71
0,0,59
0,0,87
0,0,28
0,0,51
0,0,46
0,0,60
0,0,29
0,0,52
0,0,38
0,0,84
0,0,22
0,0,73
0,0,23
0,0,29
0,0,74
0,8093,47
0,8093,74
0,8113,60
0,8306,41
0,8306,84
0,8278,22
0,0,34
0,0,61
0,0,56
0,0,76
0,0,30
0,0,59
0,0,58
0,0,26
0,0,60
0,0,56
0,0,58
0,0,74
0,0,49
0,0,59
0,0,40
0,0,65
0,0,33
0,0,47
0,0,27
0,0,59
0,0,76
0,0,22
0,8452,42
0,0,58
0,0,46
0,0,74
0,0,60
0,0,31
0,0,79
0,0,42
0,0,47
0,8197,55
0,8197,71
0,0,57
0,0,77
0,0,50
0,0,42
0,0,25
0,0,72
0,0,29
0,0,54
0,8256,46
0,0,25
0,8203,87
0,0,56
0,0,53
0,0,19
0,0,25
0,0,27
0,0,22
0,0,21
0,0,25
0,0,78
0,0,40
0,0,64
0,0,43
0,8381,48
0,8369,31
0,0,60
0,0,38
0,0,84
0,0,48
0,0,45
0,0,31
0,0,78
0,0,87
0,0,72
0,0,57
0,0,58
0,0,59
0,0,57
0,0,38
0,0,63
0,0,79
0,8455,24
0,0,53
0,0,48
0,8285,53
0,8023,46
0,0,26
0,8097,43
0,8097,76
0,0,53
0,0,76
0,0,40
0,0,64
0,0,46
0,0,39
0,0,84
0,8428,52
0,0,24
0,0,41
0,0,84
0,0,44
0,0,26
0,0,38
0,0,64
0,0,53
0,0,51
0,8472,39
0,8472,64
0,0,31
0,0,40
0,0,84
0,0,43
0,8383,30
0,0,49
0,0,45
0,0,26
0,0,27
0,0,77
0,0,61
0,8374,30
0,0,53
0,0,87
0,0,72
0,0,79
0,0,87
0,0,22
0,0,59
0,0,71
0,0,45
0,0,57
0,0,87
0,0,27
0,0,47
0,0,32
0,0,19
0,0,26
0,0,87
0,0,57
0,0,33
0,0,30
0,0,25
0,0,57
0,0,47
0,0,43
0,0,73
0,0,24
0,0,51
0,0,56
0,0,43
0,0,23
0,0,55
0,0,71
0,0,36
0,0,39
0,0,63
0,8212,29
0,8212,77
0,0,30
0,0,76
0,0,56
0,0,44
0,0,26
0,8276,45
0,0,44
0,8278,47
0,8278,70
0,8261,53
0,0,54
0,0,79
0,0,42
0,0,43
0,0,61
0,0,24
0,8046,24
0,8417,61
0,0,52
0,0,45
0,8220,60
0,0,24
0,0,28
0,0,44
0,0,72
0,0,32
0,0,56
0,8179,40
0,8179,84
1,0,26
2,0,46
2,0,75
1,0,31
2,0,61
1,0,22
2,0,26
2,0,71
2,0,24
1,0,36
2,8165,59
2,0,48
2,0,55
1,0,48
1,0,28
1,0,34
2,0,45
1,0,22
2,0,47
1,0,87
2,0,53
2,0,72
1,0,22
2,0,54
1,0,30
2,0,59
2,0,43
1,0,45
1,8365,43
2,8395,45
1,0,23
1,0,59
1,0,79
1,0,23
1,8191,50
2,0,36
1,0,27
1,0,60
0,0,58
1,0,44
2,0,87
2,0,72
1,0,32
1,0,23
1,0,30
1,0,48
1,0,22
1,0,52
2,8463,47
2,8179,56
2,8179,69
1,8460,57
0,0,48
1,8307,45
2,0,41
2,0,63
1,0,57
1,0,55
1,0,73
1,8441,32
2,0,38
2,0,84
1,8173,24
1,8173,75
1,0,32
2,0,26
2,0,37
2,0,65
1,0,32
1,8013,22
1,8321,32
1,0,26
1,0,56
1,0,54
1,0,74
1,0,53
1,0,71
2,0,42
1,0,55
1,0,79
0,0,30
1,0,33
1,8486,25
1,8499,61
2,0,27
1,0,53
1,0,51
1,8446,48
1,8446,77
1,0,55
1,0,23
0,0,26
0,0,26
0,0,72
1,0,55
1,0,53
1,0,71
2,8060,40
2,8060,65
2,0,46
1,0,36
1,8414,29
2,0,27
1,0,44
1,0,69
2,0,29
1,0,49
1,0,49
2,0,24
2,0,70
2,0,31
2,0,54
1,8461,87
1,8461,72
1,0,43
1,8257,40
1,8257,84
1,0,53
1,0,19
1,0,87
1,0,27
1,8240,45
0,8413,28
1,8315,28
2,0,38
2,0,65
1,0,25
1,0,79
0,0,87
0,0,70
1,8298,54
0,8033,42
1,0,52
1,0,47
2,0,87
1,8052,32
1,0,41
1,0,65
1,0,58
1,0,26
1,0,50
1,8500,44
1,8500,71
1,0,24
2,0,36
1,0,56
2,0,28
1,0,46
1,0,73
0,0,40
0,0,63
1,0,23
2,8364,22
2,8364,75
2,0,56
2,0,87
2,8228,43
1,0,58
2,8373,50
2,8373,78
1,0,46
1,0,49
1,0,36
1,0,74
1,0,36
2,0,52
2,0,78
1,8481,46
2,0,40
2,0,64
2,0,70
0,0,87
0,0,72
2,8265,43
1,0,61
2,0,31
2,0,79
1,0,34
1,0,77
2,8315,41
2,8315,63
1,0,25
1,0,74
1,0,27
1,0,75
2,8120,23
1,0,44
1,0,46
1,0,71
1,8093,39
1,8093,65
1,0,58
1,0,28
1,0,72
2,0,58
2,8244,31
1,0,51
1,0,27
1,0,33
1,0,73
1,8118,87
1,8118,71
2,0,27
1,0,28
1,0,69
2,0,50
1,0,32
1,0,40
1,0,65
1,0,73
1,0,34
2,0,56
2,0,39
2,0,65
1,0,33
0,0,26
2,0,24
2,0,56
1,0,87
1,0,72
1,0,77
1,0,40
1,0,84
1,0,71
0,0,30
0,0,71
2,0,23
1,0,52
1,8321,59
1,0,32
2,0,27
1,0,64
1,0,72
1,8034,87
1,0,41
1,0,64
2,0,32
2,8221,56
2,8441,46
1,8009,50
1,8009,75
1,0,28
1,0,32
1,0,29
1,0,24
1,0,26
1,0,38
1,0,64
1,0,42
1,0,72
1,8365,51
2,0,35
2,0,75
2,0,41
2,0,63
1,0,29
1,0,46
1,0,49
2,0,30
1,0,22
1,0,79
1,8020,29
1,0,51
1,0,76
1,0,41
1,0,63
1,0,61
1,8486,27
1,0,38
1,0,63
0,0,57
1,0,25
2,0,45
1,0,87
1,0,33
2,0,49
2,0,69
0,0,40
1,0,28
1,0,24
0,0,48
0,0,51
0,0,38
1,0,38
2,0,51
1,0,54
1,0,60
1,499,27
1,0,41
0,13,30
0,13,71
2,0,50
0,539,49
1,0,33
1,442,32
1,442,71
0,0,22
0,0,73
0,0,41
0,23,47
2,0,45
2,0,51
2,0,71
0,0,50
1,223,40
0,421,33
1,0,50
1,0,26
0,0,41
1,0,51
0,0,31
1,2,28
2,503,41
2,503,70
1,582,43
2,0,42
1,0,41
0,0,35
0,332,34
1,0,51
2,670,61
1,0,28
1,0,61
2,0,37
1,0,53
0,0,51
1,0,53
1,0,40
1,0,52
1,549,53
1,549,71
1,495,38
0,0,33
1,0,22
1,0,78
2,361,42
0,0,35
1,531,35
1,0,46
2,645,55
1,0,42
1,236,44
1,734,33
1,734,76
0,653,39
1,0,56
2,0,40
1,0,30
0,0,40
1,0,55
0,0,27
0,247,27
0,102,28
1,0,29
0,0,60
0,0,39
0,0,56
1,0,54
1,0,26
1,0,79
1,0,23
1,0,50
1,0,74
0,0,30
0,0,38
0,0,75
0,0,54
1,0,41
1,0,79
2,0,48
1,0,51
0,233,26
0,0,36
0,765,44
0,0,61
1,670,33
1,366,58
1,549,45
0,0,25
1,0,53
0,0,30
1,0,49
1,0,43
1,0,78
0,666,55
0,631,41
0,0,29
2,513,25
2,513,69
2,0,25
1,0,57
2,0,59
1,45,60
0,0,40
1,0,22
1,0,77
1,151,25
1,151,71
1,430,52
0,241,42
0,773,47
0,0,57
0,0,76
1,0,31
1,0,75
1,0,23
0,745,56
1,0,31
1,314,57
2,0,33
2,0,56
0,0,58
1,0,39
1,0,24
1,0,77
0,257,38
0,0,54
0,0,71
0,0,47
0,0,46
0,0,58
1,0,48
1,0,27
0,0,35
1,681,42
1,0,36
2,0,45
1,492,42
0,0,28
0,0,41
0,0,75
1,0,40
1,0,26
1,0,39
0,0,29
1,0,40
0,0,29
1,0,39
0,0,28
1,0,28
0,0,35
1,0,22
1,0,59
1,0,44
1,0,49
0,0,36
0,0,26
0,189,44
0,189,78
0,0,47
1,0,28
0,0,23
0,0,78
1,0,45
1,763,29
1,712,53
0,793,34
1,7,29
1,7,74
0,0,37
0,0,48
1,0,39
1,0,22
0,0,58
1,0,58
1,0,71
1,687,56
1,687,69
1,0,44
0,0,56
2,0,49
0,59,48
1,0,36
1,0,71
1,0,26
1,0,56
2,0,37
2,0,53
0,0,36
1,0,36
2,507,26
2,0,28
0,445,59
0,445,79
1,0,31
1,0,57
1,0,73
0,0,56
1,0,37
0,0,36
1,0,61
2,0,49
0,341,35
0,341,76
0,0,56
2,14,24
2,14,76
0,63,59
0,0,46
1,0,22
1,0,31
0,612,50
1,437,25
1,0,23
1,0,44
0,0,52
1,0,29
2,0,55
2,0,56
0,195,52
0,195,79
1,0,47
2,0,26
1,0,42
0,0,59
1,141,25
0,0,28
1,0,29
1,51,29
1,0,39
1,0,52
0,0,24
1,0,54
1,311,60
1,311,75
0,400,39
1,0,43
1,364,50
2,0,44
0,0,25
1,284,33
0,0,59
2,0,31
1,525,33
1,525,73
2,211,57
0,0,35
1,0,57
1,0,69
0,0,26
0,0,74
0,541,58
0,0,22
1,0,26
0,0,59
0,0,78
0,299,50
0,0,47
0,0,47
0,616,45
0,616,73
1,707,37
1,0,39
0,0,22
0,0,49
0,0,50
0,0,76
1,0,58
0,664,58
1,0,43
1,0,71
1,0,54
1,0,70
0,0,55
0,0,26
1,0,46
0,277,44
1,216,36
1,216,75
1,114,53
1,0,29
0,247,28
2,0,37
1,0,40
1,0,39
2,0,34
0,0,53
0,0,69
1,0,39
0,0,32
0,0,32
1,44,28
1,44,70
1,0,47
1,0,59
1,0,41
2,0,54
0,692,48
1,423,58
0,0,35
0,0,27
1,0,41
0,0,35
2,322,26
0,506,35
2,0,29
2,0,51
1,0,24
1,0,47
1,0,23
0,546,53
0,0,45
0,0,78
0,640,25
0,0,28
2,0,35
2,0,54
1,0,59
1,0,34
1,0,55
2,0,36
2,0,50
0,0,48
1,224,32
1,0,54
1,0,38
0,597,42
0,0,44
1,0,23
1,0,36
1,510,42
1,458,54
1,0,50
1,0,48
0,0,45
0,0,76
1,0,48
1,0,56
1,0,52
0,0,38
0,0,73
0,0,39
0,435,39
1,586,53
1,0,30
0,0,54
1,0,45
1,0,36
1,0,28
0,0,51
2,0,31
1,0,58
1,0,77
1,0,59
1,689,42
1,689,74
0,0,32
0,185,57
1,0,50
2,0,56
1,0,38
1,0,78
0,0,57
1,0,22
2,0,23
2,0,28
0,0,43
1,0,49
1,0,79
0,0,28
1,0,56
1,0,28
1,0,51
0,0,34
0,0,79
1,0,30
1,0,61
0,0,58
1,0,48
0,0,61
2,0,59
1,765,57
1,81,54
2,0,38
0,685,37
2,0,54
0,729,50
0,0,55
0,0,45
0,745,56
1,302,49
0,723,25
0,0,22
0,0,43
1,262,50
0,0,56
0,0,41
0,0,73
0,678,54
1,0,31
1,0,79
0,0,44
0,0,40
1,0,50
1,0,69
0,0,44
0,0,74
1,0,41
1,0,57
0,242,49
1,0,58
1,0,70
0,0,41
0,0,45
1,0,42
1,545,51
1,0,56
0,16,41
0,16,79
1,0,25
1,476,37
1,0,33
2,0,38
2,732,55
1,0,45
1,0,52
2,0,24
1,686,41
0,0,50
2,667,60
0,0,27
1,0,56
1,0,23
1,0,74
1,0,34
1,579,51
0,0,49
0,0,72
1,652,45
0,0,23
1,513,44
1,531,23
1,0,38
1,0,72
1,0,56
1,0,30
0,282,46
1,620,51
1,0,52
1,173,49
1,0,57
1,0,38
0,0,61
0,0,71
1,624,41
1,0,23
0,0,49
1,347,34
1,347,72
0,0,46
1,0,36
2,0,24
1,0,53
0,500,24
2,0,38
1,0,42
0,0,44
1,690,47
1,410,44
1,0,56
0,0,50
0,0,75
1,0,54
0,0,52
0,279,32
0,0,33
1,0,43
1,420,51
0,0,46
0,285,28
1,0,24
2,0,32
0,186,61
0,186,78
0,0,31
1,259,54
1,0,57
2,0,28
0,0,30
0,0,58
1,329,35
0,0,23
1,381,45
0,0,24
1,0,25
1,0,74
0,704,24
0,0,45
1,204,43
0,489,44
0,0,31
2,502,37
2,433,42
0,658,39
0,658,73
0,485,48
1,0,48
2,205,28
1,19,57
1,0,51
1,0,53
0,657,37
0,657,77
1,0,22
0,2,22
0,2,70
1,0,29
1,0,24
2,0,47
0,0,36
1,789,27
0,0,46
0,585,23
2,0,36
1,769,46
0,450,53
0,450,73
1,584,56
1,0,54
0,0,61
2,0,53
2,0,25
0,0,48
0,0,71
0,0,59
0,0,46
1,0,23
1,447,34
0,0,43
2,0,29
0,0,28
1,0,55
0,479,33
1,0,54
0,716,49
2,0,50
0,0,57
1,410,36
0,0,37
0,0,42
1,0,57
1,0,39
0,539,51
0,0,37
1,0,23
1,22,60
1,22,71
0,0,34
1,83,52
0,0,52
1,0,61
0,661,24
0,0,36
0,0,32
2,0,58
0,0,35
1,0,24
0,0,36
0,0,37
0,0,64
0,0,22
0,0,61
0,0,39
0,0,63
0,0,47
0,5043,51
0,0,22
0,0,51
0,0,27
0,5440,87
0,5440,72
0,0,59
0,0,61
0,0,75
0,0,46
0,5487,46
0,0,23
0,5497,51
0,0,87
0,0,27
0,0,78
0,0,52
0,0,41
0,0,65
0,0,87
0,5881,22
0,0,45
0,0,33
0,0,25
0,0,27
0,0,49
0,5224,53
0,0,28
0,0,39
0,0,65
0,0,49
0,0,22
0,5861,37
0,5861,64
0,5861,75
0,0,52
0,0,32
0,5332,53
0,5332,73
0,5010,42
0,5010,79
0,5090,57
0,0,46
0,5203,53
0,0,28
0,0,61
0,5516,36
0,0,28
0,0,69
0,0,87
0,0,77
0,5145,46
0,5145,78
0,0,54
0,5528,30
0,0,71
0,0,71
0,0,30
0,0,39
0,0,63
0,0,46
0,0,45
0,0,58
0,0,57
0,0,73
0,5904,59
0,5904,76
0,0,87
0,0,73
0,5679,30
0,5679,19
0,0,31
0,0,59
0,0,27
0,0,23
0,0,35
0,0,49
0,5548,56
0,5512,42
0,5122,61
0,0,23
0,5091,59
0,5091,70
0,5390,26
0,0,22
0,5867,23
0,0,49
0,0,73
0,0,51
0,0,40
0,0,65
0,5816,57
0,0,51
0,0,75
0,0,46
0,0,79
0,0,54
0,0,73
0,0,41
0,0,65
0,5387,58
0,5192,33
0,5667,54
0,5667,76
0,0,30
0,5096,87
0,5096,75
0,0,34
0,5371,27
0,0,42
0,5842,36
0,0,60
0,0,70
0,5304,29
0,0,27
0,5729,46
0,5003,50
0,5003,76
0,0,39
0,0,63
0,0,45
0,0,46
0,0,74
0,0,55
0,0,31
0,0,58
0,0,30
0,5123,42
0,5123,70
0,0,22
0,0,27
0,0,50
0,0,26
0,0,58
0,5272,23
0,5417,37
0,5417,65
0,0,39
0,0,64
0,0,20
0,0,46
0,0,58
0,0,75
0,0,52
0,5077,87
0,5077,72
0,5077,69
0,5709,22
0,0,37
0,0,65
0,0,77
0,5895,56
0,0,27
0,5539,56
0,5539,72
0,0,87
0,5591,53
0,5414,35
0,5380,50
0,0,25
0,0,47
0,0,69
0,0,39
0,0,63
0,0,87
0,0,72
0,5109,42
0,5109,72
0,0,33
0,0,78
0,5722,58
0,5945,53
0,0,87
0,0,72
0,0,77
0,0,30
0,0,60
0,0,22
0,0,23
0,0,61
0,0,51
0,0,72
0,5115,39
0,5115,84
0,0,44
0,0,70
0,5345,41
0,5345,65
0,0,35
0,0,25
0,0,30
0,0,58
0,5567,42
0,0,87
0,0,72
0,0,71
0,5722,54
0,0,87
0,0,72
0,5372,31
0,0,30
0,0,46
0,5347,24
0,0,61
0,5817,87
0,0,38
0,0,65
0,0,73
0,5224,38
0,5224,63
0,5327,53
0,5625,27
0,5062,60
0,0,44
0,5676,26
0,0,44
0,0,51
0,0,24
0,0,44
0,0,22
0,0,71
0,0,30
0,0,30
0,5426,38
0,5426,64
0,0,58
0,0,73
0,0,47
0,0,24
0,0,47
0,5789,49
0,0,24
0,0,55
0,5747,43
0,5054,22
0,0,31
0,0,38
0,0,64
0,0,38
0,0,63
0,0,44
0,0,32
0,0,69
0,5484,59
0,5322,56
0,5322,77
0,5062,46
0,5821,47
0,5275,60
0,5722,49
0,0,51
0,5525,37
0,5525,64
0,5525,76
0,0,34
0,0,48
0,0,25
0,0,50
0,0,31
0,0,55
0,0,31
0,0,33
0,5721,60
0,0,55
0,0,46
0,5391,50
0,5676,22
0,0,48
0,0,59
0,5341,53
0,0,34
0,5092,61
0,0,57
0,0,61
0,5383,38
0,5383,84
0,0,49
0,0,69
0,0,87
0,0,72
0,0,73
0,0,47
0,5084,31
0,5084,72
0,0,26
0,0,38
0,0,64
0,0,40
0,0,84
0,0,56
0,0,48
0,0,72
0,0,40
0,0,84
0,0,33
0,5694,31
0,0,39
0,0,64
0,0,78
0,0,30
0,0,59
0,0,47
0,0,39
0,0,63
0,5536,60
0,5536,78
0,0,60
0,0,43
0,0,76
0,5097,28
0,5120,53
0,5655,35
0,5655,73
0,5917,87
0,5917,72
0,0,54
0,0,38
0,0,63
0,0,30
0,0,53
0,0,48
0,0,23
0,5798,32
0,0,29
0,0,24
0,0,36
0,0,58
0,0,56
0,5864,51
0,0,55
0,5333,52
0,0,54
0,0,52
0,0,21
0,0,39
0,0,64
0,0,75
0,0,87
0,0,45
0,0,58
0,0,23
0,0,48
0,5612,47
0,0,23
0,5708,45
0,5379,39
0,5379,63
0,0,52
0,0,48
0,5783,44
0,0,42
0,0,46
0,5108,40
0,5108,84
1,5711,25
1,5208,39
1,5208,63
1,0,50
0,0,32
0,5267,56
1,5070,30
1,0,31
1,0,70
1,0,27
1,5847,22
2,5289,60
1,0,28
1,5168,29
1,0,27
1,0,52
0,0,57
1,0,46
1,0,43
1,0,73
0,5239,48
0,5316,38
0,5316,65
1,0,31
1,0,50
1,5192,26
1,5192,73
0,5791,37
0,5791,64
1,0,87
1,0,72
1,5444,57
1,5444,71
2,5896,34
2,0,30
0,5847,22
1,0,23
1,0,48
1,5698,46
1,5698,78
1,0,30
1,5824,45
1,5824,21
1,0,39
1,0,64
1,5218,43
1,0,27
1,0,70
1,0,41
1,0,65
1,5343,44
1,0,31
1,0,76
1,0,60
1,5464,56
1,0,31
1,0,44
1,0,43
1,5885,41
1,5885,84
1,0,49
1,0,75
1,0,39
1,0,64
1,0,70
1,0,22
1,5620,48
1,5279,29
1,5279,75
1,0,36
1,0,50
1,0,30
0,5623,26
0,5623,74
1,0,29
1,5108,27
1,5612,28
1,0,34
1,5806,34
1,0,27
1,0,49
0,0,56
0,0,74
1,5759,33
1,0,48
1,0,77
2,0,41
2,0,65
1,0,48
1,0,78
1,0,59
0,5588,25
1,0,57
1,0,54
2,0,44
1,0,25
1,0,43
1,0,70
1,0,32
1,5277,41
1,5277,63
1,0,27
1,0,39
1,0,64
1,0,49
1,0,31
1,0,52
1,5421,23
1,0,41
1,0,64
1,0,45
1,5295,31
0,5530,45
1,5900,23
1,0,59
1,0,51
1,0,37
1,0,64
1,0,53
1,0,28
1,0,39
1,0,84
1,0,52
1,0,35
0,5146,33
2,5425,56
1,0,50
1,0,76
1,0,53
1,0,75
1,5433,40
1,5433,65
1,0,29
1,0,76
1,0,31
0,0,48
1,0,44
1,0,73
1,5312,37
1,5312,84
1,0,39
1,0,64
1,0,73
1,0,35
1,0,43
1,5214,55
1,5214,77
1,0,47
1,0,30
1,5203,35
0,0,56
1,5386,31
2,0,48
1,0,25
1,0,22
1,0,40
1,0,65
1,0,44
1,0,49
1,0,29
1,0,78
1,0,50
1,5840,57
1,0,61
1,0,27
1,0,32
1,5222,41
1,5222,64
1,5290,32
1,5290,77
0,0,26
1,0,51
1,0,34
1,5309,34
1,5481,59
1,5532,51
1,5532,74
1,0,27
1,0,76
1,0,47
1,5420,29
0,0,39
0,0,64
0,0,45
0,0,47
0,0,78
1,0,52
1,5745,51
1,0,55
0,0,43
0,0,79
1,0,25
1,0,71
1,0,40
1,0,63
0,5731,22
1,5370,37
1,5370,65
1,5642,48
1,0,55
1,5796,57
0,0,49
1,0,27
1,0,36
0,0,57
0,8101,22
0,8427,27
0,0,42
0,8470,33
0,8480,42
0,8472,30
0,8317,52
0,0,71
0,8442,34
0,0,28
0,0,57
0,0,44
0,0,77
0,0,25
0,0,29
0,8092,36
0,8382,87
0,0,60
0,8388,69
0,0,37
0,0,78
0,0,33
0,8219,72
0,8219,87
0,0,36
0,0,57
0,0,59
0,8275,56
0,8331,79
0,8346,45
0,0,44
0,0,51
0,0,56
0,0,71
0,0,71
0,0,69
0,0,57
0,0,73
0,8417,70
0,0,76
0,0,50
0,0,27
0,8082,53
0,8430,71
0,0,33
0,8438,36
0,8118,43
0,0,34
0,0,70
0,0,22
0,0,87
0,8189,28
0,0,29
0,8104,57
0,8247,48
0,0,46
0,0,52
0,0,50
0,0,74
0,0,58
0,0,56
0,0,48
0,8102,73
0,8382,22
0,0,36
0,8217,32
0,0,72
0,0,87
0,0,43
0,8140,57
0,8330,31
0,8204,59
0,0,61
0,0,25
0,8447,24
0,8176,58
0,0,44
0,8158,79
0,0,54
0,0,70
0,0,31
0,0,31
0,0,57
0,8006,75
0,0,60
0,0,35
0,8285,58
0,8303,50
0,8134,27
0,8090,48
0,0,41
0,8020,29
0,0,79
0,0,38
0,0,58
0,0,32
0,0,24
0,0,59
0,0,44
0,0,55
0,8066,77
0,8495,39
0,0,73
0,0,30
0,8263,42
0,0,39
0,0,72
0,0,87
0,8252,45
0,0,45
0,0,45
0,0,51
0,0,41
0,8445,55
0,8324,74
0,0,69
0,8209,37
0,0,38
0,0,22
0,0,50
0,0,45
0,0,32
0,0,37
0,0,31
0,0,44
0,0,72
0,0,87
0,0,57
0,0,39
0,0,64
0,8487,45
0,0,26
0,0,32
0,8033,42
0,8033,79
0,0,27
0,0,38
0,8114,42
0,0,24
0,0,79
0,0,55
0,0,51
0,8254,44
0,8425,42
0,8425,75
0,8379,29
0,0,75
0,0,72
0,8353,23
0,8496,27
0,8309,61
0,0,60
0,0,61
0,0,36
0,8498,29
0,0,73
0,0,50
0,0,70
0,8137,30
0,0,49
0,0,41
0,8059,31
0,8056,69
0,0,43
0,0,77
0,0,37
0,8322,33
0,8322,74
0,8443,23
0,8297,76
0,8143,58
0,0,78
0,8242,38
0,0,74
0,0,51
0,0,79
0,8076,47
0,0,31
0,8180,70
0,8446,39
0,0,27
0,0,26
0,0,29
0,0,40
0,0,65
0,0,31
0,8355,25
0,8136,45
0,0,39
0,8376,39
0,0,42
0,8287,43
0,0,32
0,8476,70
0,0,34
0,0,52
0,0,76
0,0,58
0,0,51
0,0,61
0,0,74
0,8268,70
0,8036,57
0,8226,40
0,0,75
0,8454,50
0,8454,69
0,8342,52
0,0,28
0,0,73
0,0,44
0,0,26
0,0,58
0,0,60
0,0,78
0,0,74
0,8411,35
0,0,33
0,0,53
0,0,22
0,0,87
0,0,53
0,0,47
0,0,54
0,0,49
0,0,49
0,0,33
0,0,69
0,0,59
0,0,29
0,0,42
0,0,44
0,0,56
0,0,29
0,0,41
0,0,72
0,0,87
0,8490,33
0,0,27
0,0,77
0,8236,41
0,0,61
0,0,56
0,0,27
0,8223,33
0,0,26
0,8221,72
0,8221,87
0,0,22
0,8274,49
0,8349,54
0,0,23
0,0,70
0,0,60
0,0,49
0,8159,71
0,0,46
0,8296,33
0,0,39
0,8426,73
0,0,27
0,0,41
0,0,84
0,0,59
0,8052,58
0,8152,33
0,8349,23
0,0,28
0,0,25
0,0,32
0,0,37
1,0,48
1,0,74
1,8346,74
1,8037,79
1,8466,42
1,0,69
1,8219,59
1,0,52
1,0,76
1,0,77
1,0,70
2,0,69
1,0,54
2,0,31
1,8208,52
1,8485,27
0,0,75
1,8010,60
1,0,87
2,8189,46
0,0,40
1,0,50
1,0,20
1,8214,69
1,0,45
1,0,69
1,8361,28
1,0,52
1,0,49
1,0,30
1,0,60
1,0,26
1,8152,33
1,0,39
1,0,34
1,0,51
1,0,50
1,8445,45
1,8424,30
1,8193,33
1,0,45
1,0,77
1,8362,70
1,0,25
1,0,39
1,0,63
1,8307,69
2,8132,35
1,8326,24
1,0,53
1,0,87
1,8271,31
1,8357,43
1,0,70
1,0,23
1,0,87
1,0,72
2,0,35
1,0,23
1,0,30
0,0,36
2,8301,58
1,8007,26
2,0,69
1,0,50
1,0,52
1,8140,87
1,0,47
1,8045,47
1,0,87
2,0,29
2,0,87
2,0,35
1,0,69
1,0,56
1,0,75
2,0,79
1,0,47
0,0,40
1,0,42
2,8064,70
1,0,37
1,0,63
1,0,61
1,8490,27
1,0,41
1,0,75
1,0,51
1,0,69
1,0,61
1,0,37
1,8446,33
2,0,69
1,0,53
1,8452,37
0,0,54
1,0,52
2,0,36
1,0,33
1,0,39
1,0,64
1,0,31
1,8068,25
1,0,58
2,8212,30
1,8462,58
1,0,75
2,8474,39
0,8428,54
1,0,50
1,0,48
1,0,45
2,0,53
1,0,35
1,8027,29
1,8255,55
1,8428,51
2,8043,57
1,0,27
1,8276,69
1,0,48
2,0,22
1,0,40
1,0,63
1,0,28
2,0,36
2,0,73
2,0,50
1,0,23
1,0,87
1,0,61
1,0,47
1,0,30
1,8183,33
2,0,26
1,0,56
2,0,58
1,8183,26
1,8378,52
0,0,72
0,0,87
2,0,43
1,0,39
1,0,84
1,8422,40
2,8193,22
2,8039,52
2,0,28
1,0,61
1,0,30
2,0,28
1,0,38
1,0,27
1,0,87
2,8446,52
2,0,35
1,0,50
0,0,36
1,0,59
1,8337,51
2,8460,52
2,0,29
1,0,38
1,0,49
1,0,40
2,8209,46
2,8144,38
2,8144,63
2,0,48
1,8212,27
0,8370,24
1,0,51
1,8432,49
1,8303,37
1,8303,65
1,0,61
2,0,50
1,0,57
1,0,49
1,8049,48
2,0,53
2,8367,37
1,0,57
1,0,61
2,8380,22
1,0,25
1,0,38
1,8427,32
2,0,31
2,8015,50
1,8250,28
2,8158,53
2,8078,72
2,8078,87
1,0,27
1,8273,27
2,8228,61
1,0,37
1,0,27
2,0,28
1,8269,42
1,0,54
1,0,33
2,0,32
2,0,55
0,8059,39
1,0,34
1,8351,31
1,0,47
1,0,51
1,0,79
1,0,36
1,390,34
2,0,30
0,0,55
0,0,70
0,168,22
0,347,51
0,215,49
0,77,45
1,0,36
0,82,58
1,0,23
1,0,78
0,272,61
1,665,38
1,0,45
1,0,78
1,40,55
1,40,70
1,541,45
1,0,58
1,0,73
1,124,52
1,0,42
0,542,35
0,542,75
0,0,27
0,0,71
1,0,54
1,0,40
0,65,53
1,425,46
1,425,69
0,0,52
1,690,59
2,294,35
1,0,44
0,0,47
2,0,41
1,665,38
1,760,45
1,760,70
1,0,61
2,0,52
1,219,59
1,629,44
1,0,39
2,81,44
0,639,24
1,0,61
2,377,59
1,215,43
0,196,33
0,196,76
0,0,31
1,286,41
1,0,48
0,338,52
0,338,74
1,407,38
1,0,56
0,0,39
1,0,31
1,0,42
0,0,23
1,0,39
0,0,53
0,0,73
0,0,60
0,0,25
1,789,48
0,0,37
0,524,23
0,132,30
0,0,46
1,0,58
1,0,46
1,0,60
0,0,32
1,0,22
1,0,78
2,0,36
2,0,27
1,0,22
2,549,25
2,497,39
2,703,59
1,52,57
0,0,30
1,368,39
1,368,79
1,606,55
0,0,33
1,0,45
1,304,47
0,0,24
0,0,75
0,0,42
1,374,48
1,0,50
0,0,26
0,0,79
1,0,57
0,0,30
0,661,50
2,0,24
0,270,43
0,0,37
0,0,23
1,0,36
1,0,75
2,0,31
1,0,56
1,0,60
0,0,59
2,0,41
2,0,70
1,130,52
2,143,61
2,0,45
0,0,45
0,353,41
0,0,32
0,472,30
2,0,35
2,0,78
1,0,47
1,0,44
1,0,54
2,0,28
0,278,27
2,0,30
1,495,33
1,495,71
0,0,33
0,0,39
0,0,53
0,0,37
1,0,40
1,301,40
2,0,36
1,0,57
0,0,40
1,0,49
0,0,53
1,0,30
1,0,56
0,0,49
1,0,47
0,0,31
1,0,31
1,429,24
2,198,40
1,0,53
0,0,31
1,0,35
0,787,27
0,787,69
1,344,35
1,0,23
0,0,33
1,0,56
1,0,29
1,437,40
1,0,55
1,0,24
1,491,45
2,0,58
0,487,50
0,487,77
1,242,33
0,0,39
0,0,73
1,0,58
1,0,49
1,0,70
1,0,34
0,0,50
0,0,69
0,0,55
0,0,46
0,0,77
0,257,43
1,0,37
0,0,31
1,0,43
0,0,37
1,0,45
0,0,60
0,361,24
1,0,38
0,0,56
2,0,47
0,216,47
2,0,31
2,0,37
2,374,40
0,0,58
0,0,38
1,0,47
2,0,27
1,0,55
1,0,41
1,0,31
1,0,76
1,0,34
2,191,54
1,0,28
1,0,45
1,0,61
1,0,43
1,0,75
1,0,31
2,727,60
1,0,29
0,0,38
0,0,44
1,0,60
0,0,24
0,0,32
1,0,59
1,184,38
2,0,45
1,3,25
1,174,40
1,0,28
1,0,23
2,0,53
1,0,49
2,398,52
2,0,22
0,0,27
2,449,58
2,536,60
2,158,35
1,0,51
1,0,47
1,0,46
1,0,42
1,0,23
0,0,57
0,0,78
0,0,43
0,0,56
0,0,28
0,0,36
0,0,60
1,0,26
0,0,37
1,0,42
1,0,78
0,0,60
0,0,44
0,452,31
2,779,56
2,625,56
1,0,35
1,0,60
0,0,35
0,765,47
1,736,60
1,736,79
1,210,22
0,456,34
1,0,46
0,599,36
1,0,38
0,676,57
2,0,33
2,0,70
0,272,60
0,0,24
1,0,46
1,0,79
0,0,27
0,0,31
0,0,49
0,0,42
2,0,38
2,0,70
1,422,44
0,790,60
1,537,43
0,0,52
0,0,23
2,0,26
2,0,73
0,0,43
0,391,38
0,76,35
0,0,36
0,0,78
1,100,51
0,0,50
1,0,57
1,0,73
1,0,29
2,767,54
0,398,56
1,0,61
2,0,58
1,0,45
1,0,22
1,0,26
0,0,40
1,98,61
1,98,79
1,394,47
1,394,69
2,381,34
1,0,33
2,608,55
1,0,42
1,0,53
0,449,45
0,0,28
2,599,35
0,0,39
0,510,22
0,510,76
0,0,26
0,0,51
1,0,32
0,0,47
1,0,59
1,443,58
0,0,46
0,0,71
1,0,39
1,0,72
1,0,45
1,0,76
2,0,28
2,0,74
1,0,60
0,0,59
0,0,59
1,0,53
0,0,50
1,255,52
2,333,35
1,0,41
1,0,77
0,0,45
0,95,32
1,691,44
0,0,61
1,0,52
2,0,53
2,0,70
0,0,23
2,708,32
2,0,53
1,690,44
1,0,28
0,459,35
0,372,50
1,0,33
1,0,33
2,0,44
1,0,23
1,0,45
0,653,57
1,734,39
1,0,60
1,0,50
2,102,58
1,0,43
0,0,44
0,0,71
2,0,29
1,229,58
0,2,49
0,0,55
1,0,61
2,0,33
0,233,57
2,0,43
0,0,27
1,158,48
1,158,69
1,0,26
2,0,54
0,0,58
1,0,26
1,212,30
1,0,22
1,126,60
0,33,25
2,554,36
0,0,54
2,0,26
2,0,24
1,800,34
1,0,48
1,0,44
1,0,69
0,0,34
0,73,30
0,73,77
1,0,30
1,0,57
1,400,34
1,0,42
1,0,49
0,0,33
0,738,47
1,166,54
0,0,43
0,0,74
0,438,43
1,0,59
1,0,22
1,0,70
1,0,27
0,0,39
1,503,41
1,503,79
0,342,33
0,0,56
0,0,33
1,0,25
0,0,51
0,0,75
1,538,35
0,82,60
1,0,24
0,0,40
1,0,58
1,0,22
1,0,74
0,0,32
0,313,53
0,313,73
0,742,33
1,0,28
0,0,34
0,0,39
2,0,24
0,785,39
1,0,40
0,0,33
1,0,31
1,0,79
2,65,36
0,0,60
1,0,25
0,794,51
0,0,42
0,0,72
2,0,36
1,0,46
0,0,58
0,0,49
0,0,78
1,527,38
0,0,40
0,0,79
2,574,38
1,0,27
1,246,25
2,446,40
2,446,76
0,411,41
1,217,43
1,0,55
2,0,36
0,0,56
0,0,69
0,0,54
1,0,55
0,0,39
0,0,59
2,0,61
2,0,77
0,0,57
0,105,40
0,0,27
1,0,38
1,253,31
1,253,73
0,0,26
0,127,38
1,0,46
0,0,31
1,0,27
1,0,32
0,0,26
0,664,33
1,743,22
0,714,49
1,0,60
1,0,69
1,55,56
1,0,43
1,343,27
2,0,24
2,0,59
0,78,49
1,0,49
1,0,33
1,0,22
0,85,60
0,85,72
2,0,32
0,0,53
1,0,45
0,0,56
0,0,56
1,206,28
0,724,59
0,724,71
0,0,33
1,0,27
1,101,31
0,0,45
1,151,58
2,0,43
1,0,53
1,0,72
0,0,61
1,0,27
1,0,25
1,0,52
1,0,79
1,0,22
0,0,45
1,0,42
2,0,23
1,0,35
1,0,41
1,0,70
1,0,50
0,0,38
1,0,44
1,247,43
1,0,46
1,0,30
1,0,69
1,0,23
1,0,55
0,0,35
1,189,46
2,0,50
2,0,71
1,0,41
0,796,59
1,0,39
0,602,48
1,0,46
2,0,31
2,0,74
1,505,46
1,374,25
0,0,30
0,201,34
0,738,33
0,738,73
0,238,58
1,0,45
1,0,79
1,0,37
0,0,24
1,0,23
1,0,70
0,25,56
2,379,53
0,0,24
2,81,58
2,81,73
1,0,46
1,384,40
1,0,55
1,0,59
1,0,38
0,245,54
0,434,29
0,434,71
2,0,56
2,0,72
0,0,39
2,0,41
1,0,34
1,0,38
0,611,57
0,0,38
0,773,61
0,0,38
0,0,64
0,0,47
0,5233,39
0,5233,64
0,0,32
0,0,26
0,5466,56
0,0,30
0,0,21
0,5057,41
0,5057,64
0,5057,73
0,5006,24
0,5866,31
0,0,46
0,0,20
0,0,49
0,5738,56
0,0,55
0,5678,34
0,0,50
0,0,37
0,0,65
0,5001,57
0,5941,25
0,0,56
0,0,27
0,0,79
0,5537,25
0,0,60
0,0,77
0,0,39
0,0,84
0,5209,87
0,0,38
0,0,64
0,0,32
0,0,33
0,0,22
0,0,37
0,0,64
0,0,38
0,0,64
0,0,47
0,0,71
0,0,71
0,0,59
0,0,71
0,0,55
0,0,37
0,0,65
0,5536,61
0,5536,79
0,0,58
0,0,61
0,0,45
0,0,52
0,0,78
0,0,33
0,0,72
0,0,45
0,0,25
0,0,39
0,0,84
0,0,34
0,0,71
0,0,27
0,0,31
0,0,34
0,0,32
0,0,70
0,0,22
0,0,48
0,0,40
0,0,84
0,5419,34
0,5419,69
0,5419,21
0,5615,25
0,0,30
0,0,75
0,5090,61
0,0,24
0,0,75
0,0,36
0,5751,37
0,5751,84
0,0,37
0,0,64
0,0,79
0,0,38
0,0,65
0,0,29
0,0,25
0,0,73
0,0,43
0,5081,87
0,5081,74
0,0,43
0,0,60
0,0,58
0,5750,33
0,0,47
0,0,22
0,0,74
0,5666,49
0,5342,43
0,5342,69
0,0,41
0,0,65
0,5068,58
0,5490,87
0,5490,72
0,5268,55
0,0,23
0,0,55
0,0,53
0,0,77
0,0,35
0,5120,30
0,0,34
0,0,33
0,0,39
0,0,63
0,5911,59
0,0,37
0,0,84
0,5218,41
0,5218,65
0,0,46
0,0,41
0,0,84
0,0,52
0,5048,60
0,0,27
0,0,41
0,0,84
0,5786,47
0,0,37
0,0,84
0,5331,53
0,5331,72
0,5045,87
0,5045,72
0,0,38
0,0,64
0,0,27
0,0,77
0,5092,23
0,5049,24
0,5049,77
0,0,39
0,0,65
0,0,34
0,0,26
0,0,69
0,0,60
0,5050,87
0,0,29
0,0,87
0,0,72
0,5767,45
0,0,36
0,0,26
0,0,36
0,5193,30
0,0,29
0,5748,87
0,5665,51
0,0,31
0,0,76
0,0,87
0,0,72
0,0,36
0,0,49
0,0,76
0,0,59
0,0,69
0,5521,32
0,0,43
0,0,22
0,5427,36
0,5749,31
0,5142,44
0,0,55
0,0,46
0,5237,56
0,0,60
0,0,73
0,0,35
0,0,60
0,0,23
0,0,52
0,0,22
0,5538,45
0,0,26
0,5020,48
0,5621,31
0,0,59
0,5085,33
0,0,40
0,0,64
0,0,46
0,0,76
0,5526,23
0,0,46
0,5881,59
0,0,34
0,0,39
0,0,84
0,0,76
0,0,53
0,0,45
0,5189,44
0,5310,25
0,5059,30
0,0,47
0,0,70
0,0,46
0,0,24
0,0,54
0,0,50
0,0,57
0,5431,49
0,0,30
0,0,71
0,0,44
0,5745,28
0,0,51
0,5393,45
0,0,60
0,0,37
0,0,84
0,0,24
0,0,73
0,0,40
0,0,65
0,5452,46
0,0,32
0,0,48
0,0,53
0,5853,29
0,0,31
0,0,38
0,0,84
0,0,77
0,5211,27
0,5211,78
0,0,48
0,0,38
0,0,63
0,5033,51
0,5033,78
0,0,59
0,0,60
0,5232,32
0,0,35
0,0,33
0,0,27
0,5801,34
0,0,87
0,0,72
0,5363,27
0,5363,76
0,5867,24
0,0,26
0,0,47
0,5804,38
0,5804,65
0,0,57
0,0,71
0,5804,55
0,5804,69
0,5479,54
0,0,23
0,0,74
0,0,40
0,0,84
0,5335,47
0,0,25
0,0,61
0,5610,46
0,0,45
0,0,79
0,0,36
0,5272,34
0,0,34
0,0,27
0,5042,43
0,0,61
0,0,49
0,0,39
0,0,65
0,5806,26
0,0,50
0,0,33
0,0,59
0,0,40
0,0,64
0,0,22
0,0,39
0,0,63
0,0,54
0,0,60
0,0,47
0,0,42
0,5459,34
0,0,56
0,0,78
0,0,32
0,0,61
0,0,71
0,5610,37
0,5610,65
0,0,28
0,0,39
0,0,65
0,5783,28
0,0,43
0,0,35
0,0,44
0,0,76
0,0,23
0,0,24
0,0,70
1,0,60
1,0,33
1,5391,37
1,5391,63
1,0,61
1,0,49
1,0,31
0,5530,32
0,5680,54
1,5796,27
1,5796,75
1,5880,22
1,5534,34
1,5534,77
1,0,28
1,5359,55
0,5556,32
0,5526,43
1,0,32
1,5141,54
1,5141,74
0,0,22
1,5028,39
1,5028,64
1,5028,72
1,0,56
1,0,40
1,0,64
1,5291,23
1,0,52
1,5003,36
1,0,29
1,0,69
1,5672,61
1,0,23
0,0,52
1,0,23
0,5651,32
1,0,41
1,0,84
1,0,57
1,5012,42
1,0,31
1,0,50
0,0,39
0,0,65
0,0,24
0,0,40
0,0,65
0,0,57
1,5791,32
0,5026,45
2,0,30
2,0,70
1,0,44
1,0,24
1,5935,30
0,0,23
1,0,57
1,0,45
1,0,40
1,0,63
1,0,34
1,0,52
2,0,34
1,0,42
1,5201,87
1,5670,32
1,0,40
1,0,63
1,0,25
1,0,48
1,0,23
1,5110,26
1,5203,51
1,0,36
1,0,50
1,0,73
0,5176,51
0,5844,24
0,5185,31
1,5124,59
1,0,33
1,5756,26
1,5646,44
2,0,87
1,5171,37
1,5171,63
1,0,39
1,0,63
1,5014,57
1,5866,32
1,0,54
2,0,47
1,5083,26
1,0,51
1,0,87
1,0,37
1,0,64
2,5026,47
2,5026,79
1,0,24
1,0,71
1,0,32
2,0,39
2,0,64
2,0,69
1,0,29
1,0,72
0,5512,33
1,0,23
0,5293,56
1,5452,50
1,5005,32
2,5807,36
1,5825,33
1,0,50
1,5578,29
0,0,87
0,0,72
1,5637,41
1,5637,64
1,0,46
1,5701,52
1,5750,38
1,5750,64
1,0,87
1,0,72
1,0,73
2,5876,45
1,0,38
1,0,84
1,5876,27
1,0,47
1,0,38
1,0,63
1,0,33
1,0,58
0,5040,35
1,0,61
1,0,53
1,0,77
0,5173,22
0,0,58
1,5002,41
1,5002,65
1,0,23
1,0,72
1,0,41
1,0,65
1,0,79
0,0,56
1,0,60
1,0,22
1,5112,60
1,5908,36
2,0,45
1,0,49
1,0,50
1,0,87
1,5793,60
2,5205,36
2,5205,79
1,0,26
1,5371,36
1,0,34
1,0,48
1,0,33
1,5023,23
1,5023,71
1,0,57
0,5750,28
1,0,60
1,5785,46
1,0,46
1,0,59
1,0,50
1,5503,53
0,0,33
0,0,53
0,0,37
0,8395,47
0,0,39
0,0,42
0,8450,39
0,0,53
0,8373,54
0,8373,75
0,8011,39
0,0,41
0,0,36
0,0,74
0,0,34
0,8094,51
0,0,40
0,0,47
0,8099,79
0,0,24
0,0,47
0,0,75
0,8263,87
0,8462,45
0,0,43
0,8193,30
0,0,57
0,0,73
0,8133,79
0,0,44
0,0,34
0,8046,58
0,8341,87
0,8341,72
0,0,52
0,0,44
0,8341,24
0,0,32
0,8007,40
0,0,71
0,0,71
0,8015,34
0,0,30
0,8082,76
0,0,74
0,8113,50
0,0,29
0,0,31
0,8443,39
0,0,47
0,8330,54
0,8159,53
0,0,44
0,0,50
0,0,38
0,0,49
0,0,52
0,0,60
0,0,43
0,0,87
0,0,72
0,0,79
0,0,46
0,8476,28
0,0,28
0,0,25
0,0,23
0,8004,37
0,0,51
0,0,69
0,8244,28
0,8244,77
0,0,25
0,0,26
0,0,76
0,8478,27
0,8338,49
0,0,87
0,0,72
0,0,33
0,8386,87
0,8386,72
0,8021,52
0,0,73
0,8097,29
0,0,44
0,0,36
0,0,34
0,8440,31
0,8440,21
0,8475,32
0,0,43
0,0,69
0,0,54
0,0,44
0,0,38
0,0,46
0,8483,24
0,0,59
0,0,45
0,0,53
0,8385,29
0,0,44
0,0,87
0,0,72
0,0,40
0,0,71
0,8104,51
0,8076,61
0,0,29
0,0,74
0,8448,79
0,0,59
0,0,70
0,0,40
0,0,40
0,8185,35
0,0,42
0,0,29
0,0,73
0,8429,44
0,0,72
0,0,56
0,0,32
0,8300,53
0,0,75
0,0,77
0,0,56
0,8359,25
0,0,58
0,8415,41
0,8415,63
0,8342,87
0,8342,72
0,0,33
0,0,54
0,8480,35
0,0,50
0,0,26
0,0,50
0,0,54
0,8334,38
0,0,53
0,0,27
0,0,50
0,0,54
0,0,19
0,8286,43
0,0,36
0,0,24
0,8415,59
0,8415,70
0,0,73
0,0,78
0,0,29
0,0,76
0,8230,28
0,8375,52
0,0,87
0,0,72
0,0,47
0,0,23
0,0,87
0,0,72
0,0,41
0,0,73
0,0,55
0,8461,60
0,0,35
0,0,60
0,0,78
0,0,71
0,0,49
0,0,48
0,0,72
0,0,79
0,8119,33
0,8172,70
0,8021,60
0,8482,22
0,0,42
0,0,53
0,8379,48
0,0,57
0,0,31
0,8317,59
0,0,56
0,8389,60
0,0,42
0,8417,23
0,0,45
0,0,33
0,0,23
0,8004,40
0,8004,84
0,8403,36
0,0,79
0,8351,39
0,8351,64
0,0,51
0,0,53
0,0,50
0,0,24
0,0,38
0,8363,56
0,8357,43
0,8233,22
0,8461,39
0,0,31
0,8021,57
0,8364,32
0,8429,76
0,8385,47
0,0,30
0,8242,59
0,0,28
0,0,60
0,8312,33
0,0,69
0,0,30
0,0,28
0,8369,57
0,0,40
0,0,45
0,0,56
0,0,79
0,8466,70
0,0,54
0,0,44
0,0,24
0,0,87
0,0,72
0,0,37
0,0,40
0,0,71
0,0,58
0,8269,58
0,0,30
0,8195,40
0,0,59
0,8019,28
0,8286,47
0,0,42
0,8025,71
0,0,79
0,0,53
0,0,27
0,0,54
0,8489,54
0,8073,46
0,0,43
0,8474,60
0,8417,70
0,0,73
0,0,30
0,0,45
0,8141,30
0,8369,33
0,0,44
0,0,30
0,8327,77
0,0,23
0,0,35
0,8437,69
0,0,54
0,0,35
0,8191,22
0,0,72
0,0,55
0,0,51
0,0,23
0,8431,75
0,8415,75
0,0,25
0,0,50
0,8452,42
0,0,26
0,0,37
0,0,37
0,0,84
0,0,55
0,0,59
0,8380,26
0,8115,69
0,0,78
0,8006,53
0,8033,76
0,0,73
0,8025,48
0,8025,75
0,0,34
0,8388,44
0,0,41
0,0,60
0,0,55
0,0,32
0,0,32
0,8351,69
0,0,29
0,0,50
0,0,26
0,0,77
0,0,55
0,0,49
0,8219,30
0,0,38
0,8427,41
0,0,31
0,8222,58
0,0,36
0,0,60
0,8005,23
0,8108,70
0,0,56
0,0,56
0,0,25
0,0,51
0,8219,32
0,8162,25
0,8162,72
0,0,87
0,0,72
0,8451,39
0,0,27
0,8363,23
0,8363,69
0,0,33
0,0,38
0,0,64
0,0,53
0,0,74
0,0,46
0,8117,87
0,8117,72
0,0,87
0,0,60
0,0,36
0,8434,28
0,8434,78
2,0,87
2,0,72
0,0,30
1,8243,47
1,0,41
0,8360,60
1,0,55
1,0,58
1,0,59
2,0,36
2,8057,52
1,8016,31
1,0,26
1,0,87
2,8177,75
1,0,35
1,0,50
2,0,78
1,8339,33
2,8014,32
1,0,42
1,8484,54
1,0,55
1,8254,36
2,8018,32
2,8353,26
0,8330,87
0,8330,72
1,0,75
2,0,77
1,0,46
1,8388,40
1,0,31
1,0,33
2,0,58
2,8435,31
1,8167,57
1,0,54
1,0,69
2,0,77
2,0,59
1,0,27
2,0,76
1,0,69
1,0,33
1,0,70
2,8449,28
1,0,27
1,8208,70
2,8234,51
1,0,23
1,0,30
1,0,46
1,8045,33
1,0,47
2,0,24
1,8276,52
1,0,47
1,0,69
1,0,69
2,8364,38
1,0,52
2,8132,52
2,0,57
2,8336,23
2,0,28
1,8431,46
1,0,30
0,0,38
2,0,32
0,0,38
0,8232,28
1,0,45
1,0,26
1,8091,53
1,0,50
0,8184,56
1,0,45
2,8489,57
1,0,50
1,8396,27
1,0,43
2,8405,23
2,8499,33
1,0,33
1,0,61
1,8226,33
2,8410,59
2,0,29
0,0,48
2,8249,44
0,0,51
1,0,75
1,0,78
1,8479,54
2,0,79
2,8388,61
1,0,57
1,0,53
2,8180,41
1,0,25
1,0,54
1,0,39
1,0,84
1,8378,50
1,0,48
2,0,42
1,8216,45
1,8311,28
2,0,34
1,8118,22
2,0,31
2,0,51
0,8404,23
2,0,30
1,8464,38
1,8063,49
1,0,46
1,0,70
2,0,37
2,0,84
1,8069,48
1,8217,29
1,8464,46
1,0,43
2,8330,79
1,0,39
1,0,40
1,8354,35
1,8354,70
1,0,43
2,0,57
1,0,41
1,0,84
1,0,32
1,0,32
1,0,56
2,0,36
1,0,34
1,0,42
1,8289,51
1,0,30
1,0,27
2,0,55
1,0,41
1,0,23
1,0,41
1,0,29
1,0,45
1,8322,47
1,0,30
1,0,34
0,0,33
1,0,57
1,8301,51
2,8089,51
2,0,28
2,0,28
1,0,32
1,0,59
1,0,38
1,0,56
2,8146,48
1,8099,30
1,8240,35
1,8384,61
2,0,22
1,0,58
1,0,45
1,0,29
1,0,33
1,0,33
1,8070,53
1,8054,41
1,8136,55
1,8394,55
1,0,23
1,0,23
1,8336,44
2,8187,26
1,0,39
1,8398,52
1,8495,22
2,8381,23
1,0,31
1,8446,37
2,0,25
1,0,43
1,8124,58
2,0,28
0,0,55
2,8243,55
1,0,52
1,0,52
0,8355,46
1,8437,33
2,0,87
2,0,72
1,0,22
1,8283,22
2,0,38
1,0,33
1,0,53
1,0,47
1,0,46
1,0,34
1,0,51
1,0,87
1,0,29
1,0,46
1,0,55
1,8406,41
1,0,27
2,0,38
1,8269,31
1,0,46
1,0,37
1,0,63
1,8454,50
0,8128,25
1,0,29
0,756,57
0,508,48
1,788,40
2,0,32
0,0,44
1,0,47
0,0,56
0,0,36
1,0,31
2,0,41
0,0,30
1,704,58
0,0,55
0,677,30
0,677,73
1,491,40
2,0,50
1,364,30
1,364,73
2,548,40
1,0,39
0,236,34
2,450,56
0,0,54
1,728,51
0,686,36
1,0,34
0,0,44
0,0,71
0,0,28
0,0,30
1,120,39
0,236,57
1,778,39
1,0,53
1,0,71
0,0,40
1,0,41
1,497,40
1,390,52
0,0,38
0,0,71
1,495,23
0,0,28
1,0,27
1,423,56
2,0,33
0,492,26
1,0,49
0,0,48
2,711,26
0,312,54
0,0,36
1,686,47
0,0,55
1,0,36
1,0,76
0,0,32
0,0,79
1,0,33
0,121,49
1,748,28
0,0,47
1,378,46
2,0,54
2,715,25
0,0,27
0,0,22
0,0,42
1,352,30
1,0,41
0,0,32
1,0,33
0,0,46
2,0,30
2,0,77
1,719,38
0,559,60
1,0,52
0,0,35
1,0,59
1,0,73
1,0,47
0,199,34
0,199,79
1,296,22
2,0,38
1,0,47
1,0,28
1,0,26
0,607,27
1,384,26
1,0,35
0,0,44
0,0,31
0,0,43
0,0,25
0,580,47
0,580,72
0,0,56
2,396,55
1,799,60
0,0,42
0,0,47
1,0,25
1,0,71
0,0,44
1,0,26
1,0,73
2,0,37
1,794,56
1,794,75
0,0,49
0,0,76
0,0,59
0,0,40
2,776,54
2,681,30
0,0,32
1,0,47
0,0,35
1,0,41
2,750,48
0,65,22
1,638,47
0,221,42
2,0,55
1,140,29
1,0,58
0,0,47
0,0,73
0,0,57
0,0,52
1,0,48
1,0,30
1,0,58
0,0,27
0,0,78
0,0,41
0,0,56
0,0,28
1,0,38
0,476,37
0,476,70
0,0,33
0,0,77
1,724,50
0,302,27
0,520,59
1,0,27
0,0,61
1,551,39
2,0,35
1,639,30
0,0,23
0,0,46
1,0,55
1,0,76
0,731,48
1,0,25
1,0,53
0,423,35
0,423,79
1,0,22
2,0,54
0,0,41
0,331,51
0,331,71
0,322,41
1,0,25
2,0,47
1,0,26
1,0,71
1,145,58
1,0,36
0,0,42
1,0,50
0,0,34
2,0,43
2,0,71
0,671,59
0,671,79
1,0,28
0,19,59
0,388,23
1,535,56
1,0,30
1,0,48
0,0,27
0,20,29
2,0,61
1,0,58
2,0,24
0,0,25
1,0,35
1,0,78
1,0,58
0,728,58
0,728,70
1,36,39
0,271,59
0,0,38
0,0,70
1,0,22
1,0,44
1,0,77
2,0,46
2,0,76
2,0,32
1,69,41
1,69,74
1,0,23
0,470,33
0,35,43
0,35,74
1,0,35
2,16,36
0,0,26
2,0,33
0,0,29
2,0,56
1,250,61
1,648,41
1,0,60
1,0,32
0,0,35
0,0,30
0,0,43
0,0,48
0,689,33
0,0,61
2,798,52
0,0,36
1,0,39
2,224,26
1,360,45
1,360,71
1,54,33
1,54,71
0,0,22
1,0,29
0,0,26
2,0,39
0,0,44
2,669,22
1,626,60
2,5,28
1,0,41
0,0,45
0,0,70
1,0,49
1,0,77
0,0,31
1,0,23
0,0,36
0,0,25
0,690,37
0,686,37
0,686,73
1,0,26
1,0,79
1,0,39
1,732,56
1,0,24
1,0,22
1,0,74
1,0,48
1,0,30
0,0,39
1,0,44
1,0,79
1,0,38
2,0,23
0,0,34
0,0,77
1,52,38
2,0,34
0,0,30
1,0,56
0,0,59
1,0,57
1,0,53
2,290,38
0,0,61
1,0,39
1,0,31
1,0,75
2,401,53
0,0,34
1,297,23
1,297,78
1,394,30
0,0,37
2,519,28
1,0,56
1,0,27
1,0,39
0,0,59
1,0,37
1,351,41
1,0,37
2,0,58
0,0,56
0,0,28
1,0,40
0,0,46
1,145,39
0,143,35
0,0,50
0,0,79
1,0,22
0,0,43
1,0,59
1,0,77
0,0,42
0,0,74
1,0,40
1,0,51
1,0,37
1,0,52
2,714,52
1,64,39
2,500,57
1,0,46
1,0,45
1,0,33
2,550,45
0,0,22
1,0,42
0,0,38
0,22,54
0,141,37
0,141,78
0,0,34
1,0,46
2,0,30
0,537,31
0,627,33
0,0,60
0,0,48
2,0,58
1,405,54
1,0,59
0,0,51
0,0,79
0,544,28
0,0,54
1,0,51
1,532,36
1,0,29
1,0,77
0,0,32
1,0,43
0,0,22
0,0,78
0,0,29
0,0,32
0,0,78
0,622,41
2,530,33
2,0,37
1,374,40
2,0,46
1,0,40
2,250,45
1,0,40
0,0,22
0,0,25
2,778,34
2,778,77
1,0,35
0,0,45
0,0,60
0,0,77
1,0,27
0,0,45
2,340,48
1,428,46
0,0,23
2,0,30
1,0,29
1,0,49
0,0,38
1,0,30
0,0,29
0,332,31
1,0,37
1,0,70
0,0,33
1,176,44
1,176,76
1,0,61
2,114,42
1,0,22
0,0,33
2,321,39
2,321,70
0,28,55
1,515,57
2,0,39
0,0,33
2,0,44
1,0,44
2,0,24
1,0,61
0,0,51
0,0,24
2,0,25
2,0,72
1,0,33
1,0,69
2,0,48
2,705,22
2,705,74
0,0,26
0,0,69
1,211,41
0,325,59
0,325,76
0,0,33
1,0,43
1,0,53
1,235,61
0,419,47
0,0,57
1,412,43
1,0,43
2,0,56
0,115,45
0,115,78
2,0,28
0,0,23
1,0,53
0,152,52
0,152,70
1,276,55
0,659,23
0,0,54
0,0,45
0,0,76
0,0,52
1,0,43
1,0,42
1,0,34
1,376,49
1,0,57
1,0,74
2,0,31
2,0,70
1,0,49
1,0,70
0,0,35
0,0,69
2,529,57
0,0,32
0,0,78
1,0,45
1,0,69
0,0,38
0,0,26
1,0,49
1,0,36
1,0,30
0,0,49
0,0,39
0,0,36
0,0,60
1,0,57
0,447,41
1,515,45
0,0,60
0,0,72
2,759,61
1,0,39
1,0,72
1,0,29
1,0,56
1,0,69
0,0,23
0,0,35
0,0,57
2,0,57
1,406,34
0,0,30
0,327,25
1,0,50
1,0,33
1,0,58
0,0,61
1,0,35
0,0,47
0,263,35
1,0,28
1,589,24
2,0,36
2,0,61
0,0,61
1,0,50
1,105,28
1,0,38
0,0,60
1,0,58
1,491,22
0,0,54
2,203,41
0,0,25
0,517,39
1,0,59
1,0,77
1,0,44
1,3,56
1,124,61
0,0,23
1,0,43
1,33,58
1,0,51
1,0,36
1,0,71
0,0,43
0,0,72
1,0,53
2,0,61
1,0,30
0,683,56
0,683,79
0,250,32
1,0,40
1,0,72
1,0,47
0,0,47
0,0,72
1,0,48
2,237,51
1,0,54
2,0,49
1,0,51
0,0,25
1,0,36
0,0,29
0,0,74
1,0,53
1,0,72
0,0,30
0,0,58
1,0,26
1,0,72
1,186,43
0,0,39
1,0,49
1,0,70
1,762,55
2,0,22
0,709,48
1,0,59
1,572,60
0,0,43
1,320,27
0,0,59
0,0,27
1,397,28
2,674,34
1,0,59
1,0,29
0,587,33
1,0,59
1,0,73
0,0,45
1,0,60
1,0,38
0,0,47
0,0,24
0,0,72
1,0,44
1,0,53
1,0,73
0,0,38
0,0,44
1,0,26
0,521,35
0,521,72
1,417,43
0,0,56
0,0,41
0,0,28
1,0,42
1,76,38
1,0,35
1,0,36
2,679,27
0,0,51
0,0,75
0,406,26
0,0,46
1,0,54
1,0,34
0,0,31
0,0,78
1,513,49
1,12,23
1,12,73
1,0,38
1,533,37
0,0,52
2,0,49
0,510,24
0,0,57
0,22,34
0,22,72
0,0,49
1,0,33
1,0,78
0,522,38
1,0,29
2,0,23
2,0,76
2,0,36
0,0,50
0,0,36
1,512,24
1,0,26
1,0,77
1,206,61
0,0,27
0,0,39
0,0,31
1,768,29
1,0,60
1,0,77
2,342,53
0,398,41
1,0,26
0,608,47
0,0,54
1,0,42
1,0,76
1,534,58
0,388,52
1,0,23
1,386,33
1,386,74
1,0,29
1,0,54
1,0,77
1,0,22
1,0,52
1,0,78
1,0,38
0,0,30
1,667,35
1,38,60
1,0,38
1,416,43
0,0,52
0,0,74
1,635,37
1,0,29
0,0,53
2,0,55
2,0,33
1,0,26
1,35,55
2,0,39
1,416,59
0,0,24
1,0,37
0,0,57
2,0,49
0,0,37
1,0,35
1,146,34
1,355,42
0,0,32
2,0,53
2,0,73
0,0,25
0,0,47
1,0,54
0,0,58
2,0,24
0,0,40
0,0,63
0,0,55
0,0,53
0,0,48
0,5420,42
0,0,33
0,0,32
0,0,47
0,0,46
0,0,74
0,0,61
0,0,34
0,5162,58
0,0,24
0,0,79
0,0,57
0,0,69
0,5357,28
0,5357,76
0,0,34
0,5368,35
0,5368,79
0,0,28
0,5619,29
0,5619,73
0,0,40
0,0,63
0,5566,59
0,0,39
0,0,64
0,0,23
0,0,47
0,0,26
0,5159,58
0,5159,69
0,5347,43
0,0,52
0,0,71
0,0,56
0,0,74
0,0,59
0,0,58
0,0,69
0,0,43
0,5005,27
0,5785,37
0,5785,64
0,0,59
0,0,70
0,5881,30
0,5881,78
0,5308,38
0,5308,63
0,0,71
0,5871,71
0,0,71
0,5199,71
0,0,54
0,0,55
0,5367,25
0,0,61
0,0,36
0,0,26
0,5060,45
0,5791,55
0,5379,52
0,0,46
0,0,87
0,0,56
0,0,72
0,0,22
0,5442,27
0,5377,26
0,0,46
0,0,47
0,5149,51
0,5149,76
0,0,51
0,0,58
0,5611,50
0,0,56
0,5083,47
0,0,55
0,0,70
0,0,23
0,0,53
0,0,69
0,0,27
0,0,61
0,0,69
0,0,49
0,5577,40
0,5577,63
0,0,25
0,0,57
0,0,71
0,0,34
0,0,50
0,0,45
0,0,76
0,0,57
0,5778,32
0,5778,79
0,5389,42
0,0,29
0,0,46
0,5713,40
0,5713,65
0,5290,44
0,0,49
0,0,49
0,0,59
0,0,25
0,0,26
0,5212,30
0,0,44
0,0,69
0,0,54
0,0,52
0,0,70
0,0,56
0,5108,36
0,5108,79
0,0,60
0,5605,22
0,5605,77
0,0,34
0,5192,44
0,0,53
0,0,42
0,5490,50
0,5070,87
0,5070,72
0,0,27
0,5504,49
0,5504,73
0,5696,50
0,5944,25
0,5097,31
0,0,44
0,0,35
0,0,22
0,0,25
0,0,54
0,0,46
0,0,57
0,0,48
0,5912,56
0,5912,75
0,0,59
0,0,79
0,5885,22
0,5233,52
0,0,36
0,0,36
0,0,24
0,5440,33
0,0,56
0,5010,33
0,5632,57
0,5827,48
0,5827,75
0,5057,50
0,5231,49
0,0,31
0,0,36
0,5323,59
0,0,87
0,5116,56
0,0,36
0,0,87
0,0,32
0,0,55
0,0,41
0,0,84
0,0,70
0,0,28
0,0,77
0,0,31
0,5095,22
0,5704,29
0,5704,77
0,0,45
0,0,53
0,0,36
0,5228,44
0,5228,79
0,0,59
0,0,52
0,0,56
0,0,44
0,5054,48
0,0,35
0,5933,30
0,5933,73
0,5298,43
0,5298,78
0,0,35
0,0,27
0,5246,46
0,0,52
0,0,25
0,0,53
0,0,73
0,0,50
0,0,70
0,5441,28
0,5358,30
0,0,35
0,0,35
0,0,34
0,0,51
0,0,78
0,5372,31
0,5585,44
0,0,58
0,0,87
0,0,79
0,5124,29
0,0,25
0,0,49
0,0,71
0,5613,54
0,0,44
0,0,72
0,5904,60
0,5672,40
0,5672,65
0,5320,53
0,5221,26
0,0,43
0,0,51
0,0,76
0,0,59
0,0,46
0,0,73
0,0,55
0,5585,58
0,5585,20
0,0,36
0,0,46
0,0,38
0,0,84
0,0,75
0,0,40
0,0,65
0,0,77
0,0,35
0,0,25
0,5646,58
0,5646,79
0,0,47
0,5641,48
0,5641,76
0,0,55
0,0,50
0,0,45
0,5163,27
0,0,61
0,0,44
0,0,56
0,0,50
0,0,40
0,0,64
0,0,39
0,0,65
0,0,23
0,5414,39
0,5414,65
0,0,40
0,0,84
0,0,49
0,0,38
0,0,84
0,0,32
0,0,37
0,0,64
0,0,32
0,0,34
0,0,69
0,5596,34
0,0,24
0,5609,59
0,5609,76
0,5443,50
0,0,28
0,5409,47
0,0,44
0,0,40
0,0,84
0,5602,50
0,5026,32
0,0,32
0,5455,35
0,0,39
0,0,63
0,0,51
0,5810,48
0,0,87
0,0,72
0,0,54
0,0,47
0,0,79
0,0,26
0,5512,87
0,5512,72
0,0,43
0,0,70
0,5867,28
0,0,38
0,0,64
0,0,23
0,0,43
0,0,37
0,0,63
0,0,40
0,0,64
0,0,71
0,5688,34
0,0,33
0,0,23
0,0,37
0,0,65
0,5910,33
0,0,27
0,0,22
0,0,24
0,0,35
0,0,59
0,5464,30
0,5265,42
0,5658,24
0,0,27
0,0,34
0,0,75
1,0,34
1,0,76
1,0,48
1,0,43
1,0,24
1,5689,30
1,0,39
1,0,84
1,0,76
1,5627,58
1,5928,41
1,5928,84
1,5917,56
1,5917,70
2,5257,52
2,5257,20
1,5612,42
1,0,42
2,5414,55
2,5414,69
1,0,59
1,5168,31
1,5943,36
0,0,52
1,0,30
1,0,38
1,0,65
1,5894,51
1,5550,39
1,5550,63
1,5528,48
1,5528,70
1,0,24
1,0,60
1,0,41
1,0,84
1,0,39
1,0,65
2,0,51
1,0,87
1,0,72
1,0,22
1,0,73
1,0,47
1,0,55
1,0,39
1,0,63
1,5884,23
0,5718,54
0,5711,61
1,5450,46
0,5030,48
1,0,59
1,0,26
1,0,58
1,0,28
1,0,47
1,0,57
0,5771,52
0,5771,70
1,0,34
1,0,44
1,5122,30
1,0,31
1,0,75
1,5728,52
1,5408,41
1,5408,63
1,0,46
1,0,79
0,5603,28
1,0,52
1,0,75
1,5568,57
1,5817,46
2,5220,29
1,0,87
1,0,72
1,0,42
1,5167,42
2,5195,53
1,0,30
1,0,35
1,0,39
1,0,63
1,5331,40
1,5331,65
0,5222,42
1,5318,49
1,5318,70
0,0,41
0,0,64
1,0,58
1,0,73
1,0,32
1,0,79
1,5253,54
1,5253,79
2,5906,24
1,0,30
0,0,49
1,0,43
2,5052,37
2,5052,64
1,0,61
1,0,53
1,0,26
1,0,77
1,5197,87
1,5197,72
1,0,48
1,0,51
1,0,40
1,0,63
1,0,70
1,0,31
1,0,44
0,5323,38
0,5323,64
0,5273,87
0,5273,72
0,5273,71
1,5134,42
1,0,43
1,5085,52
1,0,59
1,5739,31
1,0,25
2,0,37
2,0,65
1,5224,30
1,0,55
1,0,43
1,0,41
1,0,65
1,5594,43
1,5305,55
1,5484,87
1,5484,72
1,5424,37
1,5424,63
1,5132,31
1,0,26
1,0,78
1,5808,42
1,5695,22
0,0,51
0,0,53
1,0,29
1,0,29
1,0,42
1,0,56
1,0,70
1,0,48
1,0,36
0,5906,61
1,0,43
1,0,28
1,0,87
1,0,72
1,0,55
1,0,23
1,5090,40
1,5090,65
1,0,40
1,0,65
0,0,39
0,0,84
1,0,30
1,5327,35
1,0,30
1,0,70
0,0,26
0,5100,37
0,5100,63
1,0,43
1,5497,33
1,0,61
1,5512,56
0,0,87
0,5675,38
0,5675,64
1,0,53
1,0,43
0,5362,59
1,0,43
1,0,55
1,0,22
1,0,47
1,0,29
1,0,48
1,0,39
1,0,65
2,0,61
1,0,54
1,0,48
2,0,24
0,0,57
1,0,54
1,0,74
1,0,26
1,0,44
1,5331,46
1,5331,79
1,0,53
1,5009,29
1,5507,60
0,5800,60
2,0,28
1,0,36
1,0,52
1,0,79
1,0,24
1,0,35
1,0,47
1,5238,22
1,5216,59
0,5694,29
1,0,42
1,0,39
1,0,84
1,0,30
1,0,43
1,0,43
1,0,55
2,0,39
2,0,65
1,0,28
1,5354,87
1,5354,72
1,0,51
0,8365,47
0,0,58
0,8123,48
0,0,31
0,0,46
0,0,33
0,8051,54
0,8208,35
0,8208,74
0,0,30
0,8065,72
0,8064,52
0,0,45
0,0,44
0,8237,56
0,0,25
0,0,38
0,8353,55
0,0,87
0,0,72
0,0,70
0,0,57
0,0,31
0,0,87
0,8180,44
0,0,25
0,8451,42
0,8059,61
0,0,78
0,8222,44
0,0,33
0,0,59
0,8460,87
0,8460,72
0,0,59
0,0,49
0,8145,34
0,8219,31
0,0,75
0,8491,57
0,0,43
0,0,58
0,8477,54
0,8080,71
0,0,45
0,0,29
0,8137,50
0,0,61
0,8453,50
0,0,28
0,0,50
0,0,71
0,0,36
0,0,47
0,0,42
0,8060,57
0,0,59
0,0,27
0,8155,56
0,8406,72
0,0,27
0,0,77
0,0,25
0,0,29
0,0,24
0,8171,25
0,0,76
0,0,29
0,0,77
0,0,40
0,0,79
0,0,71
0,0,36
0,0,58
0,0,42
0,0,74
0,8345,28
0,0,30
0,8088,55
0,0,42
0,0,75
0,0,54
0,0,36
0,0,26
0,0,35
0,0,26
0,0,35
0,0,38
0,8225,55
0,8375,44
0,0,75
0,0,60
0,0,61
0,8285,41
0,0,47
0,0,87
0,0,72
0,0,73
0,8124,47
0,0,55
0,0,29
0,0,29
0,0,40
0,8462,48
0,0,22
0,8009,79
0,0,49
0,8150,33
0,8017,44
0,8285,46
0,0,56
0,0,79
0,0,34
0,0,26
0,0,31
0,0,72
0,0,23
0,8230,27
0,0,58
0,0,87
0,0,72
0,8219,50
0,8334,36
0,0,87
0,0,50
0,0,77
0,8272,41
0,0,58
0,8421,87
0,8421,72
0,8102,22
0,8116,70
0,8463,50
0,0,41
0,0,70
0,8493,32
0,0,71
0,8333,72
0,0,32
0,8344,45
0,0,78
0,0,42
0,8133,73
0,0,45
0,0,36
0,8287,45
0,0,38
0,8134,27
0,0,41
0,0,45
0,8349,60
0,0,48
0,8328,25
0,0,46
0,0,54
0,0,70
0,0,69
0,0,31
0,0,47
0,0,74
0,0,51
0,8201,41
0,0,45
0,0,73
0,8475,51
0,8083,52
0,8432,74
0,0,69
0,8226,33
0,0,33
0,0,28
0,0,50
0,0,54
0,8211,47
0,0,87
0,0,72
0,0,77
0,8177,45
0,0,31
0,0,25
0,0,32
0,8445,70
0,0,31
0,0,41
0,0,87
0,0,72
0,8352,56
0,0,41
0,8128,87
0,0,36
0,8092,87
0,0,28
0,8467,57
0,8048,25
0,0,57
0,8029,69
0,0,34
0,0,54
0,0,78
0,0,34
0,8288,42
0,0,55
0,8464,57
0,0,48
0,8001,44
0,0,79
0,0,71
0,8450,25
0,0,53
0,0,78
0,0,39
0,8252,24
0,8391,35
0,0,37
0,0,72
0,8329,72
0,8465,49
0,8465,70
0,0,35
0,0,75
0,0,25
0,0,28
0,0,31
0,0,47
0,0,76
0,0,26
0,8055,71
0,8378,39
0,0,51
0,0,77
0,0,39
0,8165,35
0,0,43
0,0,69
0,0,23
0,0,49
0,0,30
0,0,39
0,0,54
0,0,42
0,0,72
0,0,58
0,0,23
0,0,37
0,0,23
0,0,59
0,0,79
0,0,52
0,0,77
0,8338,28
0,0,78
0,0,23
0,0,42
0,0,48
0,0,60
0,0,23
0,0,52
0,0,22
0,8133,54
0,8133,74
0,0,40
0,8436,60
0,8254,55
0,0,47
0,0,87
0,0,40
0,8067,30
0,0,25
0,0,31
0,0,79
0,0,75
0,8368,70
0,8113,87
0,8113,72
0,8324,28
0,8124,55
0,8124,70
0,0,27
0,0,37
0,8469,43
0,0,87
0,8174,22
0,8174,78
0,0,57
0,8340,43
0,0,27
0,0,59
0,8139,29
0,0,69
0,0,33
0,0,24
0,0,61
0,8335,77
0,8241,43
0,8376,40
0,8376,65
0,8376,71
0,8178,61
0,0,59
1,0,28
1,0,69
2,0,69
1,0,43
1,0,73
2,0,24
1,8156,59
1,0,53
1,8257,37
1,0,70
1,0,32
1,8114,57
1,0,41
2,8368,38
1,8187,87
1,8187,72
2,8281,38
1,0,24
1,0,57
1,0,39
1,0,84
2,0,40
1,0,58
1,8012,59
1,8117,56
1,0,59
0,0,36
1,8095,33
1,0,48
0,8182,48
2,8438,39
1,0,34
1,0,45
1,8357,59
2,0,54
1,0,70
1,0,55
1,0,87
1,0,72
1,8019,41
1,0,33
2,8105,61
2,8105,71
1,8488,34
1,8488,72
1,8467,71
1,0,27
1,0,59
1,0,76
1,0,52
1,8496,26
1,0,27
1,0,33
1,0,55
1,0,54
2,0,57
1,8061,78
2,8065,60
1,0,42
2,8028,79
1,0,54
1,0,38
1,0,84
2,8334,25
1,0,29
1,0,57
2,0,45
2,0,28
1,8447,33
1,8447,74
0,0,49
1,8167,41
2,0,34
2,8384,22
1,8239,45
1,0,38
1,8383,56
2,0,49
1,0,70
2,0,45
1,0,59
1,0,73
1,0,54
0,0,48
2,0,31
1,0,78
0,8209,49
2,0,28
1,0,29
2,8169,26
2,8365,53
2,8392,87
2,8392,72
1,8418,42
1,8215,55
1,8215,76
2,0,71
1,0,25
1,0,60
1,8476,32
1,0,35
1,8397,47
0,8412,75
2,8019,61
0,0,53
2,8075,70
1,0,37
1,8442,33
1,0,51
1,8486,22
1,8384,35
2,0,56
1,0,22
2,0,60
1,8327,87
1,0,30
1,0,58
1,0,42
1,8450,46
1,0,26
1,8061,42
2,0,60
1,8138,87
1,8138,72
2,0,29
1,0,87
1,0,72
1,0,60
2,8224,61
1,0,45
1,8011,22
1,8026,48
1,8009,47
1,0,50
2,8016,52
1,8109,55
2,0,61
2,0,49
1,0,29
1,0,87
1,0,72
1,0,23
1,0,44
2,8343,60
2,0,34
1,0,50
1,0,55
2,8181,30
1,0,47
2,0,60
1,8042,27
1,8233,49
2,0,57
1,8082,34
1,0,22
1,0,45
1,8285,27
1,8242,47
0,8088,60
1,0,44
2,0,56
1,0,27
1,0,29
1,8318,54
1,0,41
1,0,34
1,8012,27
0,8338,39
1,8451,30
1,0,35
1,0,53
1,0,58
1,0,22
1,8324,30
1,0,34
1,0,55
1,0,30
1,0,48
1,8034,36
1,8079,30
0,0,38
1,0,46
2,0,36
1,8274,47
1,8307,42
1,0,39
1,8055,31
1,8353,57
1,8440,30
1,0,47
1,8034,31
2,0,44
1,0,32
1,0,34
1,0,35
1,8190,31
2,0,28
1,8171,49
1,8234,40
1,8334,33
1,8086,56
2,0,49
1,0,42
1,8258,49
2,0,23
1,0,28
1,8190,49
1,0,56
1,0,58
1,0,43
1,8144,30
1,0,33
1,0,29
1,8179,41
2,0,57
1,8294,34
1,0,42
1,8105,30
1,8025,39
1,8025,84
1,704,49
1,704,79
1,0,30
1,95,22
1,0,22
1,0,75
1,0,45
1,0,28
2,0,44
1,0,25
0,697,50
0,697,71
0,0,27
2,0,43
0,0,53
1,0,33
2,516,57
1,0,24
1,0,42
1,0,22
0,0,28
0,53,32
0,53,69
0,0,56
0,631,30
1,0,55
0,538,32
0,538,77
1,326,54
1,326,79
2,0,51
0,0,45
1,0,24
1,787,43
2,0,37
1,0,42
2,258,30
0,0,49
0,0,76
1,0,29
0,0,46
0,0,77
2,579,25
2,579,78
1,0,57
1,0,74
1,0,36
1,232,53
2,0,24
0,0,31
0,0,38
1,0,25
0,540,35
2,0,34
1,0,59
1,0,30
1,0,39
1,0,40
1,0,45
1,0,72
1,231,24
0,0,31
1,0,29
0,0,26
0,194,45
0,386,54
0,386,69
0,0,33
1,0,49
1,0,69
1,0,54
0,0,30
0,0,45
1,0,30
2,0,47
0,617,40
0,0,51
2,0,59
0,82,37
1,0,61
0,743,52
1,685,23
1,685,76
0,0,23
0,0,37
0,0,77
2,0,57
1,0,52
1,0,26
1,0,44
2,0,38
1,255,58
0,0,27
1,0,39
0,0,40
1,0,25
1,0,51
2,392,47
1,0,37
0,0,45
0,263,43
2,0,48
1,0,37
0,283,57
0,283,78
2,350,22
1,0,27
2,0,44
0,0,31
0,0,44
2,573,24
0,0,35
2,0,33
0,0,46
1,394,23
0,0,44
1,0,33
2,503,41
1,0,24
0,0,47
0,739,44
0,0,27
1,181,33
1,272,23
1,272,79
1,242,46
0,0,42
2,0,44
2,111,50
2,111,72
2,0,35
0,128,30
1,0,31
1,0,46
0,0,54
1,533,24
1,628,54
2,0,49
0,0,23
1,0,47
1,0,72
1,0,26
1,0,38
0,0,40
0,495,42
1,0,48
1,0,41
1,0,43
1,22,41
0,0,61
0,0,77
0,0,44
0,0,37
1,0,58
1,0,42
1,193,31
0,0,31
1,0,32
1,0,75
1,0,48
0,0,53
1,0,45
0,0,38
1,229,61
0,172,45
1,323,43
0,0,54
1,0,59
0,0,51
0,691,32
2,0,27
1,0,29
1,0,30
1,0,71
1,0,53
0,23,48
0,0,28
1,0,43
1,40,55
1,599,50
2,0,39
0,0,52
1,0,50
1,0,38
0,0,45
1,336,43
1,0,36
1,0,58
1,0,38
0,0,42
1,0,35
0,0,44
1,27,44
0,706,37
1,164,54
0,0,58
0,0,34
0,0,79
1,0,48
0,0,32
0,0,55
1,451,28
0,0,61
1,537,25
1,537,69
0,0,24
0,0,75
0,172,47
2,0,60
2,0,55
2,771,44
2,0,45
0,0,36
1,544,29
1,0,39
1,0,31
0,419,37
1,357,24
1,357,77
0,0,40
0,330,28
2,0,60
2,0,57
1,0,28
1,0,46
0,0,32
1,57,30
0,178,28
1,0,60
2,0,27
0,0,29
1,516,34
1,0,37
1,0,72
1,0,61
2,0,22
2,0,77
1,0,26
2,798,58
2,798,73
1,502,56
1,0,43
0,0,47
1,0,60
1,0,79
2,617,55
2,562,61
1,0,41
1,0,70
0,777,52
0,777,76
0,0,45
1,0,51
0,0,34
0,141,30
1,0,24
0,0,61
2,0,46
0,798,31
0,0,56
0,587,29
0,0,48
1,0,56
1,0,35
0,241,32
0,615,25
2,0,50
1,656,53
1,0,47
0,0,24
0,0,34
1,547,36
1,608,57
0,89,59
0,539,22
1,0,44
2,0,47
1,0,44
1,0,38
1,0,57
0,612,38
1,2,58
0,0,25
0,0,79
0,0,41
1,448,26
0,0,54
1,0,30
0,562,40
0,0,34
1,704,28
2,0,22
0,210,38
1,0,51
0,507,58
2,0,53
1,0,46
1,729,54
1,46,58
0,0,30
1,0,23
0,109,34
2,0,56
2,0,71
1,0,54
0,0,26
1,0,36
0,0,22
1,0,27
0,0,35
0,0,58
0,0,32
0,0,49
1,0,34
1,0,73
0,0,41
1,0,37
1,0,75
1,0,42
0,0,40
0,0,76
0,0,44
1,0,40
1,0,32
1,24,54
2,0,29
0,0,50
1,0,46
0,0,28
1,0,49
1,0,75
1,0,59
1,0,42
1,0,70
1,0,40
2,305,47
0,65,34
1,0,31
0,509,23
2,0,52
0,0,23
1,0,43
1,0,25
1,0,77
1,0,27
1,0,28
2,672,24
2,0,26
1,595,54
0,621,58
1,0,53
2,0,30
1,0,32
1,0,50
0,694,32
0,80,52
1,0,53
0,179,41
0,133,45
0,0,29
1,0,57
1,8,52
2,611,23
2,611,75
0,25,42
0,0,30
1,0,37
1,0,28
0,0,51
0,0,59
2,547,22
2,547,71
0,0,61
2,0,43
1,754,27
1,0,29
2,160,36
0,0,34
0,0,74
0,0,42
0,0,28
0,0,70
1,0,59
1,162,26
0,0,50
0,0,58
2,0,55
0,0,31
0,0,41
1,0,45
2,0,44
1,0,59
1,0,71
0,0,38
0,0,29
0,0,75
1,0,57
0,0,53
1,75,31
2,211,38
1,0,59
1,0,22
2,0,57
1,0,36
1,0,74
0,0,61
1,774,48
2,0,26
2,741,24
0,0,59
2,644,54
0,0,25
1,0,27
2,0,31
2,0,57
0,0,42
1,545,28
2,558,58
1,456,40
0,0,30
2,769,38
1,0,36
0,0,38
0,0,73
2,0,37
2,0,71
1,0,56
1,0,53
0,358,28
0,358,70
0,385,50
1,0,34
2,0,53
1,0,50
0,0,58
1,577,55
1,0,26
0,48,27
1,0,53
1,0,70
1,0,37
1,0,49
1,0,73
2,0,50
2,0,30
0,0,28
2,0,52
1,711,30
0,753,31
0,0,50
1,0,45
1,0,70
0,0,26
0,0,50
0,0,59
0,177,46
2,730,60
2,730,73
0,607,38
1,537,45
0,0,24
0,0,61
0,0,31
0,0,29
0,0,60
0,0,73
2,251,26
1,0,42
0,0,48
0,0,44
2,0,23
1,0,31
0,710,60
1,0,35
1,0,46
1,493,58
1,0,34
1,0,38
2,0,32
1,450,55
2,0,22
0,324,52
0,0,56
0,0,36
0,0,60
2,0,59
1,0,50
0,0,44
1,37,24
1,0,48
1,0,40
1,353,31
1,0,44
1,0,25
1,0,70
0,278,46
1,0,29
0,582,45
0,311,58
0,0,36
2,0,41
2,0,33
0,770,49
0,461,32
1,0,60
0,0,24
0,0,39
0,0,37
1,0,59
1,0,33
1,0,48
1,0,79
0,155,54
0,155,72
1,0,32
1,0,35
1,0,76
1,0,53
1,0,28
0,0,37
1,0,55
2,0,51
1,0,53
1,0,22
1,0,27
1,753,38
0,0,36
1,0,41
0,0,59
1,634,22
2,296,53
1,0,56
0,0,61
0,288,40
1,176,60
0,0,57
1,0,30
2,0,34
1,0,36
1,0,72
1,235,31
0,0,25
1,0,60
0,0,43
1,0,32
1,0,75
1,36,47
1,461,22
0,300,43
0,0,34
1,0,54
2,745,33
2,302,54
1,364,25
0,0,48
0,493,48
0,0,51
1,0,31
0,567,35
2,547,31
2,547,70
0,699,27
0,699,76
1,0,24
0,0,31
0,0,38
0,0,75
1,0,28
0,0,59
1,0,26
1,0,27
2,157,58
0,0,50
1,720,47
0,5557,53
0,0,32
0,5242,46
0,5086,53
0,5647,36
0,0,58
0,0,71
0,0,87
0,0,72
0,0,72
0,5528,87
0,0,25
0,0,35
0,0,44
0,5564,54
0,0,28
0,0,47
0,0,41
0,0,84
0,0,45
0,0,27
0,0,38
0,0,64
0,0,46
0,0,24
0,0,30
0,0,45
0,0,72
0,0,49
0,0,38
0,0,65
0,0,38
0,0,65
0,0,61
0,0,45
0,0,59
0,0,41
0,0,64
0,0,70
0,5509,46
0,5869,26
0,0,51
0,0,28
0,0,79
0,0,55
0,0,55
0,0,22
0,0,70
0,5530,47
0,0,53
0,0,53
0,0,57
0,0,70
0,0,45
0,0,32
0,0,69
0,0,57
0,0,29
0,5497,44
0,0,27
0,0,34
0,0,39
0,0,64
0,0,77
0,5167,56
0,0,29
0,0,35
0,0,23
0,5645,47
0,5620,30
0,0,30
0,0,26
0,0,73
0,0,45
0,0,73
0,5499,44
0,5499,72
0,5506,57
0,5081,27
0,0,35
0,5687,87
0,5687,72
0,0,31
0,0,29
0,0,27
0,0,77
0,0,31
0,0,25
0,5600,23
0,0,60
0,5877,29
0,0,46
0,5005,38
0,5005,63
0,0,25
0,5077,87
0,5077,72
0,5014,45
0,5894,31
0,0,34
0,0,75
0,5428,25
0,0,27
0,0,46
0,0,45
0,0,58
0,0,72
0,0,54
0,5803,34
0,0,52
0,0,32
0,5431,46
0,0,45
0,0,53
0,5052,50
0,0,23
0,0,53
0,0,46
0,0,45
0,0,69
0,5921,54
0,0,58
0,0,52
0,0,54
0,0,32
0,0,73
0,0,47
0,0,58
0,0,87
0,0,72
0,0,40
0,0,65
0,0,37
0,0,65
0,0,50
0,0,25
0,0,78
0,0,29
0,0,25
0,0,77
0,5449,38
0,5449,63
0,5179,55
0,0,61
0,0,51
0,5066,42
0,0,87
0,0,72
0,0,27
0,0,79
0,0,54
0,5768,40
0,5768,63
0,0,32
0,0,52
0,0,71
0,0,37
0,0,63
0,0,31
0,5510,37
0,5510,65
0,0,26
0,5259,25
0,5085,52
0,5085,72
0,5025,29
0,5025,77
0,0,36
0,0,45
0,0,31
0,0,36
0,0,60
0,0,28
0,5096,58
0,5867,58
0,5867,71
0,5778,58
0,0,57
0,5516,49
0,5372,24
0,0,55
0,5808,49
0,5808,78
0,0,46
0,0,71
0,5856,23
0,5915,40
0,5915,84
0,0,46
0,0,47
0,5769,87
0,0,43
0,5543,60
0,5543,75
0,5528,32
0,0,36
0,0,35
0,5754,57
0,0,30
0,0,45
0,0,77
0,5261,34
0,5261,73
0,0,53
0,5683,42
0,0,27
0,0,46
0,0,46
0,5301,38
0,5301,84
0,5301,19
0,0,26
0,5242,29
0,0,55
0,0,37
0,0,84
0,0,43
0,0,73
0,0,56
0,0,38
0,0,63
0,0,61
0,5392,53
0,0,59
0,0,56
0,5651,33
0,0,22
0,0,32
0,0,38
0,0,64
0,0,75
0,0,59
0,5861,38
0,5861,63
0,0,36
0,0,50
0,0,59
0,5292,30
0,0,41
0,0,65
0,0,45
0,0,37
0,0,84
0,0,59
0,0,48
0,5277,47
0,0,87
0,0,72
0,0,73
0,0,57
0,0,46
0,0,72
0,5480,52
0,5480,78
0,0,22
0,0,30
0,0,29
0,5440,29
0,5819,87
0,0,31
0,5916,57
0,5919,44
0,5717,59
0,5717,71
0,0,28
0,0,52
0,5535,50
0,0,87
0,5700,32
0,5563,46
0,0,48
0,0,28
0,0,37
0,0,63
0,5636,31
0,0,36
0,5809,44
0,5809,75
0,0,34
0,5694,42
0,0,35
0,5451,53
0,0,60
0,5704,46
0,0,57
0,0,70
0,5382,46
0,5887,40
0,5887,63
0,5887,69
0,0,61
0,0,78
0,0,53
0,0,59
0,0,79
0,5296,45
0,5296,72
0,0,46
0,0,22
0,5818,35
0,0,31
0,0,58
0,0,55
0,5509,39
0,5509,63
0,5509,74
0,0,27
0,0,24
0,0,50
0,0,44
0,0,34
0,0,71
0,0,35
0,0,40
0,0,64
0,5075,48
0,5075,76
0,0,61
0,5353,56
0,5268,50
0,5218,26
0,5408,23
0,0,37
0,0,84
0,0,53
0,0,55
0,0,30
0,0,57
0,0,59
0,5398,59
0,0,34
0,0,43
0,0,52
0,0,50
0,0,22
0,0,39
0,0,84
0,0,25
0,0,87
0,0,72
0,0,79
0,0,34
0,0,31
0,5620,31
0,0,54
0,0,46
0,0,27
0,0,75
0,0,40
0,0,63
0,5497,36
0,0,48
0,0,25
1,5922,41
1,5922,84
1,0,44
1,0,76
1,0,40
1,0,63
1,5908,44
0,0,47
1,5413,56
1,0,54
1,5014,35
1,0,25
1,5744,87
1,5744,72
1,5744,70
1,0,58
1,5854,56
1,5732,47
1,5276,58
1,5269,45
1,5364,38
1,5364,65
1,5136,61
1,0,56
2,0,23
1,0,60
1,0,60
1,5084,55
1,0,60
1,5087,57
1,5089,30
1,0,32
0,0,23
1,5674,27
1,5240,40
1,5240,65
1,5258,24
1,0,39
1,0,84
1,0,28
1,5009,26
2,0,45
1,0,26
1,5879,42
0,0,41
0,0,65
2,0,50
2,0,69
1,0,32
1,0,32
1,0,34
1,5182,25
1,5182,71
1,5533,57
0,0,56
1,5866,50
0,5387,51
1,0,40
1,0,64
1,0,73
1,0,28
1,0,29
1,0,50
1,0,56
1,0,33
1,0,51
1,5678,41
1,5678,63
1,0,56
1,0,78
1,0,23
1,0,49
1,0,37
1,0,84
1,0,41
1,0,65
1,5683,42
0,0,28
1,5804,60
1,0,40
1,0,64
2,5568,32
2,5568,69
1,5026,52
1,5026,78
1,0,34
1,5941,44
1,0,46
1,0,24
1,0,40
1,0,84
1,5288,52
0,0,37
0,0,65
1,0,59
1,0,79
1,5412,51
2,0,58
2,0,79
1,5564,61
1,5564,78
0,0,27
0,0,71
1,5362,22
1,0,32
1,0,47
1,0,38
1,0,65
0,0,24
1,0,23
1,0,20
1,5119,87
1,5119,72
1,0,57
1,0,79
1,0,59
1,0,27
1,0,45
1,0,31
1,0,78
1,0,31
1,5854,29
1,0,55
1,0,76
1,0,27
0,5920,34
1,0,87
1,0,28
1,0,33
1,0,61
1,5378,87
1,5378,79
1,0,50
1,0,77
1,5327,47
1,0,49
1,0,57
1,5424,57
1,0,48
1,0,34
0,0,87
0,0,72
0,0,52
1,0,22
1,5537,30
1,0,59
1,0,45
1,0,38
1,0,64
1,0,76
1,5601,25
1,5493,43
1,5015,25
1,0,61
1,0,78
1,0,60
1,0,36
1,5051,49
1,0,49
1,5728,54
1,5719,25
1,0,59
1,0,57
1,0,57
1,0,69
2,5453,41
2,5453,65
1,5719,38
1,5719,63
1,0,52
1,0,78
1,0,40
1,0,65
1,0,23
1,5576,50
1,0,49
1,0,28
1,5350,31
2,0,44
2,0,75
1,0,23
1,0,45
1,0,30
1,0,71
1,0,43
0,5936,42
1,5058,43
0,0,57
0,0,45
1,0,57
1,5779,31
1,0,87
1,0,42
1,5929,39
1,5929,64
1,0,55
1,0,58
1,5012,40
1,5012,64
1,0,42
0,0,56
1,0,46
1,0,33
1,0,38
1,0,65
1,0,27
1,0,79
0,0,29
0,0,77
1,0,23
1,0,73
1,5782,49
0,8069,40
0,8069,63
0,0,54
0,0,48
0,0,78
0,8076,51
0,0,53
0,0,33
0,0,78
0,0,26
0,0,32
0,0,77
0,8104,37
0,8256,87
0,8256,69
0,0,58
0,0,69
0,8357,58
0,8407,43
0,0,47
0,8202,73
0,8024,33
0,0,47
0,0,31
0,8120,23
0,0,79
0,0,53
0,0,46
0,0,25
0,0,26
0,8248,40
0,8248,64
0,0,55
0,0,31
0,0,39
0,0,60
0,0,25
0,0,29
0,8078,41
0,0,43
0,0,70
0,0,38
0,0,64
0,0,71
0,8466,71
0,8261,73
0,0,50
0,0,23
0,8440,71
0,0,69
0,8350,45
0,0,56
0,0,44
0,0,27
0,8459,46
0,0,55
0,0,36
0,0,39
0,0,22
0,8211,28
0,0,87
0,0,72
0,0,36
0,8344,28
0,0,32
0,8248,75
0,0,73
0,0,77
0,0,56
0,8128,22
0,8428,45
0,0,73
0,0,33
0,0,39
0,0,64
0,0,79
0,0,51
0,0,69
0,0,75
0,0,52
0,8337,46
0,8463,41
0,8463,84
0,0,87
0,0,72
0,8215,75
0,0,37
0,0,64
0,8177,22
0,0,31
0,0,69
0,8357,25
0,8236,44
0,0,73
0,0,40
0,8493,87
0,8493,72
0,0,76
0,0,39
0,0,55
0,0,53
0,0,70
0,0,50
0,0,45
0,0,74
0,0,27
0,8218,78
0,8337,32
0,8337,71
0,0,87
0,0,72
0,8429,56
0,0,61
0,0,52
0,0,39
0,8176,25
0,0,87
0,0,72
0,0,22
0,0,58
0,0,52
0,0,26
0,0,78
0,8177,28
0,0,29
0,0,23
0,0,31
0,0,75
0,0,53
0,0,79
0,0,46
0,8014,54
0,0,52
0,8175,47
0,8122,55
0,8232,48
0,8386,45
0,8456,26
0,0,26
0,8360,26
0,0,55
0,0,52
0,0,27
0,0,31
0,0,35
0,8117,38
0,8117,64
0,0,22
0,8218,40
0,8188,53
0,0,54
0,0,59
0,8327,60
0,8469,43
0,0,40
0,0,50
0,0,45
0,0,48
0,0,36
0,0,45
0,8468,61
0,8297,38
0,8072,54
0,0,25
0,8493,19
0,0,32
0,0,54
0,0,52
0,8497,34
0,0,53
0,0,76
0,8113,48
0,0,60
0,8147,53
0,8428,87
0,8428,72
0,0,46
0,0,46
0,0,61
0,0,37
0,8158,33
0,0,24
0,0,26
0,0,50
0,0,79
0,8000,47
0,0,72
0,8243,76
0,0,55
0,0,69
0,8443,25
0,0,69
0,8099,45
0,0,27
0,0,71
0,8307,56
0,0,28
0,0,72
0,0,59
0,0,23
0,0,71
0,8157,39
0,0,40
0,0,64
0,8102,24
0,0,43
0,8228,60
0,8249,78
0,0,40
0,0,60
0,0,41
0,0,57
0,0,46
0,8382,52
0,8382,79
0,0,87
0,0,72
0,0,38
0,8132,25
0,0,43
0,0,58
0,0,76
0,8411,61
0,0,33
0,0,71
0,0,87
0,0,25
0,8396,58
0,8444,24
0,0,32
0,8179,55
0,0,38
0,8129,36
0,0,26
0,0,76
0,0,53
0,0,60
0,0,33
0,0,57
0,0,57
0,0,40
0,0,42
0,8250,48
0,8118,78
0,0,42
0,0,36
0,8420,71
0,8034,74
0,0,79
0,8317,49
0,8242,24
0,0,58
0,0,33
0,0,34
0,0,29
0,0,40
0,0,61
0,8059,70
0,8282,24
0,8282,71
0,0,36
0,0,36
0,8313,47
0,0,40
0,0,74
0,0,42
0,8336,87
0,0,61
0,0,39
0,0,78
0,0,42
0,0,30
0,0,31
0,0,28
0,8341,69
0,0,40
0,0,64
0,8331,77
0,8395,36
0,0,56
0,0,46
0,0,42
0,0,38
0,0,41
0,8177,50
0,8413,74
0,8266,41
0,0,87
0,0,72
0,0,74
0,0,70
0,0,73
0,0,87
0,0,72
0,8182,73
0,0,38
0,0,56
0,0,46
0,0,34
0,0,55
0,0,25
0,0,51
0,0,40
0,8308,37
0,0,23
0,8489,45
0,0,87
0,0,72
0,0,39
0,8341,53
0,0,51
0,0,31
0,8246,56
0,0,43
0,0,36
0,8213,53
1,0,42
2,0,24
1,0,27
2,0,25
1,0,39
1,8193,71
1,0,25
1,0,60
1,8425,54
1,0,52
1,0,74
0,8291,37
2,8338,56
2,0,24
1,0,46
2,0,23
2,8161,71
1,0,26
1,8375,41
1,0,57
2,8145,53
1,8127,58
1,8339,43
1,0,23
1,0,40
1,0,22
1,0,76
2,0,87
1,0,54
1,0,31
0,8019,49
0,8389,54
1,0,52
1,8044,61
1,8376,35
1,0,37
0,0,69
1,8306,45
2,0,30
2,0,47
2,0,38
2,0,64
1,0,71
2,0,71
1,0,45
1,0,71
1,8314,77
1,0,39
1,8086,54
1,0,60
1,0,61
1,0,87
1,0,72
1,8458,23
1,0,44
1,8200,57
1,0,28
1,0,73
2,8345,55
2,8172,53
1,0,51
1,8082,71
1,0,32
1,8101,79
0,0,52
1,8451,44
1,8434,78
2,0,25
1,0,61
1,0,31
1,8106,61
1,0,26
1,8374,87
1,8374,72
1,0,59
2,8146,47
2,8146,72
2,8335,34
1,0,29
2,0,61
1,0,36
1,8258,59
1,0,23
1,8342,52
2,8136,28
1,0,23
1,8227,40
2,0,43
1,0,29
1,0,52
1,0,34
1,8034,36
1,0,44
1,0,32
1,8043,46
1,0,73
1,8466,24
1,8387,57
1,8128,23
1,0,87
1,0,72
1,0,40
1,0,44
1,8176,36
2,0,58
2,8195,27
1,0,87
1,0,78
1,0,42
1,0,36
1,0,79
0,8076,69
1,0,47
1,8281,73
1,0,46
1,8008,33
1,0,29
2,8230,87
2,8230,72
1,0,29
1,0,34
1,8138,35
1,8188,57
1,0,51
1,0,58
0,0,23
1,0,29
1,0,54
1,0,33
2,8311,34
1,8366,60
1,0,40
1,8129,37
1,0,58
1,8330,44
2,8032,59
2,8160,47
1,8096,22
1,0,26
1,0,59
1,0,41
1,8190,56
1,8146,43
1,8046,49
1,0,52
1,0,55
1,0,37
1,8413,37
2,0,23
1,0,24
2,0,43
1,8031,55
1,0,59
2,8135,50
1,0,48
0,8316,52
2,0,25
1,0,61
1,0,37
1,0,22
1,0,53
2,8329,43
1,0,25
2,8016,25
0,0,56
1,0,36
1,0,46
1,0,47
1,0,30
1,8160,25
1,8351,26
1,0,31
0,0,61
1,8175,31
1,0,56
1,0,55
2,0,33
1,0,36
1,0,31
0,0,58
1,0,39
2,8354,52
1,8320,50
1,8367,35
1,0,87
2,0,59
1,0,33
1,0,27
1,0,37
2,0,54
1,0,25
1,0,60
0,0,49
1,0,31
1,0,38
1,0,70
1,0,24
1,0,25
1,0,78
1,0,44
1,0,71
0,267,40
0,0,60
0,210,55
1,774,44
1,0,43
1,0,42
0,0,52
0,0,74
0,0,26
0,0,35
1,0,37
1,0,52
0,634,29
1,0,35
1,0,40
1,469,47
2,0,51
0,149,51
1,0,36
2,76,49
1,404,22
2,317,30
2,317,71
0,0,39
0,534,36
1,48,27
1,467,49
1,0,35
0,0,38
1,797,27
1,0,26
1,0,74
0,204,38
0,0,30
1,318,47
0,449,28
0,0,33
0,0,74
0,0,41
1,783,39
1,783,79
1,0,29
1,0,36
1,686,58
1,593,36
1,0,60
1,0,79
1,511,48
0,96,24
1,0,27
1,608,29
0,0,27
0,0,73
1,0,38
1,0,75
0,785,57
1,0,53
1,677,34
2,0,28
0,0,33
0,0,71
1,0,56
1,0,22
2,0,44
0,0,33
0,0,33
0,0,39
0,302,36
2,0,31
1,606,38
0,0,24
1,507,52
0,0,22
1,651,30
1,0,60
0,0,58
1,0,59
1,0,52
0,580,53
1,0,55
1,411,29
1,0,49
1,149,25
0,0,41
0,0,40
0,0,72
1,536,56
1,0,29
1,356,29
2,0,23
2,0,77
1,47,40
1,0,28
1,771,52
2,546,51
1,95,47
0,127,34
1,0,43
1,0,77
2,336,47
0,452,36
1,131,42
1,131,78
1,0,52
2,0,37
1,0,36
0,56,45
0,0,27
0,0,49
2,0,60
1,0,32
1,0,69
0,479,25
1,223,50
1,223,70
0,661,35
0,0,37
1,320,34
1,0,30
1,0,28
1,58,52
1,58,76
1,0,61
0,0,32
2,307,58
1,0,32
1,0,75
0,0,57
1,0,22
1,95,57
1,507,46
0,0,39
0,0,78
0,0,50
2,0,41
0,0,53
0,0,77
0,796,42
1,49,45
1,0,27
0,0,49
2,0,58
1,0,36
0,707,32
2,0,29
0,0,61
1,0,35
0,0,57
1,426,27
1,0,59
0,0,41
0,0,50
0,0,31
1,0,57
0,4,61
1,0,55
1,0,54
1,0,46
1,0,32
1,0,23
0,208,39
0,0,49
1,0,38
2,0,52
2,0,79
2,0,31
0,55,35
1,0,35
0,0,25
1,615,61
1,0,42
2,337,25
0,0,45
0,0,75
1,222,48
1,0,61
0,0,51
1,0,40
1,0,46
0,0,40
1,0,37
1,576,41
0,0,30
1,0,45
1,0,49
1,644,47
1,644,79
2,0,54
2,0,26
2,0,72
1,65,32
1,0,28
1,0,32
1,672,34
1,0,27
0,0,30
0,687,47
1,100,43
1,0,60
1,105,36
1,105,79
0,0,29
0,462,56
1,0,50
1,0,56
1,0,74
1,0,57
0,470,48
1,12,23
0,601,45
0,0,50
0,0,36
1,0,23
1,0,56
2,752,48
2,281,61
1,269,42
1,0,39
1,0,74
0,0,22
1,0,54
1,0,79
0,0,25
2,0,57
1,0,42
0,0,29
0,0,73
0,0,52
1,283,46
0,0,40
2,0,42
2,0,79
1,0,25
1,0,57
0,272,39
0,0,58
1,0,60
1,0,46
2,0,29
0,0,30
0,0,34
0,0,59
0,178,35
0,736,61
0,0,57
0,0,73
1,0,22
1,0,60
1,0,33
1,305,36
1,305,78
0,0,37
1,0,45
1,0,47
1,0,54
0,0,50
0,0,29
0,0,78
1,342,28
1,0,56
2,0,26
2,0,23
0,0,49
0,0,51
1,0,42
2,0,32
0,0,47
1,198,32
2,369,61
2,0,45
2,256,48
0,0,61
0,0,70
1,0,27
1,0,45
0,0,36
0,0,76
1,0,57
0,504,24
1,0,58
1,264,44
0,0,40
0,0,38
1,0,22
0,0,35
1,0,39
0,0,24
0,0,73
2,0,39
2,0,77
1,43,55
0,351,39
1,333,51
1,333,75
2,0,27
0,579,60
0,408,59
0,408,78
2,0,32
1,286,35
1,0,34
1,320,52
0,703,24
1,346,28
0,0,26
0,0,54
2,0,28
0,670,57
0,0,29
2,0,27
2,0,43
1,228,37
1,228,78
1,0,36
0,0,57
0,0,22
2,0,25
0,0,32
1,0,38
1,0,77
0,0,48
0,1,58
1,98,57
0,2,47
0,0,31
1,680,33
0,0,40
1,599,22
1,643,43
1,0,39
2,0,48
2,0,74
1,0,22
1,0,74
0,0,59
0,0,60
0,0,74
2,0,56
1,0,55
2,322,26
1,0,36
1,0,49
0,0,47
0,358,45
0,357,59
0,357,70
1,776,53
1,642,29
0,0,23
0,0,48
1,0,61
1,0,72
1,285,52
1,285,69
1,0,26
0,0,28
0,0,30
0,0,61
1,0,42
0,266,22
0,266,77
1,0,60
2,216,42
1,0,54
0,0,31
0,0,50
1,0,56
2,624,49
2,624,73
1,0,36
1,0,69
0,0,59
1,689,44
0,0,45
1,0,42
1,0,46
0,120,49
0,0,39
1,0,28
0,0,24
2,600,22
2,600,72
2,0,36
2,0,74
0,0,34
0,405,24
0,634,41
0,634,69
0,0,40
0,0,57
0,0,73
0,0,35
1,0,32
0,0,50
2,0,35
1,0,40
0,0,45
0,0,35
1,0,55
1,0,38
1,16,38
2,0,27
1,23,25
0,0,31
1,0,27
1,0,77
1,383,39
0,141,53
1,0,22
1,0,51
0,621,33
2,440,60
0,0,30
2,0,25
1,0,47
1,0,30
1,0,40
1,340,26
2,0,49
2,0,71
1,549,58
1,314,48
1,0,33
2,199,45
0,166,42
1,0,56
0,0,24
2,0,41
2,0,71
1,0,36
1,0,43
0,0,29
0,0,37
0,0,57
0,0,69
1,0,36
1,0,35
1,9,33
1,0,47
1,0,57
0,594,43
0,0,34
2,0,39
1,0,37
0,0,58
2,0,48
2,0,61
0,0,29
1,309,27
0,0,52
0,0,54
0,0,38
0,274,61
1,0,28
1,0,45
0,0,55
1,0,55
1,0,77
1,0,48
1,0,27
0,213,27
0,213,78
2,0,56
0,1,23
0,645,27
0,645,76
1,0,25
0,155,38
2,0,30
1,0,48
0,0,34
0,59,36
1,0,59
1,0,39
1,0,33
1,0,48
0,328,32
0,682,48
1,797,42
1,797,74
1,23,44
1,575,33
0,32,32
0,0,31
0,589,52
2,0,51
2,0,70
1,410,51
1,410,74
0,0,59
1,0,25
2,314,24
2,0,22
1,0,26
0,0,38
1,0,38
0,0,43
1,0,43
0,0,38
2,0,56
1,0,32
1,653,33
0,0,35
1,421,22
1,421,76
0,0,50
2,0,41
0,0,34
0,485,23
1,0,23
0,776,51
0,0,24
0,0,70
2,0,45
2,0,77
2,0,34
0,0,47
1,0,41
0,0,52
0,0,31
1,401,35
0,0,31
0,0,30
0,0,53
1,8,39
1,8,76
0,0,30
0,0,78
0,0,60
1,77,28
0,0,46
0,0,78
0,0,26
2,237,53
2,237,73
1,527,22
0,0,31
1,0,59
0,0,46
0,0,58
1,254,26
0,0,60
1,0,60
0,759,46
0,694,56
0,110,50
1,0,38
0,0,23
0,115,40
0,115,77
1,0,29
1,0,51
1,0,44
2,0,57
1,0,46
0,0,57
1,0,37
1,0,26
1,433,46
1,0,42
0,0,31
0,0,27
1,0,50
1,0,59
1,0,45
1,0,60
1,0,78
1,0,49
0,0,56
1,0,57
1,0,39
0,0,26
0,0,38
0,310,26
0,0,54
2,0,61
1,0,44
2,787,28
0,0,45
1,0,26
1,0,39
0,0,42
0,0,56
0,0,72
1,0,36
0,0,25
0,0,53
0,735,28
2,0,47
0,769,28
1,0,36
1,49,24
1,549,50
2,0,43
0,0,30
2,0,60
1,0,30
0,0,31
0,0,70
0,129,52
2,0,44
1,172,55
0,0,36
0,0,70
1,0,39
0,0,50
0,0,32
0,0,72
1,149,28
1,629,23
1,629,70
0,0,53
2,0,23
1,773,32
1,773,74
1,0,48
2,0,25
2,0,74
0,655,57
1,0,25
1,0,70
0,0,60
1,0,49
1,0,26
1,0,39
0,0,39
0,0,52
0,0,27
0,0,36
1,236,23
1,211,56
1,211,77
1,281,51
0,0,49
1,107,42
1,0,54
0,0,53
1,654,25
1,748,49
1,663,35
1,0,28
1,0,34
1,346,35
1,0,26
2,0,30
1,0,27
1,0,43
1,0,77
0,0,29
2,724,41
0,0,45
0,0,77
0,5380,40
0,5380,65
0,0,53
0,0,44
0,0,29
0,0,74
0,0,30
0,0,71
0,5522,22
0,0,29
0,0,49
0,5043,53
0,0,59
0,5344,55
0,0,87
0,0,72
0,0,54
0,0,33
0,0,58
0,0,44
0,0,75
0,0,44
0,0,45
0,5086,87
0,5086,72
0,0,49
0,0,38
0,0,63
0,0,50
0,0,77
0,0,49
0,0,52
0,0,61
0,5478,51
0,0,47
0,0,44
0,0,79
0,0,23
0,0,31
0,0,25
0,5487,36
0,0,30
0,0,48
0,0,61
0,0,38
0,0,64
0,0,52
0,0,37
0,0,84
0,0,40
0,0,64
0,5174,45
0,5174,74
0,5917,58
0,5678,58
0,0,46
0,0,32
0,0,50
0,5039,22
0,0,58
0,5861,26
0,5861,20
0,0,44
0,0,38
0,0,84
0,5009,27
0,5009,70
0,0,44
0,0,50
0,0,53
0,0,61
0,0,39
0,0,84
0,0,69
0,0,28
0,0,39
0,0,84
0,5590,23
0,5235,87
0,5235,72
0,5405,28
0,5029,87
0,0,42
0,0,22
0,0,76
0,0,30
0,0,52
0,5425,23
0,0,51
0,0,78
0,0,38
0,0,65
0,0,52
0,0,53
0,0,44
0,0,36
0,0,36
0,0,49
0,5486,60
0,5328,43
0,5717,27
0,5697,28
0,0,39
0,0,63
0,5216,47
0,5216,73
0,0,42
0,5429,49
0,5429,75
0,0,59
0,0,70
0,0,43
0,0,41
0,0,63
0,0,52
0,5389,28
0,5553,59
0,0,58
0,0,78
0,0,35
0,0,40
0,0,63
0,0,73
0,0,41
0,0,65
0,0,77
0,5776,32
0,0,34
0,0,46
0,0,47
0,5199,87
0,5199,73
0,0,23
0,0,35
0,0,87
0,5583,25
0,5915,34
0,5062,31
0,0,58
0,0,46
0,0,71
0,0,57
0,0,78
0,5711,27
0,5711,72
0,0,29
0,0,58
0,0,43
0,0,70
0,0,36
0,0,23
0,5675,51
0,5675,79
0,0,45
0,5421,51
0,0,36
0,0,26
0,0,44
0,0,24
0,5622,61
0,0,45
0,0,24
0,0,70
0,0,38
0,0,64
0,0,73
0,5629,29
0,5629,72
0,0,37
0,0,65
0,5344,52
0,5344,72
0,0,34
0,0,33
0,0,75
0,0,40
0,0,64
0,0,28
0,0,49
0,5780,38
0,5780,64
0,5142,43
0,5845,46
0,0,49
0,0,74
0,5712,47
0,0,48
0,0,33
0,5375,29
0,0,87
0,0,72
0,0,48
0,0,31
0,0,51
0,0,33
0,0,75
0,5403,55
0,5403,76
0,0,46
0,0,31
0,0,76
0,0,48
0,0,54
0,0,57
0,5557,37
0,5557,84
0,0,61
0,0,58
0,0,29
0,0,39
0,0,84
0,0,23
0,0,70
0,0,60
0,5754,61
0,5754,78
0,5100,27
0,5100,72
0,5084,26
0,5084,75
0,0,40
0,0,65
0,5384,47
0,0,58
0,0,60
0,0,41
0,0,64
0,0,31
0,0,36
0,0,37
0,0,63
0,0,52
0,0,79
0,0,38
0,0,64
0,5501,53
0,0,29
0,0,31
0,0,56
0,0,44
0,5927,27
0,0,53
0,0,70
0,0,37
0,0,64
0,5059,48
0,5059,69
0,5469,43
0,0,35
0,5317,27
0,5725,53
0,5225,31
0,5182,61
0,0,41
0,0,64
0,0,51
0,0,31
0,5257,57
0,0,41
0,0,65
0,5072,36
0,5644,25
0,5729,46
0,5793,38
0,5793,63
0,5793,77
0,0,45
0,0,70
0,0,60
0,5346,58
0,5051,46
0,5594,57
0,0,56
0,5029,59
0,0,31
0,0,69
0,0,29
0,0,36
0,0,25
0,0,46
0,0,45
0,0,72
0,0,32
0,0,22
0,0,50
0,5279,34
0,5915,60
0,5915,78
0,5479,43
0,0,27
0,5135,44
0,5135,69
0,0,53
0,0,25
0,5046,46
0,0,33
0,5400,33
0,5551,42
0,5551,72
0,0,38
0,0,63
0,0,45
0,0,76
0,5173,59
0,0,42
0,5673,22
0,0,47
0,0,61
0,0,43
0,5150,48
0,0,46
0,5570,60
0,5570,69
0,0,36
0,5021,54
0,5029,56
0,0,26
0,0,50
0,5385,29
0,0,58
1,5221,34
1,0,54
1,5576,59
2,0,26
2,0,77
1,0,23
1,0,74
1,5130,27
1,5130,75
1,0,43
0,5772,59
2,0,39
2,0,65
1,0,36
1,5111,38
1,5111,84
0,0,39
0,0,65
1,5796,25
0,5326,24
1,5740,36
1,0,56
1,5524,22
1,0,58
1,5535,50
1,5535,70
1,5696,51
1,0,22
1,0,26
1,5795,32
1,5795,69
1,0,87
2,0,58
1,0,28
1,0,79
1,5182,29
1,5182,71
1,0,22
1,5583,39
1,5583,84
0,5041,23
1,0,23
1,0,55
0,5546,54
1,0,26
1,0,70
1,0,48
1,5853,35
1,0,57
1,0,74
1,5164,87
1,5164,71
1,0,50
1,5612,46
0,0,26
1,5494,53
1,5494,71
1,5619,45
1,5127,44
1,0,34
1,0,77
2,5384,56
1,5074,43
1,0,44
1,0,23
1,0,50
1,0,22
1,0,49
1,0,45
0,0,26
1,5832,43
1,5832,74
1,5860,38
1,5860,65
1,0,59
1,5669,51
1,5824,28
1,0,59
1,0,23
1,0,33
2,0,45
0,0,59
1,5303,34
0,5826,33
1,5333,25
1,5333,71
1,0,52
1,0,78
1,0,46
1,0,59
1,5913,28
1,5913,69
1,0,54
2,0,53
1,0,32
1,0,31
1,0,61
2,0,56
1,5658,87
1,5007,41
1,5007,84
1,5495,24
1,5280,36
1,5280,77
1,0,36
0,5627,44
1,5690,27
1,5561,45
1,0,28
1,0,49
0,0,44
2,0,30
2,0,77
0,5821,34
1,5886,54
1,5545,87
1,5433,54
1,0,61
1,0,72
1,5198,57
1,0,54
1,0,44
1,5180,87
1,5180,72
1,5180,79
0,5620,45
1,5447,27
1,5447,76
1,0,45
1,0,75
0,0,47
1,0,55
0,0,52
2,0,42
1,0,32
1,5109,25
0,0,44
1,0,47
1,0,38
1,0,63
2,0,45
1,0,35
2,0,23
1,0,32
1,0,71
1,5879,41
1,5879,64
1,0,31
1,0,49
1,5759,40
1,5759,84
1,5759,76
0,0,41
0,0,64
1,0,35
1,0,61
1,0,49
1,0,36
0,0,57
1,0,39
1,0,63
1,5086,37
1,5086,63
1,5086,79
1,5869,30
1,0,50
1,0,50
1,0,87
1,5586,48
1,0,45
1,0,42
1,0,72
1,5014,54
1,5557,49
1,5012,52
1,0,33
1,0,51
1,0,46
1,0,59
0,0,41
0,0,63
0,8219,51
0,0,53
0,0,70
0,0,55
0,0,39
0,0,65
0,0,73
0,8322,87
0,0,30
0,0,29
0,0,32
0,0,43
0,8353,31
0,0,24
0,8384,59
0,0,50
0,8041,43
0,8041,79
0,8260,39
0,0,51
0,0,87
0,0,72
0,0,31
0,0,30
0,0,79
0,8117,43
0,8257,39
0,8212,87
0,8212,72
0,0,25
0,0,78
0,8065,78
0,0,51
0,0,74
0,8213,50
0,0,49
0,8161,38
0,8097,53
0,0,37
0,8295,72
0,0,49
0,8047,42
0,0,46
0,0,44
0,0,71
0,8378,44
0,0,76
0,8205,70
0,0,71
0,8494,39
0,0,27
0,0,56
0,0,87
0,0,27
0,0,61
0,0,78
0,0,59
0,0,32
0,8216,49
0,0,61
0,0,49
0,0,38
0,0,63
0,0,32
0,0,79
0,8024,46
0,0,50
0,0,60
0,8228,31
0,0,57
0,8316,31
0,8456,32
0,0,51
0,0,55
0,0,47
0,0,51
0,0,26
0,8337,39
0,0,24
0,0,31
0,0,28
0,0,23
0,0,38
0,8194,47
0,8222,55
0,0,47
0,8202,39
0,8202,84
0,0,48
0,0,50
0,8495,29
0,0,24
0,0,55
0,0,47
0,0,46
0,0,57
0,8079,30
0,8079,72
0,8328,87
0,8489,42
0,0,56
0,0,49
0,0,49
0,0,24
0,0,70
0,0,54
0,0,78
0,0,87
0,0,72
0,0,37
0,0,58
0,0,78
0,8131,32
0,0,34
0,0,22
0,0,79
0,8384,61
0,0,26
0,8290,79
0,0,26
0,0,76
0,8491,39
0,0,28
0,0,28
0,8129,28
0,0,55
0,0,61
0,0,23
0,0,27
0,0,78
0,0,41
0,8337,43
0,8178,31
0,0,47
0,0,43
0,0,45
0,0,24
0,0,41
0,0,84
0,0,69
0,0,43
0,8013,33
0,0,70
0,0,23
0,8267,87
0,8267,75
0,8218,43
0,0,32
0,8132,53
0,8157,32
0,8048,70
0,0,56
0,0,79
0,0,40
0,0,46
0,0,75
0,0,35
0,0,43
0,8271,73
0,0,55
0,0,32
0,0,50
0,8443,50
0,8340,71
0,8082,48
0,8142,52
0,0,48
0,0,52
0,0,28
0,8472,78
0,0,51
0,0,55
0,0,70
0,8331,54
0,0,56
0,0,75
0,0,22
0,0,27
0,0,87
0,0,60
0,0,60
0,0,29
0,8421,50
0,0,35
0,8315,79
0,0,87
0,0,22
0,8218,47
0,0,58
0,8129,61
0,8129,71
0,0,31
0,8145,87
0,8239,77
0,0,25
0,0,77
0,0,23
0,8113,25
0,0,26
0,8025,46
0,8025,69
0,0,26
0,0,59
0,0,44
0,8129,42
0,0,45
0,0,77
0,8422,32
0,8195,36
0,8170,23
0,8302,26
0,0,52
0,0,45
0,0,23
0,8202,24
0,0,34
0,0,69
0,0,36
0,8311,20
0,0,28
0,8158,87
0,0,25
0,8275,58
0,0,34
0,0,36
0,8408,33
0,8500,41
0,0,39
0,0,33
0,0,77
0,0,72
0,8422,32
0,0,27
0,0,40
0,0,65
0,8403,54
0,8420,48
0,0,48
0,0,41
0,8151,73
0,8455,87
0,0,87
0,0,38
0,0,84
0,0,49
0,0,55
0,0,39
0,8293,28
0,0,35
0,8238,75
0,0,36
0,0,22
0,0,59
0,8105,79
0,0,44
0,0,23
0,8403,28
0,0,35
0,0,72
0,0,40
0,0,44
0,0,69
0,0,43
0,8239,61
0,8314,43
0,0,40
0,0,59
0,0,69
0,8253,78
0,8270,27
0,8159,46
0,0,49
0,0,59
0,0,87
0,0,72
0,0,29
0,0,37
0,8261,74
0,0,50
0,0,79
0,8344,27
0,0,38
0,0,50
0,0,31
0,8279,41
0,0,23
0,8019,75
0,8107,56
0,0,69
0,0,75
0,0,46
0,0,70
0,0,76
0,0,74
0,8420,48
0,8098,59
0,0,25
0,0,55
0,8140,52
0,0,34
0,0,61
1,0,35
1,0,60
1,0,87
1,0,71
2,0,69
1,0,61
2,0,38
0,0,34
2,0,59
1,0,59
1,0,54
1,0,26
1,0,70
1,0,72
2,0,44
2,0,75
2,0,21
1,0,41
1,0,84
1,0,79
2,0,26
1,0,76
2,0,49
0,8003,73
2,0,39
2,0,39
2,0,84
2,0,70
1,8392,31
2,8269,76
1,8010,40
1,0,58
1,0,70
1,0,25
2,8424,38
2,8424,84
1,8492,39
1,8492,63
1,0,44
1,0,51
1,8167,28
2,0,49
1,8266,27
1,8307,69
2,8093,37
1,0,71
0,0,71
1,8054,70
1,8465,26
1,0,25
2,0,41
2,0,64
2,0,87
2,0,72
1,0,40
1,0,49
1,0,72
1,0,73
0,0,50
1,8158,46
2,0,79
0,8306,24
1,8244,41
1,8420,32
1,8420,78
0,0,38
0,0,63
2,0,33
2,8161,52
2,8181,78
1,0,49
1,0,38
1,8382,23
1,8419,44
1,8174,54
1,8098,87
2,8126,45
1,8243,74
1,0,60
0,8050,57
0,8050,78
1,8307,22
1,0,34
2,8054,30
2,0,40
1,8423,72
0,8056,40
2,0,31
2,0,33
1,0,22
1,0,69
1,0,48
1,8342,29
1,0,30
1,0,56
1,8164,44
1,8163,26
1,0,76
1,8379,36
1,0,30
1,0,41
1,0,55
1,0,45
1,8202,60
1,0,35
0,0,30
1,0,49
1,0,73
1,0,49
1,0,57
2,0,27
1,0,45
1,0,59
2,8245,59
1,8437,40
1,8437,63
1,8437,69
0,8081,87
1,8279,27
1,0,43
1,0,25
1,0,36
1,0,54
2,0,41
1,8317,49
1,0,39
1,0,63
1,8306,24
1,0,48
1,0,70
2,0,39
2,0,65
1,8420,55
1,0,87
1,0,72
1,0,44
1,8374,25
1,0,71
1,0,73
1,0,28
1,0,24
1,0,37
1,8255,54
1,8204,87
1,0,30
2,0,55
2,8075,22
1,8310,35
1,0,24
1,0,49
2,0,49
1,0,39
2,0,28
2,0,37
1,8067,59
1,8388,41
2,0,56
1,0,55
1,0,54
1,0,30
1,0,30
1,0,26
1,0,87
1,0,72
1,0,55
1,0,42
1,0,33
1,0,27
1,0,36
1,8292,25
0,0,40
2,0,49
2,8033,26
1,0,25
1,0,55
2,0,23
2,0,23
1,0,42
1,0,32
1,0,61
1,0,57
1,0,40
1,0,39
1,0,84
2,8381,53
1,0,52
1,0,54
1,0,34
2,0,58
2,0,48
1,0,26
2,8160,57
1,8372,58
1,0,53
1,0,37
1,0,45
2,0,39
1,0,51
2,0,48
1,0,42
1,8281,50
1,0,53
1,0,28
1,8383,37
0,0,58
1,0,51
1,0,36
2,0,29
1,0,43
2,0,50
1,0,26
1,0,46
0,0,42
2,0,37
0,0,55
0,0,37
0,0,79
1,0,58
1,0,76
1,0,38
1,729,44
1,0,51
2,0,42
0,0,47
0,0,53
0,0,44
1,0,51
1,714,59
2,601,33
0,81,54
2,12,24
1,0,48
1,0,72
1,105,48
1,0,27
1,0,51
1,0,76
2,10,27
2,0,34
0,0,55
2,0,25
2,0,45
1,0,23
1,136,30
1,136,72
0,0,61
2,650,41
0,451,60
0,451,70
1,27,35
2,0,51
0,0,40
1,0,49
1,0,26
0,386,50
1,0,36
0,0,44
1,0,52
0,0,46
0,0,48
2,0,44
0,0,30
0,0,38
0,0,55
0,0,79
1,0,52
2,47,32
1,486,47
1,486,69
0,0,45
0,0,42
0,424,58
0,0,44
2,0,52
1,399,55
1,0,38
1,0,78
0,584,44
1,0,51
1,0,71
1,0,29
0,73,30
0,252,33
1,0,30
1,0,52
1,0,71
0,0,47
1,0,57
0,0,22
1,0,36
0,0,51
2,0,36
0,0,29
1,0,34
0,219,34
1,0,52
2,0,44
0,568,26
0,568,77
0,0,48
0,557,31
1,568,29
0,435,30
0,645,44
1,476,38
2,0,40
2,0,72
2,0,38
1,0,54
1,0,25
1,649,58
1,649,78
1,0,32
0,0,52
0,0,69
1,0,48
1,0,57
0,342,28
2,0,54
1,410,23
0,63,25
0,0,24
1,0,50
0,0,61
0,0,77
1,0,54
1,0,51
1,0,78
1,0,40
1,0,77
1,0,24
1,0,54
1,661,55
1,318,58
1,0,53
2,0,53
2,0,73
1,0,44
0,0,59
1,0,43
1,0,61
0,550,26
0,0,26
1,0,48
0,0,61
1,0,55
1,322,42
1,322,73
1,0,34
2,0,25
0,252,46
0,0,59
0,0,59
2,0,38
1,0,40
2,0,57
2,0,70
0,0,58
0,70,57
1,408,25
1,0,45
1,521,44
1,414,34
0,599,29
1,756,55
1,0,31
0,443,44
2,0,22
2,0,71
1,379,28
0,0,34
1,477,51
1,0,44
1,646,33
0,691,34
0,0,56
0,0,71
1,448,44
0,0,53
0,0,61
0,689,39
0,743,43
0,743,73
1,0,50
0,0,50
2,780,46
1,0,56
0,0,57
0,568,32
2,0,50
2,0,50
2,0,77
0,0,25
0,444,27
0,579,59
1,501,53
1,0,41
0,0,48
0,672,58
0,0,31
1,0,25
1,0,22
2,797,44
2,797,73
1,694,57
0,0,43
0,0,27
1,121,56
1,34,51
1,0,49
0,0,49
1,0,57
1,0,56
0,0,33
0,785,43
2,0,61
1,0,58
1,0,42
1,0,78
2,755,37
0,330,37
0,330,76
1,0,40
0,0,23
1,0,53
1,0,59
0,769,60
1,0,39
0,0,50
1,0,46
1,0,38
1,0,76
1,0,25
0,0,55
0,680,33
1,704,61
0,0,31
1,0,43
0,0,55
1,78,47
2,400,44
2,400,69
2,361,34
2,0,56
2,0,27
1,234,59
2,0,24
0,636,40
0,0,38
0,0,39
0,0,76
1,0,60
0,0,59
1,0,32
2,619,22
1,0,37
1,0,74
1,0,42
0,0,31
0,0,76
0,0,27
0,0,50
0,0,73
1,0,35
1,0,47
1,0,60
2,0,31
2,0,55
2,0,69
0,0,23
1,0,29
0,0,45
0,0,56
1,468,43
1,0,45
0,0,61
0,0,30
0,0,46
0,0,31
0,0,71
0,0,51
0,0,32
0,0,57
0,0,75
0,0,30
1,0,32
0,702,59
0,702,79
1,0,44
2,0,55
0,0,29
0,0,25
0,0,35
0,0,76
0,0,45
1,0,31
1,0,76
2,0,58
1,622,29
1,381,54
2,0,39
2,0,71
1,0,45
1,0,78
1,250,53
1,250,74
0,0,25
0,0,32
1,0,51
1,0,73
0,0,36
0,0,70
0,0,41
0,0,54
0,0,35
0,0,33
0,0,74
0,0,61
0,0,41
1,0,54
0,671,26
2,0,58
1,170,35
1,170,75
1,0,23
0,20,42
0,0,59
1,272,29
1,559,35
0,0,29
1,0,45
0,0,26
1,0,59
0,282,32
1,0,49
0,0,30
2,0,27
1,0,26
1,0,59
1,0,46
0,0,60
1,0,60
0,0,37
1,0,37
0,0,23
1,0,34
0,0,37
0,722,51
1,0,55
1,0,35
1,0,78
1,74,25
1,421,30
0,0,31
2,0,43
2,0,52
0,762,24
0,762,77
1,0,43
2,0,32
2,0,43
0,0,51
1,0,39
0,0,57
0,0,40
2,0,46
0,407,58
1,508,48
2,322,52
0,0,25
1,0,41
0,0,61
0,0,75
1,768,32
1,768,77
2,0,59
0,0,30
0,436,44
1,465,60
0,0,39
0,0,74
1,0,27
1,447,52
1,0,26
0,0,37
0,640,48
1,0,46
1,0,57
1,0,72
2,0,34
0,0,52
1,53,31
1,703,58
1,0,44
0,152,51
0,0,61
1,0,31
0,0,60
1,592,49
2,0,46
2,0,69
0,0,44
2,0,55
1,0,39
1,0,40
0,0,57
1,551,23
0,379,46
0,0,40
0,0,25
0,0,46
0,0,37
0,404,56
0,653,23
1,0,27
1,0,70
1,0,24
1,330,27
0,0,43
0,0,77
1,680,47
1,0,36
2,0,55
1,0,59
1,0,61
2,586,22
2,586,78
1,0,56
1,0,48
0,0,53
0,138,27
0,0,23
0,0,38
0,0,72
0,0,29
2,0,42
0,0,30
2,0,48
1,0,55
0,0,51
2,0,55
0,0,52
1,0,43
0,0,30
0,0,36
0,0,52
0,420,58
0,0,39
1,0,52
1,596,26
1,596,69
0,0,49
0,37,40
1,0,24
0,0,46
2,733,31
0,428,54
2,0,22
2,0,79
1,0,27
2,60,52
2,60,74
1,0,29
1,0,75
1,0,39
1,0,60
1,0,44
1,611,53
1,579,46
1,272,36
1,272,75
0,14,48
0,0,54
0,52,41
1,0,58
1,0,22
1,0,52
1,0,37
0,0,40
0,169,24
0,431,34
0,0,26
1,0,41
1,0,52
0,0,52
0,264,25
1,0,22
2,0,31
2,0,75
1,0,55
1,0,43
1,143,53
1,0,39
2,0,48
2,0,71
2,484,22
1,0,40
1,547,56
1,547,77
2,0,57
0,0,34
0,0,71
0,0,54
2,430,31
2,430,78
1,0,59
0,0,56
1,0,23
1,0,38
1,0,76
1,269,32
0,0,47
0,0,76
2,0,24
1,28,28
1,28,77
2,0,50
1,0,61
1,0,52
1,0,76
1,225,25
1,0,27
2,0,60
2,99,55
2,626,49
1,0,61
1,0,28
1,0,41
1,0,34
0,0,35
1,0,45
1,0,57
1,0,77
1,0,29
1,0,36
1,0,72
0,403,34
0,0,32
2,145,50
2,145,79
0,0,36
1,442,49
2,0,31
0,80,54
0,0,45
2,0,37
0,0,23
1,0,32
1,0,76
1,686,50
1,0,43
0,0,36
1,0,58
1,0,41
1,0,60
1,0,60
1,0,77
1,0,36
1,0,25
1,383,42
1,0,59
2,0,43
2,0,29
0,0,24
2,200,58
1,0,38
0,640,48
0,640,73
2,0,52
2,0,45
2,0,44
1,0,26
1,428,59
0,0,34
0,0,58
0,262,43
2,0,45
2,0,75
0,668,33
0,668,75
0,0,33
0,40,35
1,461,24
0,0,22
1,0,35
1,333,47
1,0,30
1,761,31
0,0,47
1,674,23
0,0,27
1,45,33
1,656,53
0,206,25
1,0,50
1,0,73
0,0,57
0,0,45
0,0,47
0,0,78
1,75,41
1,75,73
0,317,48
0,0,23
0,0,44
2,0,30
0,0,46
2,0,30
2,238,23
0,0,41
0,698,36
1,0,42
1,0,43
1,0,59
0,0,87
0,0,72
0,0,44
0,0,54
0,0,48
0,5399,33
0,5399,78
0,0,50
0,5244,38
0,5244,63
0,5487,61
0,5159,23
0,5691,51
0,0,44
0,0,22
0,0,70
0,0,60
0,0,34
0,0,42
0,0,34
0,0,36
0,5571,36
0,0,56
0,0,47
0,0,44
0,0,37
0,0,64
0,5411,54
0,0,32
0,0,44
0,0,23
0,0,43
0,0,21
0,5340,37
0,5340,65
0,5384,44
0,0,42
0,0,87
0,5479,58
0,0,29
0,0,52
0,5674,28
0,5674,78
0,0,45
0,5596,48
0,0,29
0,0,58
0,0,33
0,0,55
0,0,54
0,0,52
0,0,35
0,0,87
0,0,72
0,0,37
0,0,65
0,0,75
0,0,30
0,0,57
0,0,47
0,0,25
0,0,35
0,0,48
0,0,60
0,0,70
0,0,34
0,5293,35
0,0,47
0,0,22
0,0,60
0,0,26
0,0,70
0,0,57
0,0,41
0,0,63
0,5592,23
0,5651,34
0,0,55
0,0,28
0,0,44
0,5757,43
0,0,38
0,0,64
0,0,52
0,5437,49
0,5437,74
0,0,27
0,0,54
0,5431,31
0,5744,51
0,0,48
0,0,31
0,0,55
0,0,28
0,5436,49
0,0,45
0,0,51
0,0,55
0,0,29
0,0,40
0,0,63
0,0,28
0,0,55
0,0,74
0,5307,57
0,0,30
0,0,51
0,0,75
0,0,58
0,0,31
0,0,44
0,0,70
0,0,32
0,0,41
0,0,63
0,0,74
0,0,58
0,0,41
0,0,84
0,0,46
0,5441,44
0,0,31
0,0,74
0,0,35
0,5111,44
0,5179,46
0,0,30
0,0,24
0,5678,52
0,0,23
0,0,44
0,0,77
0,0,61
0,0,29
0,5132,56
0,5132,78
0,0,51
0,5316,53
0,0,47
0,0,76
0,0,36
0,0,56
0,0,24
0,0,76
0,0,31
0,0,57
0,5168,28
0,0,58
0,0,73
0,5479,55
0,0,48
0,5938,53
0,0,46
0,0,73
0,5045,53
0,0,57
0,0,25
0,0,31
0,0,49
0,0,31
0,0,87
0,0,72
0,0,87
0,0,72
0,0,73
0,5467,87
0,5467,72
0,5467,70
0,0,35
0,0,46
0,0,45
0,0,35
0,0,28
0,5265,54
0,0,26
0,0,41
0,0,63
0,5902,53
0,5902,69
0,0,43
0,0,24
0,5685,53
0,5661,57
0,5877,60
0,0,29
0,0,73
0,0,59
0,0,40
0,0,84
0,0,37
0,0,63
0,0,41
0,0,64
0,0,75
0,0,41
0,0,63
0,0,77
0,0,45
0,0,69
0,0,23
0,0,59
0,5484,52
0,0,33
0,5017,22
0,5541,56
0,0,87
0,0,72
0,0,22
0,0,74
0,5452,26
0,5452,79
0,0,42
0,5661,42
0,5107,42
0,0,50
0,0,76
0,0,28
0,0,61
0,0,42
0,0,78
0,0,51
0,5703,40
0,5703,65
0,5747,45
0,0,52
0,0,58
0,0,76
0,0,59
0,0,32
0,0,31
0,0,75
0,0,37
0,0,63
0,0,25
0,5124,29
0,0,30
0,0,44
0,0,50
0,5916,48
0,5382,34
0,5327,37
0,5327,63
0,0,87
0,5436,29
0,0,47
0,5655,33
0,0,87
0,0,50
0,5151,33
0,0,87
0,0,72
0,0,76
0,0,51
0,0,33
0,0,34
0,0,26
0,0,29
0,0,41
0,0,84
0,0,71
0,5522,71
0,0,71
0,0,71
0,5790,71
0,0,71
0,0,71
0,0,71
0,0,30
0,5545,23
0,5545,78
0,0,31
0,0,51
0,0,28
0,0,74
0,0,39
0,0,64
0,5279,33
0,5743,40
0,5743,64
0,5577,26
0,5327,24
0,0,24
0,5891,48
0,5096,44
0,0,27
0,0,76
0,5110,56
0,5110,75
0,5756,27
0,5150,26
0,0,46
0,0,27
0,5083,59
0,0,25
0,0,76
0,0,28
0,5672,58
0,0,45
0,0,56
0,5009,34
0,0,27
0,0,24
0,0,33
0,0,48
0,0,75
0,5877,23
0,0,35
0,0,33
0,0,35
0,0,69
0,5498,41
0,5498,64
0,0,26
0,5494,51
0,0,57
0,0,24
0,0,76
0,0,35
0,0,38
0,0,65
0,0,75
0,5049,46
0,0,36
0,0,23
0,0,37
0,0,64
0,0,35
0,0,58
0,0,49
0,0,51
0,0,28
0,5456,23
0,0,26
0,0,49
0,0,60
0,0,37
0,0,65
0,5375,34
0,5539,54
0,0,53
0,0,33
0,0,61
0,0,39
0,0,63
0,0,23
0,0,36
0,0,51
0,0,75
0,0,40
0,0,63
0,0,79
0,0,61
0,0,41
0,0,84
0,0,38
0,0,84
0,0,71
0,0,47
0,0,74
0,0,46
0,5220,87
0,5220,72
0,5220,75
0,0,47
0,0,72
0,5858,61
0,0,53
0,5776,24
0,0,25
0,0,71
0,0,45
0,0,71
0,0,56
0,5051,61
0,0,59
1,0,32
1,0,45
0,0,61
1,0,25
1,0,87
1,5897,43
1,0,87
1,0,72
1,0,52
1,0,54
1,5812,47
1,0,35
1,0,34
1,0,46
1,5203,34
1,0,54
1,0,73
1,0,42
1,0,36
0,0,54
1,5716,23
1,0,41
1,0,84
1,0,29
1,5515,43
1,0,87
1,0,49
0,5193,28
0,0,50
1,0,37
1,0,65
1,0,75
1,0,50
1,5939,29
1,5939,72
1,5141,54
1,5298,87
1,5298,72
1,0,42
1,0,71
0,0,48
2,0,87
1,0,39
1,0,84
0,0,42
0,0,73
1,0,29
1,5425,58
1,0,43
1,0,46
1,5902,35
1,5902,72
1,0,34
1,5561,22
1,0,60
1,0,70
0,0,51
1,0,47
1,5625,51
1,0,25
0,0,45
1,0,61
1,0,41
1,0,65
1,5920,45
1,0,33
1,0,73
1,5522,41
1,5522,64
1,0,44
1,0,34
1,0,31
1,0,39
1,0,63
1,0,61
1,0,27
0,5755,34
1,0,24
0,0,47
1,5303,25
1,5566,49
1,5150,55
1,0,30
1,0,23
1,5896,60
1,0,61
1,0,44
1,0,74
1,0,32
1,5075,55
1,0,43
1,0,49
1,0,54
1,5043,31
1,5098,47
0,0,60
0,0,77
1,5071,57
1,0,37
1,0,63
1,0,50
1,0,60
1,0,50
1,0,36
1,0,19
1,0,57
2,0,46
1,0,60
1,0,73
1,0,38
1,0,84
1,0,61
1,5861,44
1,0,34
1,0,73
1,0,43
1,0,72
1,5412,47
1,5412,69
1,0,61
1,5344,37
1,5344,84
1,0,40
1,0,63
1,0,58
1,0,76
1,0,39
1,0,65
1,0,77
0,0,60
1,5686,37
1,5686,63
1,0,54
0,0,43
0,0,74
1,5268,40
1,5268,65
1,5268,75
1,0,33
0,5340,32
1,0,58
1,0,26
1,5763,26
1,5763,76
1,0,24
1,0,29
1,0,53
1,0,55
1,0,52
1,0,70
1,0,45
1,5919,43
1,0,26
1,0,45
1,0,43
1,0,23
1,0,77
2,0,87
2,0,72
2,0,73
1,0,29
1,0,69
1,0,38
1,0,84
2,0,57
1,0,47
1,0,55
1,5903,34
1,5649,46
1,5172,35
1,5172,71
1,0,25
1,0,42
1,5345,51
0,0,22
0,0,72
1,5354,87
1,5354,72
0,5227,23
1,5561,33
0,0,25
1,5274,43
1,0,55
1,0,26
1,0,56
0,0,25
1,0,46
1,5113,28
1,5219,28
1,0,44
1,5156,45
2,5738,51
1,0,28
1,0,29
1,0,45
1,5286,57
1,0,52
0,0,32
1,0,41
1,0,65
1,5515,52
1,5515,75
1,0,33
1,0,52
1,0,30
1,5100,38
1,5100,84
1,0,30
1,5433,29
1,5433,72
1,5262,87
1,0,87
1,0,33
1,0,30
1,0,70
1,0,38
1,0,65
1,0,34
1,0,43
1,0,71
1,5210,46
1,0,25
1,0,50
1,5830,87
1,5830,72
1,5830,19
1,0,49
1,0,61
1,0,29
0,0,49
1,0,46
1,0,33
1,0,87
1,5867,52
1,0,28
0,0,47
1,0,35
1,0,29
1,0,76
0,8212,23
0,0,50
0,8341,43
0,0,56
0,0,54
0,0,26
0,0,26
0,0,52
0,8020,60
0,0,87
0,8002,22
0,0,57
0,0,43
0,8034,57
0,0,47
0,0,50
0,0,40
0,0,84
0,0,29
0,0,59
0,0,57
0,0,23
0,0,24
0,0,42
0,0,28
0,0,52
0,0,34
0,0,25
0,0,42
0,0,27
0,0,57
0,8114,51
0,8407,48
0,0,53
0,0,28
0,0,22
0,8346,87
0,8346,72
0,8382,29
0,0,40
0,0,63
0,8260,30
0,8478,61
0,0,44
0,8009,35
0,0,25
0,8124,54
0,0,33
0,8441,51
0,8185,46
0,0,55
0,0,49
0,0,47
0,0,37
0,0,64
0,0,36
0,8501,43
0,8208,28
0,0,39
0,0,84
0,8278,46
0,0,55
0,0,57
0,0,87
0,8413,31
0,8311,60
0,8352,22
0,8362,32
0,8118,32
0,0,24
0,8472,41
0,8472,84
0,0,23
0,0,55
0,0,59
0,0,40
0,0,84
0,0,52
0,0,79
0,0,36
0,8024,32
0,0,87
0,0,47
0,0,45
0,0,30
0,8266,60
0,0,50
0,8440,29
0,0,54
0,0,32
0,0,54
0,8197,87
0,8197,70
0,0,45
0,0,60
0,0,30
0,0,74
0,0,37
0,0,65
0,0,44
0,0,38
0,0,84
0,0,51
0,0,33
0,8232,27
0,8223,24
0,8335,47
0,8100,57
0,0,47
0,0,30
0,0,56
0,0,24
0,0,34
0,0,33
0,0,46
0,0,87
0,0,72
0,0,51
0,0,51
0,0,39
0,0,84
0,8429,29
0,8178,54
0,8055,43
0,0,57
0,0,45
0,0,37
0,0,84
0,0,33
0,8363,28
0,0,46
0,0,71
0,0,30
0,0,60
0,0,23
0,0,32
0,0,33
0,0,32
0,0,45
0,8445,42
0,0,22
0,0,50
0,0,30
0,0,29
0,0,37
0,0,63
0,0,87
0,0,72
0,0,45
0,0,50
0,8225,23
0,0,54
0,0,52
0,0,77
0,0,26
0,0,33
0,0,25
0,8382,51
0,8411,29
0,0,56
0,8481,26
0,0,41
0,0,63
0,0,38
0,0,64
0,0,26
0,0,42
0,8042,61
0,8042,73
0,0,26
0,0,22
0,0,33
0,0,51
0,0,39
0,0,64
0,0,28
0,0,43
0,8158,61
0,0,53
0,8492,57
0,8193,56
0,8391,59
0,8056,44
0,8254,22
0,0,26
0,0,33
0,0,24
0,0,53
0,0,44
0,0,50
0,8437,48
0,8437,72
0,0,27
0,0,39
0,0,84
0,8449,26
0,8251,41
0,8251,63
0,0,48
0,0,40
0,0,64
0,0,23
0,0,49
0,8408,54
0,8227,87
0,8227,72
0,0,56
0,0,61
0,0,28
0,0,27
0,0,57
0,0,37
0,0,65
0,8216,56
0,8276,51
0,0,26
0,0,76
0,0,47
0,0,23
0,0,41
0,0,64
0,0,23
0,0,52
0,8097,50
0,8097,73
0,0,57
0,0,54
0,0,29
0,8165,50
0,8165,70
0,0,54
0,0,31
0,8446,45
0,8272,42
0,0,71
0,0,71
0,0,71
0,0,71
0,0,71
0,0,71
0,0,71
0,0,71
0,0,56
0,0,28
0,8027,49
0,0,87
0,0,59
0,0,87
0,0,72
0,0,38
0,0,84
0,0,59
0,0,34
0,8157,23
0,0,54
0,0,32
0,8394,29
0,0,27
0,0,58
0,0,54
0,0,23
0,0,24
0,8478,24
0,0,43
0,0,42
0,8267,23
0,0,23
0,0,29
0,0,58
0,0,87
0,0,72
0,8116,22
0,0,51
0,0,47
0,0,87
0,8401,43
0,0,22
0,8152,39
0,8152,65
0,0,45
0,0,45
0,0,87
0,8400,53
0,0,56
0,8111,50
0,0,44
0,0,33
0,8161,39
0,8161,64
0,8096,39
0,8096,63
0,8096,79
0,0,48
0,8297,43
0,8280,50
0,0,46
0,8389,58
0,0,52
0,0,87
0,0,33
0,8092,58
0,0,59
0,8382,53
0,0,51
0,0,59
0,0,29
0,8408,57
0,0,25
0,0,39
0,0,84
0,0,41
0,0,84
0,0,55
0,0,30
0,0,32
0,0,87
0,8078,53
0,0,45
0,0,27
0,8250,25
0,0,45
0,0,58
0,0,74
0,8358,25
0,8007,44
0,0,39
0,0,65
0,0,26
0,8056,87
0,8261,47
0,0,49
0,0,49
0,0,60
0,0,29
0,0,28
0,0,43
0,0,26
0,8057,37
0,8057,63
0,8372,57
0,0,34
0,0,70
0,0,61
0,0,77
0,8001,29
0,0,58
0,0,46
0,0,57
0,0,39
0,0,64
0,0,33
0,0,58
0,0,47
0,0,22
0,8028,34
0,0,52
0,8167,87
0,8167,72
0,0,59
0,0,87
0,0,72
0,0,38
0,0,64
0,0,37
0,0,64
0,0,32
0,0,87
0,0,72
0,0,73
0,8461,37
0,8461,65
0,0,29
0,0,29
0,0,87
0,0,72
0,0,87
0,0,72
0,8054,58
0,0,54
0,8449,49
0,8277,27
1,0,61
1,0,72
1,0,24
1,8013,53
1,0,54
1,8267,34
2,0,58
1,0,59
2,0,39
2,0,63
2,0,25
1,0,24
1,0,30
1,0,46
1,8322,23
1,0,60
1,0,28
1,0,87
1,0,72
1,0,45
1,8493,23
2,0,59
2,0,40
2,0,84
1,0,25
1,8340,26
2,0,54
1,8201,39
1,8201,64
1,0,32
1,0,58
1,8100,57
1,0,25
1,0,54
2,0,52
0,8442,87
0,8442,72
1,0,56
2,0,43
1,0,29
2,0,38
2,0,64
2,0,71
2,0,22
0,0,55
0,0,77
1,8443,30
1,0,57
2,0,30
2,0,79
1,0,24
2,0,49
1,0,38
1,0,84
1,0,32
1,0,58
2,0,40
2,0,64
1,0,27
1,0,48
1,0,25
1,0,79
1,0,22
1,8481,61
1,8487,55
2,8456,55
2,0,53
1,0,87
1,0,60
1,0,36
1,0,28
1,0,43
1,0,58
1,0,41
1,0,63
2,0,52
1,0,30
1,8260,57
2,0,29
2,0,52
2,8318,60
1,0,25
1,0,48
2,0,22
2,0,22
1,0,30
2,8010,25
1,8353,54
1,0,39
1,0,65
1,0,30
1,0,38
1,0,63
1,8498,42
2,8126,47
1,0,34
1,8090,60
2,8146,87
1,0,61
2,8357,59
2,0,27
1,0,59
1,0,55
2,8465,58
2,0,27
2,0,33
1,8131,26
1,0,29
2,8301,39
2,8301,63
1,8009,55
1,8226,22
2,0,57
2,0,31
0,0,56
1,0,60
1,8382,27
1,8444,32
1,8254,39
1,8254,63
1,8428,59
1,0,44
1,8441,56
1,0,60
1,8376,43
2,8493,87
2,8493,72
1,8314,28
1,8179,43
1,0,44
1,0,40
1,0,64
1,0,59
2,8150,32
2,0,24
1,0,34
0,0,42
0,0,70
1,0,48
1,0,53
1,0,23
1,0,22
0,0,30
2,8091,87
2,8091,72
2,8091,73
1,8105,38
1,8105,65
1,0,24
1,0,33
1,0,46
2,0,29
0,8265,40
0,8265,64
1,8455,87
1,8455,72
2,0,42
1,8268,40
1,8268,63
0,0,29
2,8178,53
1,0,61
1,8373,42
1,0,36
1,0,27
1,0,39
1,0,63
2,0,48
1,8262,60
2,0,48
1,0,31
1,0,56
1,8011,54
1,8213,34
2,0,58
1,0,40
1,0,84
2,0,55
2,0,50
1,0,40
1,0,65
1,0,58
2,0,22
1,0,23
1,0,22
2,0,43
2,0,30
1,0,22
2,0,44
1,8294,25
0,0,47
1,0,40
1,0,64
1,0,42
1,0,40
1,0,84
2,0,58
1,0,38
1,0,63
2,0,30
1,0,23
2,0,38
2,0,84
1,8154,48
1,0,40
1,0,65
1,0,57
1,0,53
1,8407,36
1,0,56
1,0,59
0,8141,23
2,8221,54
2,0,87
2,0,72
2,0,69
1,0,47
1,0,56
1,0,37
1,0,63
2,8386,56
2,8201,56
1,0,40
1,0,65
2,0,29
1,0,58
1,0,41
1,0,63
1,8365,36
2,0,23
1,727,22
1,0,42
1,0,78
2,407,55
0,0,28
0,0,76
0,0,58
1,0,31
2,617,27
1,0,29
1,0,26
0,262,26
1,0,51
1,0,24
1,281,59
1,0,29
2,0,29
1,0,42
2,779,55
1,0,48
0,256,44
0,0,58
0,0,33
0,482,45
0,482,70
2,563,22
2,0,40
2,0,73
0,567,42
0,0,57
2,0,30
0,0,31
0,0,77
1,0,50
1,0,77
2,0,53
0,0,28
0,0,46
0,0,76
1,0,38
0,281,58
1,0,45
1,0,61
1,0,61
1,0,75
0,664,27
2,0,49
0,667,54
0,0,32
0,0,27
0,0,73
2,0,30
2,0,72
1,0,51
0,0,28
0,0,38
1,0,51
0,0,40
1,0,29
0,0,37
1,0,43
1,0,77
1,0,51
1,0,69
1,546,30
2,0,28
1,597,59
0,0,28
0,0,50
1,0,54
1,616,56
0,0,55
0,768,24
0,0,50
1,363,36
2,591,50
0,0,32
1,67,49
1,0,33
1,0,44
1,272,26
2,0,58
0,0,52
1,0,38
1,0,37
1,0,79
2,0,46
2,0,30
1,0,44
0,632,44
1,0,56
1,186,53
2,0,48
2,0,70
2,0,29
0,92,60
1,0,43
1,377,60
0,625,37
2,0,60
0,0,33
0,0,37
0,0,45
1,0,48
1,0,78
0,0,37
0,0,57
0,0,36
0,119,57
1,0,43
1,596,49
0,643,57
0,643,72
1,196,29
1,558,44
1,204,40
0,550,39
2,0,29
1,0,37
1,163,40
2,0,57
0,7,31
1,0,38
1,0,78
1,340,43
1,0,50
1,0,24
1,730,23
0,0,40
0,0,60
1,0,50
0,113,43
1,0,34
0,0,38
0,0,55
1,0,59
2,468,40
1,0,45
0,438,43
1,444,53
1,0,32
0,329,44
1,0,40
0,288,34
0,676,42
1,0,36
1,0,58
0,661,55
0,0,36
2,0,36
1,770,58
0,0,41
2,0,55
0,0,47
1,0,52
0,0,31
1,0,32
1,0,33
1,0,53
1,431,45
2,0,28
0,0,24
0,598,53
0,0,30
2,0,45
2,0,71
1,0,29
1,0,36
1,0,55
0,0,43
2,0,28
1,0,43
0,0,50
1,0,49
1,0,79
1,549,31
1,549,73
1,0,26
1,33,34
0,313,37
0,313,76
0,0,53
1,0,40
0,0,28
0,0,30
0,0,32
2,0,50
1,0,28
0,0,31
0,0,45
1,0,34
1,0,41
1,0,53
0,82,24
1,0,41
0,0,48
1,0,37
1,0,75
1,0,44
1,452,61
0,599,36
1,497,36
1,0,55
1,0,69
1,0,31
1,674,25
1,0,53
2,0,31
2,0,41
2,0,24
0,221,24
0,0,54
1,655,32
1,280,60
1,0,45
0,0,22
0,369,33
1,773,33
1,0,55
0,734,43
0,456,30
1,0,59
0,183,32
0,0,54
1,586,29
0,378,23
0,0,35
0,280,24
0,0,38
0,0,61
1,180,32
0,0,59
1,0,23
0,0,54
0,0,46
0,0,24
0,0,46
0,0,76
0,0,54
0,0,56
1,0,58
0,0,55
1,548,60
1,0,48
0,0,49
0,785,30
0,0,46
1,538,58
1,538,72
1,0,50
0,0,50
1,0,28
0,494,26
1,0,35
0,0,56
2,0,42
2,0,24
0,0,57
1,0,38
0,0,47
0,0,52
0,0,60
1,0,45
2,0,27
2,0,73
1,772,42
2,0,50
1,0,27
1,0,59
1,0,76
2,243,44
1,698,33
2,0,30
2,0,56
2,0,73
0,72,50
1,0,42
1,0,51
1,0,45
2,739,33
1,0,34
1,0,56
1,0,27
0,0,24
1,0,45
1,0,38
1,0,34
1,0,44
0,0,44
0,0,33
2,0,25
1,0,29
0,0,34
0,0,74
1,554,48
1,554,79
1,0,58
0,143,47
0,748,48
1,0,57
1,0,54
1,0,57
1,0,37
1,0,55
1,0,69
0,617,49
0,0,40
1,683,37
0,0,53
0,718,24
2,0,29
2,11,51
1,0,38
1,0,51
0,0,30
1,0,61
1,0,76
1,0,60
1,0,76
1,0,30
2,777,23
2,0,39
0,437,26
1,275,27
0,0,54
0,502,53
1,0,25
1,0,71
0,0,38
1,0,43
1,455,28
1,455,77
0,653,33
1,502,40
0,0,35
2,25,22
1,687,32
1,0,24
0,0,39
1,0,35
1,0,74
0,589,23
0,0,34
1,0,38
1,0,26
1,0,33
0,0,28
1,0,51
2,0,31
1,365,32
0,171,29
1,0,41
1,0,44
1,0,57
1,633,30
1,0,33
1,0,74
0,0,30
1,0,29
0,0,45
0,182,53
1,105,28
2,0,27
2,0,72
1,684,54
1,0,25
1,0,44
1,0,70
1,111,52
2,294,33
2,0,28
2,0,73
1,0,57
1,0,38
0,0,27
0,0,69
1,0,44
0,0,22
0,0,51
1,431,46
0,719,30
1,0,26
0,385,22
2,697,34
1,0,46
1,0,43
0,0,41
0,0,26
0,140,34
0,0,25
2,662,35
2,662,77
0,0,33
0,0,30
0,0,59
0,161,31
1,0,36
1,0,27
1,0,59
1,0,40
1,0,79
0,0,38
0,336,27
1,0,30
0,449,40
0,449,75
0,0,59
2,0,37
2,0,76
0,0,46
2,0,40
0,167,25
0,0,52
0,0,71
1,0,27
1,0,72
2,0,36
2,0,51
2,0,70
2,0,23
2,0,49
1,0,33
0,0,55
2,632,50
2,0,38
2,0,22
0,54,39
0,0,47
0,556,52
1,414,44
0,0,38
2,0,61
2,0,78
0,0,50
1,0,22
1,0,32
2,0,56
2,0,79
1,0,60
0,0,26
0,0,78
0,0,50
0,0,71
1,0,41
2,0,32
1,572,26
1,211,37
2,0,26
0,248,48
1,0,26
0,0,45
2,0,51
1,0,59
1,0,37
2,702,47
1,0,31
0,0,51
0,771,44
1,0,23
0,0,22
1,0,61
1,653,48
1,94,61
1,94,70
2,0,43
2,0,69
1,0,57
1,0,31
0,0,31
0,145,37
1,0,29
0,0,44
2,0,40
1,0,32
1,0,25
1,0,27
0,0,54
1,0,51
1,0,56
0,0,22
1,425,36
2,177,33
1,0,36
0,564,36
0,573,39
0,573,75
2,0,39
2,0,72
0,0,57
0,0,78
1,245,50
1,0,50
1,0,42
0,0,26
1,0,54
1,0,29
0,97,60
0,97,77
1,0,35
2,0,24
1,0,29
0,0,36
2,167,49
2,167,77
1,514,52
1,514,70
0,0,26
0,0,34
1,0,44
0,0,44
1,0,45
1,0,79
0,0,29
0,447,25
1,0,59
0,0,52
1,472,51
1,0,35
1,0,26
0,733,22
0,75,42
1,0,54
1,0,60
0,237,48
0,0,35
0,0,22
1,0,44
0,525,41
2,0,52
1,0,45
2,658,42
0,0,59
1,0,37
1,0,79
1,691,34
0,10,56
0,647,24
0,0,29
0,0,57
0,0,71
2,0,50
1,0,22
0,0,60
0,0,43
2,0,34
0,0,35
0,0,38
1,0,48
1,0,69
1,432,39
1,311,38
0,0,42
0,0,45
2,309,61
2,0,47
1,0,32
1,0,58
1,0,69
1,269,22
0,0,28
0,0,72
1,0,44
0,0,24
1,116,50
2,731,35
0,0,51
1,0,36
0,0,43
0,0,49
0,0,40
0,0,30
1,0,60
0,0,50
0,0,50
2,0,56
0,5821,56
1,5064,52
1,5068,87
1,5625,40
1,5163,31
1,5163,72
1,5303,60
1,5284,23
0,5008,26
0,5658,45
0,5097,41
0,5097,79
1,5480,34
2,5633,53
1,5583,37
0,5085,39
1,5546,27
0,5047,28
0,5743,42
1,5130,46
0,5200,38
2,5174,31
0,5391,46
0,5208,29
1,5108,58
1,5806,51
0,5671,55
1,5352,37
0,5930,56
1,5483,87
1,5483,72
1,5167,49
1,5885,87
1,5885,72
1,5386,32
1,5648,51
1,5326,30
0,5501,47
0,5501,70
1,5024,35
1,5636,49
1,5636,75
0,5835,48
1,5416,37
0,5680,47
0,5832,52
0,5832,79
1,5799,35
1,5799,74
0,5462,30
1,5267,61
1,5578,42
1,5326,32
1,5249,48
0,5709,60
0,5709,76
1,5627,50
1,5454,46
0,5094,54
1,5488,56
1,5502,58
2,5900,87
2,5900,72
0,5222,61
0,5222,74
1,5780,26
0,5926,45
0,5926,73
1,5576,44
0,5361,58
0,5297,51
0,5441,30
2,5944,33
2,5944,79
0,5522,55
0,5191,49
0,5191,78
1,5378,36
1,5796,22
1,5796,75
0,5073,41
1,5805,33
0,5816,41
0,5461,54
0,5461,69
1,5223,60
1,5023,38
1,5023,72
0,5386,37
0,5110,37
0,5190,26
0,5916,36
2,5430,48
1,5095,49
0,5197,37
0,5090,46
1,5414,37
1,5577,38
1,5082,44
1,5082,79
1,5854,40
0,5079,49
0,5489,33
0,5416,48
0,5488,57
1,5171,47
0,5071,56
1,5403,24
1,5566,27
0,5379,28
0,5644,26
1,5532,46
1,5583,47
1,5492,87
1,5157,56
0,5741,60
1,5112,51
1,5112,75
0,5254,28
0,5116,31
0,5116,70
1,5799,87
1,5799,72
1,5490,44
1,5068,87
0,5266,44
0,5266,74
1,5412,40
1,5412,69
0,5933,35
0,5258,57
0,5332,47
1,5779,50
0,5435,40
1,5341,25
1,5901,56
1,5901,76
0,5865,37
1,5220,29
1,5276,57
0,5827,29
1,5871,38
0,5496,50
0,5496,79
1,5519,49
1,5519,71
0,5074,46
0,5074,69
0,5056,61
0,5848,87
0,5823,26
0,5490,48
1,5373,23
1,5728,61
0,5345,38
0,5345,75
0,5071,31
1,5067,61
0,5440,42
0,5714,46
0,5527,87
0,5527,72
0,5527,74
0,5145,57
0,5145,72
0,5608,48
0,5931,36
1,5330,51
1,5696,51
0,5224,48
0,5262,25
0,5249,26
1,5822,26
1,5822,77
1,5338,25
1,5787,57
1,5787,79
1,5528,35
0,5879,27
1,5611,55
1,5419,26
1,5739,48
1,5094,57
1,5145,42
0,5742,61
0,5742,70
1,5915,32
1,5284,47
0,5218,46
1,5647,38
1,5933,52
1,5381,31
1,5022,23
0,5597,59
0,5597,74
0,5163,43
1,5551,23
1,5891,61
1,5548,27
1,5715,41
1,5715,70
0,5093,23
0,5093,71
1,5899,40
1,5158,22
0,5792,56
1,5592,30
1,5161,44
0,5537,51
0,5924,22
1,5724,54
1,5419,55
0,5900,33
0,5661,24
1,5433,26
1,5851,53
1,5581,44
0,5557,40
1,5899,45
1,5899,77
0,5934,51
1,5629,39
1,5030,47
1,5030,72
0,5263,61
1,5882,87
0,5134,44
0,5121,51
1,5703,35
0,5543,45
1,5194,33
0,5440,34
0,5166,35
1,5927,38
1,5705,40
0,5712,48
0,5311,38
1,5940,24
0,5093,52
0,5420,48
1,5127,41
0,5763,29
0,5763,75
0,5232,37
0,5210,22
0,5917,47
0,5917,79
1,5560,24
1,5846,40
1,5729,32
1,5573,52
0,5678,47
0,5940,48
1,5463,38
0,5809,87
1,5250,33
0,5164,53
0,5164,71
1,5906,87
1,5906,76
0,5696,37
0,5696,78
1,5319,53
1,5815,47
0,5620,39
0,5908,45
1,5058,40
1,5058,73
0,5187,31
0,5349,45
1,5421,33
1,5601,37
1,5050,22
1,5697,87
0,5867,54
0,5867,74
1,5564,47
0,5392,23
2,5481,52
2,5481,77
1,5657,28
1,5193,27
0,5213,52
0,5187,35
0,5187,74
1,5615,56
0,5407,29
0,5196,49
1,5554,51
1,5554,77
0,5557,29
1,5139,34
1,5139,70
1,5460,47
0,5058,25
0,5058,71
0,5864,30
0,5864,76
0,5284,59
1,5793,56
1,5932,40
1,5640,35
0,5196,27
1,5434,42
0,5175,87
0,5175,72
0,5378,43
2,5347,36
1,5280,46
1,5626,59
1,5570,55
1,5465,41
1,5408,48
0,5510,59
1,5681,87
0,5452,42
0,5404,61
1,5713,41
1,5767,33
1,5767,78
1,5399,33
1,5399,73
1,5636,47
1,5505,31
1,5505,72
1,5203,35
2,5843,28
0,5334,33
0,5526,36
0,5865,48
1,5379,26
1,5530,53
1,5678,30
1,5745,29
1,5218,53
0,5417,48
0,5097,29
0,5097,75
0,5293,87
1,5881,31
0,5608,38
1,5316,33
1,5286,43
0,5748,47
0,5333,60
1,5254,41
2,5011,54
1,5071,47
0,5006,24
0,5006,78
0,5685,54
1,5479,39
0,5824,50
1,5228,28
1,5228,77
0,5787,56
0,5787,74
2,5560,58
2,5935,45
2,5935,71
1,5011,28
1,5469,61
0,5883,41
0,5883,79
1,5901,47
1,5901,69
1,5159,54
1,5422,25
1,5422,69
1,5725,42
0,5610,43
1,5938,26
0,5594,40
1,5244,51
1,5744,43
1,5337,41
1,5149,27
1,5484,32
1,5832,23
1,5122,33
1,5616,30
1,5547,59
1,5191,58
1,5930,31
0,5462,24
0,5462,76
1,5536,37
1,5536,74
0,5918,58
0,5918,76
2,5069,32
1,5492,53
0,5669,40
0,5490,32
1,5614,35
1,5355,53
2,5632,36
1,5510,38
1,5510,78
1,5220,40
0,5481,55
1,5029,32
1,5667,51
1,5667,79
1,5047,32
0,5678,59
1,5186,33
1,5186,69
0,5319,26
0,5270,54
1,5518,25
1,5854,35
1,5854,69
1,5911,22
1,5421,57
1,5535,57
1,5535,74
0,5427,27
1,5909,26
1,5909,69
2,5393,53
1,5626,36
1,5626,71
1,5711,25
1,5475,33
1,5475,73
1,5281,40
1,5924,35
1,5033,49
0,5014,40
1,5783,38
0,5180,24
0,5241,26
1,5518,22
0,5760,34
0,5083,44
0,5728,55
0,5017,28
1,5005,31
0,5692,32
0,5610,28
2,5010,87
0,5106,87
0,5106,72
0,5425,23
0,5615,38
1,5704,25
1,5704,79
0,5645,40
1,5106,42
0,5861,52
1,5152,33
1,5152,78
1,5636,45
0,5644,57
1,5828,58
0,5862,34
0,5862,74
0,5179,25
1,5135,34
1,5035,87
1,5035,72
0,5289,50
0,5255,60
0,5255,74
0,5651,43
1,5037,57
1,5037,77
1,5766,32
0,5000,26
1,5934,36
1,5835,50
1,5442,42
0,5861,42
1,5835,32
1,5940,60
1,5789,32
1,5283,61
0,5727,48
0,5727,77
0,5541,60
1,0,87
1,8417,31
0,0,58
1,8052,23
2,0,58
0,8491,42
0,0,46
1,0,40
2,8373,27
1,0,29
0,0,42
0,0,69
2,0,58
0,8027,61
1,0,50
1,0,76
1,0,24
1,0,79
1,8128,57
1,8128,70
1,0,32
1,0,34
0,0,38
1,0,46
0,8012,43
0,0,44
0,0,74
1,0,33
0,8178,47
0,0,37
1,0,28
1,0,75
1,0,32
1,8257,39
0,0,59
0,0,30
1,0,58
1,8059,61
1,0,24
0,8254,48
2,0,48
0,0,44
0,0,59
0,0,60
0,8193,42
0,0,33
1,0,59
0,0,42
0,0,75
0,0,43
0,0,34
0,0,38
1,0,28
1,0,34
1,8346,37
1,0,44
0,0,33
1,0,22
0,0,54
0,0,75
2,0,50
1,8407,28
0,0,27
0,8118,41
2,8328,47
0,0,54
2,0,22
1,0,57
1,0,44
0,0,47
0,0,76
0,0,24
0,0,30
0,0,45
1,0,30
1,8032,35
2,0,48
1,0,46
1,0,77
1,0,49
1,8447,39
1,8447,78
1,0,37
2,0,59
1,8014,29
0,0,22
1,8332,49
1,0,22
1,0,59
2,0,87
2,0,53
2,8179,49
2,0,35
1,0,30
1,0,79
1,0,59
1,0,72
1,0,24
0,0,57
0,0,87
0,8382,87
0,0,48
0,0,73
1,0,61
1,0,45
1,0,78
1,0,49
1,0,24
0,8128,31
0,8128,70
1,0,38
1,8394,43
1,0,38
0,0,52
2,0,33
2,0,72
1,0,37
1,0,59
2,8080,28
1,8174,26
1,8163,52
1,8342,37
1,8245,38
1,0,52
1,8375,45
0,0,87
0,0,50
1,8485,47
0,8089,47
2,8174,26
1,0,37
2,8481,27
0,0,32
1,8077,32
0,0,36
1,0,37
1,0,70
0,0,42
0,0,56
1,0,49
0,8155,36
0,8155,75
1,0,58
0,0,58
2,8274,36
1,0,58
1,0,59
2,0,45
2,0,42
2,0,79
2,0,48
1,8439,27
1,8439,76
1,0,53
1,0,32
2,0,46
2,0,78
0,0,36
0,8263,47
1,8492,50
1,0,51
0,0,59
1,0,61
1,0,71
0,0,32
1,0,25
0,0,53
2,0,25
1,0,24
1,0,76
1,0,40
1,0,70
1,8216,25
1,8111,48
0,8164,58
0,8164,72
1,0,38
1,8152,58
1,0,39
1,0,55
1,0,79
2,8431,50
1,0,24
0,8441,45
0,8321,46
1,0,36
2,8172,24
0,0,32
0,0,40
1,0,48
0,0,26
0,0,77
1,8440,60
0,0,33
1,0,42
1,0,78
0,0,26
1,0,59
1,8166,35
1,0,22
1,8251,29
1,8251,76
1,0,57
0,0,87
2,0,46
2,0,70
0,0,45
0,0,73
0,0,33
1,0,30
1,8146,51
1,0,87
1,0,78
1,0,26
1,0,77
1,8149,40
2,0,53
1,0,31
1,0,52
1,0,31
1,0,56
0,0,47
1,8362,36
0,0,25
1,8207,56
1,0,60
0,0,43
0,0,69
1,8110,35
1,8233,54
2,8421,29
2,8421,75
1,0,37
1,0,45
1,0,76
1,0,29
1,0,40
1,0,76
0,8229,55
0,8160,40
1,0,61
1,0,69
1,0,24
1,0,28
0,8185,38
1,8194,35
1,0,32
0,0,46
0,0,55
0,0,78
0,0,44
2,0,22
1,0,36
1,0,40
1,0,40
1,0,23
1,8166,32
0,0,51
1,0,42
1,0,31
1,0,22
2,0,45
1,8147,61
1,0,58
0,0,41
1,0,27
1,8158,28
2,0,26
0,0,28
2,0,43
2,0,69
1,8387,87
1,8387,72
0,0,41
1,8153,27
1,0,24
1,8060,41
1,8060,75
1,8462,27
1,8489,87
2,0,35
0,8317,61
1,0,60
1,0,70
0,0,49
1,0,35
0,0,32
1,0,46
0,8439,28
0,8439,79
1,0,33
0,0,87
2,8183,28
1,8081,58
1,0,23
1,0,55
1,0,39
1,0,69
1,8155,27
1,0,48
1,8036,58
1,8496,33
1,0,56
1,8149,87
1,8149,73
0,8196,34
0,8196,74
2,0,44
0,0,57
1,0,26
1,0,71
0,8245,54
1,0,31
1,0,55
1,8501,45
2,0,35
1,8386,58
1,0,33
1,0,76
2,0,50
1,0,46
1,0,78
0,0,58
1,8086,37
1,8080,23
1,8080,73
0,0,40
0,0,52
0,0,56
1,0,28
2,0,23
2,0,79
2,8013,35
0,8397,39
1,8180,55
0,0,60
0,0,22
1,0,41
1,0,75
1,0,61
1,0,40
1,0,69
1,0,32
0,0,36
1,0,38
2,8326,47
1,0,30
1,8196,59
2,8233,58
2,8233,70
0,0,54
0,8088,32
2,0,58
1,0,59
0,0,33
1,8274,33
2,0,56
1,0,40
1,0,76
2,8324,39
0,8163,42
1,8030,52
0,0,50
0,0,74
0,0,87
1,8298,87
1,8081,42
1,0,46
1,0,73
2,8380,23
0,8324,49
1,0,28
1,0,71
1,0,31
1,8272,46
2,8374,43
0,0,45
1,0,53
1,0,70
1,0,26
2,0,57
0,0,61
0,0,34
1,0,29
1,0,25
1,0,46
0,8264,49
0,0,34
1,0,39
1,8289,39
1,8289,78
1,0,32
1,0,27
1,8469,42
1,0,24
1,8044,38
1,8044,78
1,8465,46
1,0,58
1,8395,32
2,0,26
0,0,57
1,0,45
1,0,42
2,0,59
1,0,23
0,0,56
2,0,87
2,0,78
1,0,38
0,0,28
2,0,87
1,0,27
1,8282,55
0,8467,27
1,8394,51
2,8058,57
0,8434,52
0,8300,55
0,8187,58
0,0,38
0,0,39
2,0,29
1,0,61
1,0,25
1,8278,42
1,0,50
0,0,60
0,0,69
0,0,36
1,8401,40
1,0,39
0,0,36
1,8388,59
1,8388,76
0,0,50
0,0,72
0,8191,33
1,0,37
1,0,33
0,0,25
0,0,57
1,0,53
2,0,23
1,0,57
2,8220,29
0,0,53
0,8099,53
2,8081,30
0,0,56
0,0,78
1,0,52
1,0,26
1,0,56
2,0,48
1,0,47
0,0,25
1,8184,41
1,8269,54
1,8269,79
0,8158,27
1,0,29
1,8380,58
1,0,87
1,8379,46
0,8483,52
1,8166,26
1,0,48
1,0,87
1,8353,42
2,0,33
1,0,26
1,8345,49
0,0,58
1,0,43
1,0,78
0,0,42
0,469,40
1,0,45
1,0,29
0,0,57
1,0,50
1,0,48
2,0,37
1,0,41
2,1,57
2,1,77
2,0,51
1,0,36
0,0,41
0,0,48
0,0,59
0,0,58
0,0,73
1,54,59
1,0,56
1,0,24
0,756,53
1,0,24
1,0,71
2,482,61
0,0,57
2,378,42
0,0,48
1,0,36
0,0,52
2,0,31
2,0,70
2,0,40
0,0,33
0,0,77
1,0,47
0,0,35
1,0,59
1,0,37
0,0,42
1,0,39
1,0,69
2,430,28
0,760,61
0,0,60
0,0,72
2,0,42
0,263,50
0,0,45
1,0,56
1,0,78
1,0,42
1,0,59
0,0,33
1,0,49
0,0,50
1,636,25
0,0,57
0,0,34
1,0,39
0,0,38
0,466,34
0,466,71
0,86,24
0,0,59
0,0,69
1,100,43
1,0,33
0,0,47
0,0,69
1,0,31
1,779,22
0,0,43
0,0,73
1,0,53
0,230,42
0,0,37
0,0,73
1,22,43
1,22,79
1,117,29
1,743,33
1,0,57
0,0,23
0,0,44
0,0,76
0,673,30
1,0,38
2,0,60
2,0,72
1,0,50
1,0,27
1,0,42
0,0,22
0,0,69
1,0,52
0,0,44
2,0,59
2,0,46
2,142,46
1,376,59
0,21,41
1,661,50
1,0,56
1,0,30
1,0,37
1,0,77
1,189,29
1,189,69
1,0,43
1,0,51
1,181,51
1,0,40
1,501,31
0,0,54
0,0,78
2,0,40
1,0,53
0,0,27
0,0,40
1,0,23
0,0,54
0,0,72
0,0,27
1,0,57
0,356,22
1,38,47
1,740,53
1,740,73
2,81,54
1,756,61
1,0,25
1,0,58
1,650,61
0,0,47
0,346,32
0,346,72
1,0,55
0,0,43
0,0,58
0,0,75
2,0,31
0,0,29
2,0,51
0,0,41
0,541,40
1,0,60
1,291,61
1,291,70
1,0,59
0,0,28
0,0,71
0,0,35
2,0,50
1,0,29
1,0,31
1,145,38
1,687,56
2,0,38
1,0,28
1,0,31
1,0,59
0,0,46
1,0,26
1,0,25
0,430,51
2,477,48
2,477,71
1,0,34
0,0,41
1,407,34
1,0,40
0,0,60
1,0,48
0,0,41
1,722,24
2,0,49
1,768,43
1,768,78
2,0,22
2,0,40
0,773,30
1,0,61
1,0,31
0,0,46
1,503,59
0,640,56
2,0,57
2,0,59
1,0,34
1,0,71
2,0,58
0,0,48
0,387,48
1,556,48
2,0,23
2,0,61
1,0,34
1,0,74
0,789,38
1,0,55
1,73,53
1,247,25
1,235,57
0,0,41
1,251,36
1,251,76
1,0,24
1,0,78
2,0,35
1,0,26
1,0,75
1,517,42
1,0,45
1,729,38
0,0,34
1,0,39
0,0,42
0,789,57
1,0,40
1,198,24
1,0,61
0,0,52
1,0,37
0,0,40
0,785,48
0,240,30
0,0,61
1,0,26
1,0,33
2,0,51
1,398,57
0,253,41
1,0,48
1,0,28
0,119,47
0,119,79
0,0,25
1,0,23
1,0,79
1,0,33
0,0,61
0,117,52
1,0,53
2,0,26
1,0,24
1,0,69
0,494,53
0,494,72
1,0,23
1,0,72
1,0,53
1,0,79
0,0,41
0,0,77
1,0,53
1,0,69
0,0,53
1,604,25
0,0,60
0,0,52
1,0,27
1,0,70
1,0,50
1,0,45
2,0,32
1,434,27
0,87,30
1,0,53
0,0,58
0,0,78
1,0,40
1,0,61
1,0,44
0,0,58
0,0,72
0,500,29
1,307,29
1,0,51
2,0,42
1,0,22
1,0,34
0,0,35
1,444,47
0,581,58
1,511,36
1,443,40
1,0,24
1,0,38
1,0,47
1,0,55
2,14,22
0,0,54
0,0,32
2,321,61
2,321,77
2,472,39
1,0,38
1,0,75
0,315,44
0,0,44
1,446,27
0,0,33
1,114,36
1,0,34
1,0,70
2,65,55
1,0,27
2,0,56
2,0,74
1,0,58
2,0,36
1,0,36
1,0,35
0,428,36
1,0,60
1,0,60
0,0,42
0,0,24
2,0,41
1,0,36
1,0,70
0,5,26
0,119,24
2,0,32
1,0,26
1,0,59
0,0,24
0,0,61
0,0,31
1,0,30
1,0,76
1,57,22
1,57,77
1,0,52
1,633,34
1,0,22
0,0,32
0,0,79
2,0,40
2,0,79
1,0,25
1,0,42
1,0,54
1,0,47
1,0,28
1,0,61
0,0,47
1,451,35
0,631,27
0,0,32
0,0,78
1,0,56
1,100,41
2,0,30
1,0,24
0,0,34
2,0,50
2,0,78
1,0,41
1,0,44
1,618,45
1,0,22
1,0,56
0,785,31
0,0,50
1,158,50
0,361,28
0,361,70
0,344,37
0,344,74
1,0,32
0,0,36
2,0,26
0,0,51
0,0,53
0,0,23
0,0,26
1,0,40
1,0,45
1,0,57
1,0,47
1,0,79
1,0,45
1,0,75
0,106,27
1,715,46
1,755,25
1,755,74
0,0,26
1,0,30
1,0,26
2,224,53
0,0,60
0,0,58
0,0,22
1,0,25
1,479,25
0,0,50
1,0,31
0,0,35
0,0,77
1,0,60
2,773,53
1,737,25
1,737,74
1,29,26
1,108,39
1,710,30
1,0,27
0,372,50
0,0,41
0,0,52
0,0,45
2,0,44
2,0,79
1,0,55
1,0,33
1,0,50
2,0,49
1,0,61
1,539,30
2,0,50
1,0,28
1,520,60
0,0,50
0,0,71
0,274,43
0,274,70
1,0,59
1,0,70
0,0,37
1,0,58
1,0,50
0,671,61
2,0,26
1,229,42
0,175,56
0,0,35
0,0,31
0,0,70
1,0,37
1,800,48
2,10,23
2,10,74
0,744,55
1,0,32
0,722,58
2,0,30
1,0,56
2,447,44
2,447,73
1,0,39
1,0,42
0,352,48
1,0,61
0,0,40
2,0,44
2,0,71
1,0,22
1,63,24
0,0,51
0,0,44
1,139,43
0,0,38
0,0,79
2,0,24
0,702,45
0,476,51
1,0,50
1,0,72
1,0,50
1,0,69
1,0,52
2,655,29
0,0,61
1,601,54
0,729,59
1,396,61
1,0,60
1,0,47
1,0,25
1,0,77
1,566,33
0,659,49
2,0,24
0,0,35
0,0,26
0,0,75
0,338,35
0,220,49
1,0,32
2,0,59
1,441,26
1,0,34
0,591,49
0,513,46
0,513,70
0,0,41
1,627,38
1,627,77
1,0,28
1,0,55
0,0,55
2,0,36
0,31,51
0,0,57
1,0,54
2,0,27
0,0,30
0,0,33
0,0,35
1,0,56
0,156,22
2,138,57
0,136,53
0,0,44
2,0,54
2,0,58
0,0,23
0,0,48
0,0,56
1,0,26
1,0,27
1,0,50
1,0,76
2,347,25
1,56,31
1,0,43
1,0,78
0,0,55
1,0,32
1,0,34
0,0,28
2,0,52
0,0,38
0,0,73
1,0,54
0,0,44
2,680,23
2,680,73
1,0,23
0,0,35
0,0,43
2,574,35
1,0,40
2,0,54
1,725,38
1,0,31
2,0,34
1,341,52
1,43,44
0,158,52
0,0,40
0,0,31
1,439,51
1,0,61
0,0,35
1,414,57
1,0,51
1,0,29
2,0,57
1,0,26
1,0,78
0,0,58
1,0,54
1,0,76
0,556,45
0,0,59
1,0,39
0,0,36
0,0,31
2,251,38
1,0,39
0,0,61
1,0,28
1,0,38
2,0,57
1,772,36
1,0,34
1,0,69
1,0,59
1,5931,87
0,5916,41
0,5916,76
1,5538,25
1,5174,42
1,5174,79
0,5092,26
0,5930,58
1,5474,57
0,5033,49
1,5753,38
1,5040,54
1,5544,42
1,5544,69
1,5724,23
1,5724,70
0,5689,31
0,5689,79
2,5428,44
0,5745,39
1,5499,37
1,5499,70
1,5347,45
1,5850,24
0,5902,22
0,5812,35
1,5140,22
1,5590,58
1,5590,69
1,5103,23
0,5306,42
0,5002,42
0,5002,76
1,5332,37
1,5332,71
1,5281,53
1,5646,34
1,5646,79
1,5764,42
0,5324,27
1,5105,26
1,5563,30
1,5321,61
1,5714,29
1,5187,49
0,5059,28
1,5512,23
1,5512,76
1,5239,55
1,5239,73
1,5084,42
1,5084,76
0,5310,46
0,5310,74
1,5794,87
1,5794,72
0,5773,54
1,5692,48
1,5692,73
1,5468,36
1,5395,26
1,5395,78
1,5302,55
1,5747,40
1,5747,71
0,5466,36
1,5029,54
1,5029,77
1,5797,38
1,5797,75
0,5167,24
1,5667,29
0,5787,30
0,5106,38
1,5387,59
1,5387,75
1,5795,48
1,5630,54
0,5871,52
0,5337,37
0,5701,27
0,5701,76
1,5782,23
1,5782,75
0,5240,87
0,5240,72
0,5446,36
1,5001,56
0,5270,52
0,5620,24
1,5895,51
1,5383,61
1,5476,34
0,5684,55
0,5251,35
1,5746,26
1,5746,71
1,5145,49
1,5840,23
1,5178,38
1,5449,42
1,5883,30
1,5883,76
0,5707,35
0,5707,76
1,5567,23
0,5363,53
0,5726,56
0,5064,33
1,5562,30
0,5356,27
1,5852,37
1,5852,26
1,5852,77
0,5028,42
0,5193,58
1,5374,47
0,5060,34
1,5361,87
1,5864,25
1,5864,79
1,5326,50
1,5294,23
1,5674,46
1,5547,26
1,5547,73
0,5359,32
0,5359,76
0,5499,23
1,5542,23
1,5906,37
1,5764,57
1,5764,78
0,5109,87
0,5109,72
1,5880,34
2,5454,56
1,5418,38
1,5071,38
1,5071,78
1,5575,48
1,5575,72
1,5225,40
0,5550,55
0,5550,75
0,5383,38
1,5524,56
1,5289,52
0,5516,41
1,5803,42
1,5758,58
1,5740,27
1,5350,28
1,5791,60
0,5554,29
1,5509,52
1,5641,48
0,5023,48
0,5165,55
1,5737,56
0,5158,24
0,5225,22
1,5563,27
1,5563,75
1,5781,45
0,5519,24
1,5597,53
1,5469,57
1,5472,34
1,5472,77
0,5689,53
0,5689,77
1,5452,50
1,5071,32
1,5605,43
1,5605,71
1,5671,39
1,5113,31
1,5223,39
1,5352,34
1,5352,77
1,5361,60
1,5216,24
1,5216,78
0,5387,38
1,5242,45
0,5850,25
0,5465,61
0,5644,34
0,5141,39
2,5453,44
1,5178,33
1,5178,75
0,5627,57
0,5627,70
0,5875,61
0,5875,74
1,5780,25
1,5328,43
1,5328,78
1,5662,87
1,5662,72
1,5662,72
0,5218,41
0,5746,25
0,5746,76
1,5635,59
0,5617,32
0,5878,25
0,5351,46
0,5945,52
0,5034,87
0,5034,72
1,5375,48
1,5375,78
1,5091,41
1,5545,43
1,5545,72
0,5355,29
0,5211,33
0,5010,44
0,5808,31
0,5808,77
1,5607,30
0,5226,47
1,5587,48
1,5587,73
0,5106,35
0,5343,50
0,5343,78
0,5566,39
1,5067,87
1,5013,25
2,5168,24
2,5168,75
1,5170,55
1,5170,79
1,5918,23
1,5432,43
1,5719,40
1,5331,36
1,5331,70
1,5895,61
1,5174,54
1,5174,74
0,5073,55
0,5073,70
0,5833,54
0,5212,51
1,5643,27
1,5643,79
1,5654,61
1,5654,78
0,5246,32
1,5913,28
1,5934,59
0,5045,30
0,5872,48
1,5896,22
2,5723,51
1,5190,52
1,5301,24
1,5450,24
0,5814,26
2,5097,25
1,5561,54
0,5378,34
0,5378,79
1,5600,57
0,5453,26
1,5618,34
1,5873,49
0,5872,57
0,5837,50
0,5837,77
1,5389,23
0,5921,42
0,5330,57
0,5330,71
1,5205,44
1,5591,57
1,5591,69
1,5823,39
1,5073,31
1,5785,35
1,5785,73
2,5763,34
0,5943,31
0,5898,60
0,5898,77
0,5084,26
0,5504,27
1,5906,28
1,5906,74
1,5882,60
1,5137,26
1,5274,31
0,5682,26
0,5429,37
0,5429,75
1,5776,55
1,5776,71
0,5604,33
1,5652,61
1,5409,36
1,5242,55
1,5023,34
1,5023,76
0,5671,47
1,5081,40
1,5081,74
0,5382,26
0,5769,26
0,5548,40
1,5786,22
0,5042,36
0,5042,76
1,5051,42
1,5656,41
1,5189,23
1,5714,55
1,5763,54
1,5142,57
0,5342,54
0,5342,71
0,5900,87
0,5780,28
1,5003,43
0,5787,43
0,5678,29
1,5200,24
1,5402,61
1,5867,39
1,5304,87
1,5304,79
1,5838,57
1,5732,55
1,5223,53
2,5390,50
0,5734,31
0,5734,71
1,5544,52
1,5544,79
2,5244,60
0,5819,58
0,5819,77
0,5500,38
0,5500,79
1,5502,51
0,5349,56
0,5015,61
0,5015,72
1,5288,27
0,5383,33
0,5554,58
0,5378,28
0,5378,77
1,5090,38
1,5187,56
1,5360,29
1,5888,58
1,5023,47
1,5063,34
0,5286,44
1,5346,41
1,5623,29
1,5747,36
1,5169,87
1,5169,72
1,5169,74
1,5731,34
1,5731,74
1,5800,48
1,5800,76
1,5231,46
0,5670,87
0,5670,72
1,5607,25
0,5052,28
0,5224,44
0,5224,75
1,5044,28
1,5044,69
1,5265,44
1,5265,75
0,5322,37
0,5322,78
1,5123,49
0,5817,57
0,5817,73
1,5163,54
1,5163,69
0,5515,35
0,5515,78
1,5671,50
1,5671,74
1,5624,31
0,5347,87
0,5783,59
2,5304,61
1,5429,44
0,5347,54
0,5347,77
1,5113,58
1,5113,77
1,5715,22
0,5508,39
1,5091,28
1,5091,73
1,5006,34
1,5006,75
1,5189,51
1,5676,44
1,5556,49
0,5381,61
0,5381,79
1,5764,39
1,5764,78
2,5252,23
2,5252,78
2,5856,40
2,5856,72
2,5514,61
0,5186,61
1,5337,53
1,5337,74
0,5065,27
1,5705,29
0,5735,39
0,5884,49
0,5678,22
1,5053,25
1,5053,76
0,5765,43
1,5276,42
1,5276,71
1,5849,23
0,5562,50
1,5337,61
0,5595,45
0,5595,74
1,5882,41
0,5487,44
0,5487,69
1,5449,25
1,5364,56
1,5364,74
1,5885,61
1,5667,54
1,5157,60
1,5157,57
1,5013,52
1,5256,48
1,5408,53
1,5258,52
1,5377,25
1,5468,40
1,5870,34
1,5267,22
1,5363,53
0,5904,45
0,5870,87
0,5361,25
0,5361,79
1,5410,38
1,5035,48
0,5925,40
0,0,87
1,8420,60
2,0,50
0,8308,22
0,0,24
1,0,31
1,0,75
0,0,61
0,0,23
1,8231,54
1,0,57
1,0,77
1,0,30
0,8249,42
1,0,26
2,0,60
2,8205,59
1,8159,57
1,8159,78
0,0,87
1,0,38
1,0,48
0,0,31
1,0,35
0,0,55
1,0,27
1,8101,49
1,0,53
0,0,24
1,0,37
0,0,50
0,0,77
1,0,48
0,8285,47
0,8285,76
1,0,31
1,0,31
1,0,69
0,8499,56
0,0,37
1,8403,56
0,8030,39
1,8302,37
1,8302,75
1,0,57
2,0,55
0,0,43
1,8042,23
1,8042,73
0,8301,58
0,8043,38
1,0,47
1,8384,43
0,0,29
1,8311,55
1,8311,69
0,8002,37
0,0,46
0,0,73
2,0,38
2,0,72
1,0,42
1,0,30
1,0,69
1,0,36
1,0,37
1,8463,52
0,0,40
0,0,35
1,0,27
1,0,69
0,8412,35
1,8245,45
0,0,29
2,0,34
1,0,40
0,0,44
0,0,35
1,0,41
0,8051,54
1,0,44
1,8319,49
1,8319,71
0,0,52
1,8457,26
2,8338,41
1,0,40
1,0,74
0,8072,29
1,0,31
1,0,76
0,0,51
1,0,44
0,8092,48
0,0,55
1,0,61
0,0,33
1,8333,43
2,8393,58
2,0,42
0,8023,50
0,0,28
1,8036,41
0,0,34
0,8288,51
0,8288,78
0,0,42
1,8216,53
1,0,41
1,0,44
2,8112,37
0,0,54
0,0,74
1,8097,87
2,0,22
0,8281,55
0,8281,78
2,8285,38
2,8029,33
1,0,25
1,0,70
1,0,22
1,8399,60
0,8333,53
1,0,45
1,0,50
1,0,69
1,8077,53
0,0,31
0,0,24
0,0,46
2,0,24
1,0,87
1,0,59
0,8481,39
0,0,41
1,0,28
2,8297,38
1,8043,27
1,0,29
1,0,74
0,0,26
0,8228,34
0,8228,78
2,0,41
0,0,52
0,0,26
0,0,73
1,0,53
2,0,47
0,8192,23
0,0,34
0,0,72
1,0,87
0,0,29
1,0,37
1,0,47
1,0,72
0,8322,30
0,8024,23
2,0,58
1,0,33
2,0,36
1,8120,60
1,8430,58
2,0,28
1,0,28
0,0,61
1,0,24
0,8336,50
0,0,61
1,0,34
1,0,27
1,0,54
1,0,43
1,8082,87
2,0,54
2,0,70
2,0,30
1,8359,50
1,0,23
2,8489,27
1,0,43
1,0,33
0,8379,34
0,8379,71
0,8167,54
0,8167,71
1,0,48
1,0,73
0,8441,29
1,0,41
1,0,22
1,0,53
0,8312,55
2,8309,29
1,0,37
1,0,50
1,0,42
2,8268,61
1,8280,39
1,0,51
0,8072,47
0,8072,69
1,0,38
0,0,37
1,0,22
1,0,40
0,8012,22
2,8048,34
0,0,32
0,8371,30
0,8272,46
0,8272,78
1,0,87
0,0,49
2,0,87
1,0,30
0,0,37
0,0,69
1,0,38
1,0,79
1,8239,59
1,0,57
2,0,53
2,0,77
1,0,40
0,0,55
1,0,24
1,0,60
1,8280,35
1,0,31
1,0,32
1,0,74
0,0,25
2,0,41
1,0,22
1,8305,26
1,8305,72
1,0,48
1,0,49
0,8460,42
0,0,44
1,0,39
1,8196,44
1,8344,36
0,8179,59
0,8179,77
1,8175,37
1,8175,72
0,0,52
0,0,37
0,0,73
1,8463,57
1,8401,22
0,0,51
0,0,69
1,0,52
0,8153,33
0,8348,87
1,8192,33
0,0,37
1,0,50
1,8410,57
1,8410,74
1,8174,48
0,0,34
1,0,54
1,0,75
1,0,28
1,8385,31
1,8385,74
1,0,42
0,8148,29
1,8039,55
2,8340,53
1,0,47
2,8052,44
1,0,87
1,0,37
1,0,27
1,0,39
1,0,47
0,0,46
2,0,42
0,0,40
0,0,73
1,0,25
0,0,27
0,0,55
2,8387,51
1,8439,60
1,0,26
1,8311,55
0,8201,32
1,8419,46
1,0,61
1,0,70
1,0,39
1,0,59
1,0,28
1,0,87
0,0,43
1,8009,53
1,0,42
0,0,33
0,0,40
1,8429,29
1,8366,53
1,8220,27
1,8220,79
2,8195,32
1,0,53
1,0,56
1,0,37
1,0,70
1,8058,55
1,0,41
1,0,34
0,8002,47
1,8283,32
0,0,61
1,0,51
2,8128,56
2,0,46
2,0,74
1,0,23
0,0,60
2,0,41
0,0,37
2,8041,46
0,0,49
1,0,60
1,0,52
1,0,26
1,8376,43
1,0,55
1,8365,31
1,8318,38
0,0,40
1,8340,46
2,0,39
0,0,54
1,0,31
1,0,77
1,8088,56
2,8440,22
2,8440,77
1,0,46
1,0,34
1,0,78
1,0,38
1,8101,57
2,8496,48
1,8260,37
1,8260,72
1,0,60
1,0,74
2,0,39
2,0,31
1,0,50
0,0,54
1,0,46
1,0,79
0,0,52
0,0,24
2,0,46
1,0,27
2,8486,47
1,8176,23
0,8121,33
0,8155,45
1,0,26
1,0,30
1,0,53
0,0,49
0,0,51
1,0,27
1,0,72
2,0,54
2,0,77
1,0,56
0,0,27
0,0,60
0,8161,38
1,8262,25
1,8185,25
1,0,35
1,8092,26
1,0,44
1,8469,41
0,0,45
1,8450,29
1,8450,78
1,0,29
1,0,22
1,0,47
1,0,30
2,0,55
0,0,27
0,8470,41
1,0,43
1,8107,87
0,8431,87
1,0,38
0,0,49
0,8026,41
2,0,41
2,0,74
1,0,37
1,0,71
2,0,47
1,8401,87
1,0,30
1,8412,25
0,0,31
1,8030,44
1,8030,75
